site_id,lat,lon,source,ipcc_class,lccs_class,smod_class,split,koppen_code,koppen_desc,koppen_value,koppen_group,continent,lat_band
ASMSpotter-1-1-1,4.975886,-55.267849,ASMSpotter,Forest,"Tree cover, broadleaved, evergreen, closed to open (>15%)",Rural: Very Low Dens,train,Af,"Tropical, rainforest",1,Tropical,South America,"[-10, 10)"
ASMSpotter-1-1-2,4.990184,-55.267849,ASMSpotter,Forest,"Tree cover, broadleaved, evergreen, closed to open (>15%)",Rural: Very Low Dens,train,Af,"Tropical, rainforest",1,Tropical,South America,"[-10, 10)"
ASMSpotter-1-1-3,5.004482,-55.267849,ASMSpotter,Forest,"Tree cover, broadleaved, evergreen, closed to open (>15%)",Rural: Very Low Dens,train,Af,"Tropical, rainforest",1,Tropical,South America,"[-10, 10)"
ASMSpotter-1-2-1,4.975886,-55.253592,ASMSpotter,Forest,"Tree cover, broadleaved, evergreen, closed to open (>15%)",Rural: Very Low Dens,val,Af,"Tropical, rainforest",1,Tropical,South America,"[-10, 10)"
ASMSpotter-1-2-2,4.990184,-55.253592,ASMSpotter,Forest,"Tree cover, broadleaved, evergreen, closed to open (>15%)",Rural: Very Low Dens,train,Af,"Tropical, rainforest",1,Tropical,South America,"[-10, 10)"
ASMSpotter-1-2-3,5.004482,-55.253592,ASMSpotter,Forest,"Tree cover, broadleaved, evergreen, closed to open (>15%)",Rural: Very Low Dens,train,Af,"Tropical, rainforest",1,Tropical,South America,"[-10, 10)"
ASMSpotter-1-3-1,4.975886,-55.239334,ASMSpotter,Forest,"Tree cover, broadleaved, evergreen, closed to open (>15%)",Rural: Very Low Dens,train,Af,"Tropical, rainforest",1,Tropical,South America,"[-10, 10)"
ASMSpotter-1-3-2,4.990184,-55.239334,ASMSpotter,Forest,"Tree cover, broadleaved, evergreen, closed to open (>15%)",Rural: Very Low Dens,train,Af,"Tropical, rainforest",1,Tropical,South America,"[-10, 10)"
ASMSpotter-1-3-3,5.004482,-55.239334,ASMSpotter,Forest,"Tree cover, broadleaved, evergreen, closed to open (>15%)",Rural: Very Low Dens,train,Af,"Tropical, rainforest",1,Tropical,South America,"[-10, 10)"
ASMSpotter-10-1-1,5.121635,-54.614959,ASMSpotter,Forest,"Tree cover, broadleaved, evergreen, closed to open (>15%)",Rural: Very Low Dens,train,Af,"Tropical, rainforest",1,Tropical,South America,"[-10, 10)"
ASMSpotter-10-1-2,5.135933,-54.614959,ASMSpotter,Forest,"Tree cover, broadleaved, evergreen, closed to open (>15%)",Rural: Very Low Dens,train,Af,"Tropical, rainforest",1,Tropical,South America,"[-10, 10)"
ASMSpotter-10-1-3,5.150231,-54.614959,ASMSpotter,Forest,"Tree cover, broadleaved, evergreen, closed to open (>15%)",Rural: Very Low Dens,train,Af,"Tropical, rainforest",1,Tropical,South America,"[-10, 10)"
ASMSpotter-10-2-1,5.121635,-54.600699,ASMSpotter,Forest,"Tree cover, broadleaved, evergreen, closed to open (>15%)",Rural: Very Low Dens,test,Af,"Tropical, rainforest",1,Tropical,South America,"[-10, 10)"
ASMSpotter-10-2-2,5.135933,-54.600699,ASMSpotter,Forest,"Tree cover, broadleaved, evergreen, closed to open (>15%)",Rural: Very Low Dens,val,Af,"Tropical, rainforest",1,Tropical,South America,"[-10, 10)"
ASMSpotter-10-2-3,5.150231,-54.600699,ASMSpotter,Forest,"Tree cover, broadleaved, evergreen, closed to open (>15%)",Rural: Very Low Dens,train,Af,"Tropical, rainforest",1,Tropical,South America,"[-10, 10)"
ASMSpotter-10-3-1,5.121635,-54.586438,ASMSpotter,Forest,"Tree cover, broadleaved, evergreen, closed to open (>15%)",Rural: Very Low Dens,train,Af,"Tropical, rainforest",1,Tropical,South America,"[-10, 10)"
ASMSpotter-10-3-2,5.135933,-54.586438,ASMSpotter,Forest,"Tree cover, broadleaved, evergreen, closed to open (>15%)",Rural: Very Low Dens,train,Af,"Tropical, rainforest",1,Tropical,South America,"[-10, 10)"
ASMSpotter-10-3-3,5.150231,-54.586438,ASMSpotter,Forest,"Tree cover, broadleaved, evergreen, closed to open (>15%)",Rural: Very Low Dens,train,Af,"Tropical, rainforest",1,Tropical,South America,"[-10, 10)"
ASMSpotter-11-1-1,4.854072,-54.667933,ASMSpotter,Forest,"Tree cover, broadleaved, evergreen, closed to open (>15%)",Rural: Very Low Dens,train,Af,"Tropical, rainforest",1,Tropical,South America,"[-10, 10)"
ASMSpotter-11-1-2,4.86837,-54.667933,ASMSpotter,Forest,"Tree cover, broadleaved, evergreen, closed to open (>15%)",Rural: Very Low Dens,train,Af,"Tropical, rainforest",1,Tropical,South America,"[-10, 10)"
ASMSpotter-11-1-3,4.882669,-54.667933,ASMSpotter,Forest,"Tree cover, broadleaved, evergreen, closed to open (>15%)",Rural: Very Low Dens,train,Af,"Tropical, rainforest",1,Tropical,South America,"[-10, 10)"
ASMSpotter-11-2-1,4.854072,-54.653678,ASMSpotter,Forest,"Tree cover, broadleaved, evergreen, closed to open (>15%)",Rural: Very Low Dens,val,Af,"Tropical, rainforest",1,Tropical,South America,"[-10, 10)"
ASMSpotter-11-2-2,4.86837,-54.653678,ASMSpotter,Forest,"Tree cover, broadleaved, evergreen, closed to open (>15%)",Rural: Very Low Dens,train,Af,"Tropical, rainforest",1,Tropical,South America,"[-10, 10)"
ASMSpotter-11-2-3,4.882669,-54.653678,ASMSpotter,Forest,"Tree cover, broadleaved, evergreen, closed to open (>15%)",Rural: Very Low Dens,val,Af,"Tropical, rainforest",1,Tropical,South America,"[-10, 10)"
ASMSpotter-11-3-1,4.854072,-54.639423,ASMSpotter,Forest,"Tree cover, broadleaved, evergreen, closed to open (>15%)",Rural: Very Low Dens,train,Af,"Tropical, rainforest",1,Tropical,South America,"[-10, 10)"
ASMSpotter-11-3-2,4.86837,-54.639423,ASMSpotter,Forest,"Tree cover, broadleaved, evergreen, closed to open (>15%)",Rural: Very Low Dens,train,Af,"Tropical, rainforest",1,Tropical,South America,"[-10, 10)"
ASMSpotter-11-3-3,4.882669,-54.639423,ASMSpotter,Forest,"Tree cover, broadleaved, evergreen, closed to open (>15%)",Rural: Very Low Dens,train,Af,"Tropical, rainforest",1,Tropical,South America,"[-10, 10)"
ASMSpotter-12-1-1,4.853773,-54.694841,ASMSpotter,Forest,"Tree cover, broadleaved, evergreen, closed to open (>15%)",Rural: Very Low Dens,train,Af,"Tropical, rainforest",1,Tropical,South America,"[-10, 10)"
ASMSpotter-12-1-2,4.868071,-54.694841,ASMSpotter,Forest,"Tree cover, broadleaved, evergreen, closed to open (>15%)",Rural: Very Low Dens,train,Af,"Tropical, rainforest",1,Tropical,South America,"[-10, 10)"
ASMSpotter-12-1-3,4.882369,-54.694841,ASMSpotter,Forest,"Tree cover, broadleaved, evergreen, closed to open (>15%)",Rural: Very Low Dens,train,Af,"Tropical, rainforest",1,Tropical,South America,"[-10, 10)"
ASMSpotter-12-2-1,4.853773,-54.680586,ASMSpotter,Forest,"Tree cover, broadleaved, evergreen, closed to open (>15%)",Rural: Very Low Dens,train,Af,"Tropical, rainforest",1,Tropical,South America,"[-10, 10)"
ASMSpotter-12-2-2,4.868071,-54.680586,ASMSpotter,Forest,"Tree cover, broadleaved, evergreen, closed to open (>15%)",Rural: Very Low Dens,train,Af,"Tropical, rainforest",1,Tropical,South America,"[-10, 10)"
ASMSpotter-12-2-3,4.882369,-54.680586,ASMSpotter,Forest,"Tree cover, broadleaved, evergreen, closed to open (>15%)",Rural: Very Low Dens,val,Af,"Tropical, rainforest",1,Tropical,South America,"[-10, 10)"
ASMSpotter-12-3-1,4.853773,-54.666331,ASMSpotter,Forest,"Tree cover, broadleaved, evergreen, closed to open (>15%)",Rural: Very Low Dens,val,Af,"Tropical, rainforest",1,Tropical,South America,"[-10, 10)"
ASMSpotter-12-3-2,4.868071,-54.666331,ASMSpotter,Forest,"Tree cover, broadleaved, evergreen, closed to open (>15%)",Rural: Very Low Dens,train,Af,"Tropical, rainforest",1,Tropical,South America,"[-10, 10)"
ASMSpotter-12-3-3,4.882369,-54.666331,ASMSpotter,Forest,"Tree cover, broadleaved, evergreen, closed to open (>15%)",Rural: Very Low Dens,test,Af,"Tropical, rainforest",1,Tropical,South America,"[-10, 10)"
ASMSpotter-13-1-1,4.868055,-54.668319,ASMSpotter,Forest,"Tree cover, broadleaved, evergreen, closed to open (>15%)",Rural: Very Low Dens,val,Af,"Tropical, rainforest",1,Tropical,South America,"[-10, 10)"
ASMSpotter-13-1-2,4.882353,-54.668319,ASMSpotter,Forest,"Tree cover, broadleaved, evergreen, closed to open (>15%)",Rural: Very Low Dens,test,Af,"Tropical, rainforest",1,Tropical,South America,"[-10, 10)"
ASMSpotter-13-1-3,4.896651,-54.668319,ASMSpotter,Forest,"Tree cover, broadleaved, evergreen, closed to open (>15%)",Rural: Very Low Dens,train,Af,"Tropical, rainforest",1,Tropical,South America,"[-10, 10)"
ASMSpotter-13-2-1,4.868055,-54.654064,ASMSpotter,Forest,"Tree cover, broadleaved, evergreen, closed to open (>15%)",Rural: Very Low Dens,train,Af,"Tropical, rainforest",1,Tropical,South America,"[-10, 10)"
ASMSpotter-13-2-2,4.882353,-54.654064,ASMSpotter,Forest,"Tree cover, broadleaved, evergreen, closed to open (>15%)",Rural: Very Low Dens,train,Af,"Tropical, rainforest",1,Tropical,South America,"[-10, 10)"
ASMSpotter-13-2-3,4.896651,-54.654064,ASMSpotter,Forest,"Tree cover, broadleaved, evergreen, closed to open (>15%)",Rural: Very Low Dens,val,Af,"Tropical, rainforest",1,Tropical,South America,"[-10, 10)"
ASMSpotter-13-3-1,4.868055,-54.639809,ASMSpotter,Forest,"Tree cover, broadleaved, evergreen, closed to open (>15%)",Rural: Very Low Dens,train,Af,"Tropical, rainforest",1,Tropical,South America,"[-10, 10)"
ASMSpotter-13-3-2,4.882353,-54.639809,ASMSpotter,Forest,"Tree cover, broadleaved, evergreen, closed to open (>15%)",Rural: Very Low Dens,train,Af,"Tropical, rainforest",1,Tropical,South America,"[-10, 10)"
ASMSpotter-13-3-3,4.896651,-54.639809,ASMSpotter,Forest,"Tree cover, broadleaved, evergreen, closed to open (>15%)",Rural: Very Low Dens,train,Af,"Tropical, rainforest",1,Tropical,South America,"[-10, 10)"
ASMSpotter-14-1-1,4.918552,-54.633902,ASMSpotter,Forest,"Tree cover, broadleaved, evergreen, closed to open (>15%)",Rural: Very Low Dens,test,Af,"Tropical, rainforest",1,Tropical,South America,"[-10, 10)"
ASMSpotter-14-1-2,4.93285,-54.633902,ASMSpotter,Forest,"Tree cover, broadleaved, evergreen, closed to open (>15%)",Rural: Very Low Dens,test,Af,"Tropical, rainforest",1,Tropical,South America,"[-10, 10)"
ASMSpotter-14-1-3,4.947148,-54.633902,ASMSpotter,Forest,"Tree cover, broadleaved, evergreen, closed to open (>15%)",Rural: Very Low Dens,test,Af,"Tropical, rainforest",1,Tropical,South America,"[-10, 10)"
ASMSpotter-14-2-1,4.918552,-54.619646,ASMSpotter,Forest,"Tree cover, broadleaved, evergreen, closed to open (>15%)",Rural: Very Low Dens,train,Af,"Tropical, rainforest",1,Tropical,South America,"[-10, 10)"
ASMSpotter-14-2-2,4.93285,-54.619646,ASMSpotter,Forest,"Tree cover, broadleaved, evergreen, closed to open (>15%)",Rural: Very Low Dens,train,Af,"Tropical, rainforest",1,Tropical,South America,"[-10, 10)"
ASMSpotter-14-2-3,4.947148,-54.619646,ASMSpotter,Forest,"Tree cover, broadleaved, evergreen, closed to open (>15%)",Rural: Very Low Dens,test,Af,"Tropical, rainforest",1,Tropical,South America,"[-10, 10)"
ASMSpotter-14-3-1,4.918552,-54.60539,ASMSpotter,Forest,"Tree cover, broadleaved, evergreen, closed to open (>15%)",Rural: Very Low Dens,train,Af,"Tropical, rainforest",1,Tropical,South America,"[-10, 10)"
ASMSpotter-14-3-2,4.93285,-54.60539,ASMSpotter,Forest,"Tree cover, broadleaved, evergreen, closed to open (>15%)",Rural: Very Low Dens,train,Af,"Tropical, rainforest",1,Tropical,South America,"[-10, 10)"
ASMSpotter-14-3-3,4.947148,-54.60539,ASMSpotter,Forest,"Tree cover, broadleaved, evergreen, closed to open (>15%)",Rural: Very Low Dens,train,Af,"Tropical, rainforest",1,Tropical,South America,"[-10, 10)"
ASMSpotter-15-1-1,4.936509,-54.666947,ASMSpotter,Forest,"Tree cover, broadleaved, evergreen, closed to open (>15%)",Rural: Very Low Dens,train,Af,"Tropical, rainforest",1,Tropical,South America,"[-10, 10)"
ASMSpotter-15-1-2,4.950807,-54.666947,ASMSpotter,Forest,"Tree cover, broadleaved, evergreen, closed to open (>15%)",Rural: Very Low Dens,train,Af,"Tropical, rainforest",1,Tropical,South America,"[-10, 10)"
ASMSpotter-15-1-3,4.965106,-54.666947,ASMSpotter,Forest,"Tree cover, broadleaved, evergreen, closed to open (>15%)",Rural: Very Low Dens,train,Af,"Tropical, rainforest",1,Tropical,South America,"[-10, 10)"
ASMSpotter-15-2-1,4.936509,-54.652691,ASMSpotter,Forest,"Tree cover, broadleaved, evergreen, closed to open (>15%)",Rural: Very Low Dens,train,Af,"Tropical, rainforest",1,Tropical,South America,"[-10, 10)"
ASMSpotter-15-2-2,4.950807,-54.652691,ASMSpotter,Forest,"Tree cover, broadleaved, evergreen, closed to open (>15%)",Rural: Very Low Dens,test,Af,"Tropical, rainforest",1,Tropical,South America,"[-10, 10)"
ASMSpotter-15-2-3,4.965106,-54.652691,ASMSpotter,Forest,"Tree cover, broadleaved, evergreen, closed to open (>15%)",Rural: Very Low Dens,train,Af,"Tropical, rainforest",1,Tropical,South America,"[-10, 10)"
ASMSpotter-15-3-1,4.936509,-54.638434,ASMSpotter,Forest,"Tree cover, broadleaved, evergreen, closed to open (>15%)",Rural: Very Low Dens,train,Af,"Tropical, rainforest",1,Tropical,South America,"[-10, 10)"
ASMSpotter-15-3-2,4.950807,-54.638434,ASMSpotter,Forest,"Tree cover, broadleaved, evergreen, closed to open (>15%)",Rural: Very Low Dens,train,Af,"Tropical, rainforest",1,Tropical,South America,"[-10, 10)"
ASMSpotter-15-3-3,4.965106,-54.638434,ASMSpotter,Forest,"Tree cover, broadleaved, evergreen, closed to open (>15%)",Rural: Very Low Dens,train,Af,"Tropical, rainforest",1,Tropical,South America,"[-10, 10)"
ASMSpotter-16-1-1,4.914704,-54.662484,ASMSpotter,Forest,"Tree cover, broadleaved, evergreen, closed to open (>15%)",Rural: Very Low Dens,train,Af,"Tropical, rainforest",1,Tropical,South America,"[-10, 10)"
ASMSpotter-16-1-2,4.929002,-54.662484,ASMSpotter,Forest,"Tree cover, broadleaved, evergreen, closed to open (>15%)",Rural: Very Low Dens,train,Af,"Tropical, rainforest",1,Tropical,South America,"[-10, 10)"
ASMSpotter-16-1-3,4.9433,-54.662484,ASMSpotter,Forest,"Tree cover, broadleaved, evergreen, closed to open (>15%)",Rural: Very Low Dens,val,Af,"Tropical, rainforest",1,Tropical,South America,"[-10, 10)"
ASMSpotter-16-2-1,4.914704,-54.648228,ASMSpotter,Forest,"Tree cover, broadleaved, evergreen, closed to open (>15%)",Rural: Very Low Dens,train,Af,"Tropical, rainforest",1,Tropical,South America,"[-10, 10)"
ASMSpotter-16-2-2,4.929002,-54.648228,ASMSpotter,Forest,"Tree cover, broadleaved, evergreen, closed to open (>15%)",Rural: Very Low Dens,train,Af,"Tropical, rainforest",1,Tropical,South America,"[-10, 10)"
ASMSpotter-16-2-3,4.9433,-54.648228,ASMSpotter,Forest,"Tree cover, broadleaved, evergreen, closed to open (>15%)",Rural: Very Low Dens,train,Af,"Tropical, rainforest",1,Tropical,South America,"[-10, 10)"
ASMSpotter-16-3-1,4.914704,-54.633972,ASMSpotter,Forest,"Tree cover, broadleaved, evergreen, closed to open (>15%)",Rural: Very Low Dens,train,Af,"Tropical, rainforest",1,Tropical,South America,"[-10, 10)"
ASMSpotter-16-3-2,4.929002,-54.633972,ASMSpotter,Forest,"Tree cover, broadleaved, evergreen, closed to open (>15%)",Rural: Very Low Dens,test,Af,"Tropical, rainforest",1,Tropical,South America,"[-10, 10)"
ASMSpotter-16-3-3,4.9433,-54.633972,ASMSpotter,Forest,"Tree cover, broadleaved, evergreen, closed to open (>15%)",Rural: Very Low Dens,train,Af,"Tropical, rainforest",1,Tropical,South America,"[-10, 10)"
ASMSpotter-17-1-1,4.895164,-54.652988,ASMSpotter,Forest,"Tree cover, broadleaved, evergreen, closed to open (>15%)",Rural: Very Low Dens,train,Af,"Tropical, rainforest",1,Tropical,South America,"[-10, 10)"
ASMSpotter-17-1-2,4.909462,-54.652988,ASMSpotter,Forest,"Tree cover, broadleaved, evergreen, closed to open (>15%)",Rural: Very Low Dens,val,Af,"Tropical, rainforest",1,Tropical,South America,"[-10, 10)"
ASMSpotter-17-1-3,4.92376,-54.652988,ASMSpotter,Forest,"Tree cover, broadleaved, evergreen, closed to open (>15%)",Rural: Very Low Dens,train,Af,"Tropical, rainforest",1,Tropical,South America,"[-10, 10)"
ASMSpotter-17-2-1,4.895164,-54.638733,ASMSpotter,Forest,"Tree cover, broadleaved, evergreen, closed to open (>15%)",Rural: Very Low Dens,train,Af,"Tropical, rainforest",1,Tropical,South America,"[-10, 10)"
ASMSpotter-17-2-2,4.909462,-54.638733,ASMSpotter,Forest,"Tree cover, broadleaved, evergreen, closed to open (>15%)",Rural: Very Low Dens,train,Af,"Tropical, rainforest",1,Tropical,South America,"[-10, 10)"
ASMSpotter-17-2-3,4.92376,-54.638733,ASMSpotter,Forest,"Tree cover, broadleaved, evergreen, closed to open (>15%)",Rural: Very Low Dens,train,Af,"Tropical, rainforest",1,Tropical,South America,"[-10, 10)"
ASMSpotter-17-3-1,4.895164,-54.624477,ASMSpotter,Forest,"Tree cover, broadleaved, evergreen, closed to open (>15%)",Rural: Very Low Dens,train,Af,"Tropical, rainforest",1,Tropical,South America,"[-10, 10)"
ASMSpotter-17-3-2,4.909462,-54.624477,ASMSpotter,Forest,"Tree cover, broadleaved, evergreen, closed to open (>15%)",Rural: Very Low Dens,train,Af,"Tropical, rainforest",1,Tropical,South America,"[-10, 10)"
ASMSpotter-17-3-3,4.92376,-54.624477,ASMSpotter,Forest,"Tree cover, broadleaved, evergreen, closed to open (>15%)",Rural: Very Low Dens,train,Af,"Tropical, rainforest",1,Tropical,South America,"[-10, 10)"
ASMSpotter-18-1-1,4.832178,-54.566352,ASMSpotter,Forest,"Tree cover, broadleaved, evergreen, closed to open (>15%)",Rural: Very Low Dens,train,Af,"Tropical, rainforest",1,Tropical,South America,"[-10, 10)"
ASMSpotter-18-1-2,4.846477,-54.566352,ASMSpotter,Forest,"Tree cover, broadleaved, evergreen, closed to open (>15%)",Rural: Very Low Dens,train,Af,"Tropical, rainforest",1,Tropical,South America,"[-10, 10)"
ASMSpotter-18-1-3,4.860775,-54.566352,ASMSpotter,Forest,"Tree cover, broadleaved, evergreen, closed to open (>15%)",Rural: Very Low Dens,train,Af,"Tropical, rainforest",1,Tropical,South America,"[-10, 10)"
ASMSpotter-18-2-1,4.832178,-54.552097,ASMSpotter,Forest,"Tree cover, broadleaved, evergreen, closed to open (>15%)",Rural: Very Low Dens,train,Af,"Tropical, rainforest",1,Tropical,South America,"[-10, 10)"
ASMSpotter-18-2-2,4.846477,-54.552097,ASMSpotter,Forest,"Tree cover, broadleaved, evergreen, closed to open (>15%)",Rural: Very Low Dens,train,Af,"Tropical, rainforest",1,Tropical,South America,"[-10, 10)"
ASMSpotter-18-2-3,4.860775,-54.552097,ASMSpotter,Forest,"Tree cover, broadleaved, evergreen, closed to open (>15%)",Rural: Very Low Dens,train,Af,"Tropical, rainforest",1,Tropical,South America,"[-10, 10)"
ASMSpotter-18-3-1,4.832178,-54.537843,ASMSpotter,Forest,"Tree cover, broadleaved, evergreen, closed to open (>15%)",Rural: Very Low Dens,train,Af,"Tropical, rainforest",1,Tropical,South America,"[-10, 10)"
ASMSpotter-18-3-2,4.846477,-54.537843,ASMSpotter,Forest,"Tree cover, broadleaved, evergreen, closed to open (>15%)",Rural: Very Low Dens,train,Af,"Tropical, rainforest",1,Tropical,South America,"[-10, 10)"
ASMSpotter-18-3-3,4.860775,-54.537843,ASMSpotter,Forest,"Tree cover, broadleaved, evergreen, closed to open (>15%)",Rural: Very Low Dens,train,Af,"Tropical, rainforest",1,Tropical,South America,"[-10, 10)"
ASMSpotter-19-1-1,4.853516,-54.520433,ASMSpotter,Forest,"Tree cover, broadleaved, evergreen, closed to open (>15%)",Rural: Very Low Dens,train,Af,"Tropical, rainforest",1,Tropical,South America,"[-10, 10)"
ASMSpotter-19-1-2,4.867814,-54.520433,ASMSpotter,Forest,"Tree cover, broadleaved, evergreen, closed to open (>15%)",Rural: Very Low Dens,train,Af,"Tropical, rainforest",1,Tropical,South America,"[-10, 10)"
ASMSpotter-19-1-3,4.882113,-54.520433,ASMSpotter,Forest,"Tree cover, broadleaved, evergreen, closed to open (>15%)",Rural: Very Low Dens,train,Af,"Tropical, rainforest",1,Tropical,South America,"[-10, 10)"
ASMSpotter-19-2-1,4.853516,-54.506178,ASMSpotter,Forest,"Tree cover, broadleaved, evergreen, closed to open (>15%)",Rural: Very Low Dens,test,Af,"Tropical, rainforest",1,Tropical,South America,"[-10, 10)"
ASMSpotter-19-2-2,4.867814,-54.506178,ASMSpotter,Forest,"Tree cover, broadleaved, evergreen, closed to open (>15%)",Rural: Very Low Dens,train,Af,"Tropical, rainforest",1,Tropical,South America,"[-10, 10)"
ASMSpotter-19-2-3,4.882113,-54.506178,ASMSpotter,Forest,"Tree cover, broadleaved, evergreen, closed to open (>15%)",Rural: Very Low Dens,train,Af,"Tropical, rainforest",1,Tropical,South America,"[-10, 10)"
ASMSpotter-19-3-1,4.853516,-54.491923,ASMSpotter,Forest,"Tree cover, broadleaved, evergreen, closed to open (>15%)",Rural: Very Low Dens,train,Af,"Tropical, rainforest",1,Tropical,South America,"[-10, 10)"
ASMSpotter-19-3-2,4.867814,-54.491923,ASMSpotter,Forest,"Tree cover, broadleaved, evergreen, closed to open (>15%)",Rural: Very Low Dens,test,Af,"Tropical, rainforest",1,Tropical,South America,"[-10, 10)"
ASMSpotter-19-3-3,4.882113,-54.491923,ASMSpotter,Forest,"Tree cover, broadleaved, evergreen, closed to open (>15%)",Rural: Very Low Dens,train,Af,"Tropical, rainforest",1,Tropical,South America,"[-10, 10)"
ASMSpotter-2-1-1,4.926376,-55.492853,ASMSpotter,Forest,"Tree cover, broadleaved, evergreen, closed to open (>15%)",Rural: Very Low Dens,train,Af,"Tropical, rainforest",1,Tropical,South America,"[-10, 10)"
ASMSpotter-2-1-2,4.940674,-55.492853,ASMSpotter,Forest,"Tree cover, broadleaved, evergreen, closed to open (>15%)",Rural: Very Low Dens,test,Af,"Tropical, rainforest",1,Tropical,South America,"[-10, 10)"
ASMSpotter-2-1-3,4.954973,-55.492853,ASMSpotter,Forest,"Tree cover, broadleaved, evergreen, closed to open (>15%)",Rural: Very Low Dens,train,Af,"Tropical, rainforest",1,Tropical,South America,"[-10, 10)"
ASMSpotter-2-2-1,4.926376,-55.478597,ASMSpotter,Forest,"Tree cover, broadleaved, evergreen, closed to open (>15%)",Rural: Very Low Dens,train,Af,"Tropical, rainforest",1,Tropical,South America,"[-10, 10)"
ASMSpotter-2-2-2,4.940674,-55.478597,ASMSpotter,Forest,"Tree cover, broadleaved, evergreen, closed to open (>15%)",Rural: Very Low Dens,train,Af,"Tropical, rainforest",1,Tropical,South America,"[-10, 10)"
ASMSpotter-2-2-3,4.954973,-55.478597,ASMSpotter,Forest,"Tree cover, broadleaved, evergreen, closed to open (>15%)",Rural: Very Low Dens,val,Af,"Tropical, rainforest",1,Tropical,South America,"[-10, 10)"
ASMSpotter-2-3-1,4.926376,-55.46434,ASMSpotter,Forest,"Tree cover, broadleaved, evergreen, closed to open (>15%)",Rural: Very Low Dens,train,Af,"Tropical, rainforest",1,Tropical,South America,"[-10, 10)"
ASMSpotter-2-3-2,4.940674,-55.46434,ASMSpotter,Forest,"Tree cover, broadleaved, evergreen, closed to open (>15%)",Rural: Very Low Dens,train,Af,"Tropical, rainforest",1,Tropical,South America,"[-10, 10)"
ASMSpotter-2-3-3,4.954973,-55.46434,ASMSpotter,Forest,"Tree cover, broadleaved, evergreen, closed to open (>15%)",Rural: Very Low Dens,train,Af,"Tropical, rainforest",1,Tropical,South America,"[-10, 10)"
ASMSpotter-20-1-1,5.01107,-54.483014,ASMSpotter,Forest,"Tree cover, broadleaved, evergreen, closed to open (>15%)",Rural: Very Low Dens,train,Af,"Tropical, rainforest",1,Tropical,South America,"[-10, 10)"
ASMSpotter-20-1-2,5.025368,-54.483014,ASMSpotter,Forest,"Tree cover, broadleaved, evergreen, closed to open (>15%)",Rural: Very Low Dens,test,Af,"Tropical, rainforest",1,Tropical,South America,"[-10, 10)"
ASMSpotter-20-1-3,5.039667,-54.483014,ASMSpotter,Forest,"Tree cover, broadleaved, evergreen, closed to open (>15%)",Rural: Very Low Dens,train,Af,"Tropical, rainforest",1,Tropical,South America,"[-10, 10)"
ASMSpotter-20-2-1,5.01107,-54.468756,ASMSpotter,Forest,"Tree cover, broadleaved, evergreen, closed to open (>15%)",Rural: Very Low Dens,test,Af,"Tropical, rainforest",1,Tropical,South America,"[-10, 10)"
ASMSpotter-20-2-2,5.025368,-54.468756,ASMSpotter,Forest,"Tree cover, broadleaved, evergreen, closed to open (>15%)",Rural: Very Low Dens,train,Af,"Tropical, rainforest",1,Tropical,South America,"[-10, 10)"
ASMSpotter-20-2-3,5.039667,-54.468756,ASMSpotter,Forest,"Tree cover, broadleaved, evergreen, closed to open (>15%)",Rural: Very Low Dens,train,Af,"Tropical, rainforest",1,Tropical,South America,"[-10, 10)"
ASMSpotter-20-3-1,5.01107,-54.454498,ASMSpotter,Forest,"Tree cover, broadleaved, evergreen, closed to open (>15%)",Rural: Very Low Dens,test,Af,"Tropical, rainforest",1,Tropical,South America,"[-10, 10)"
ASMSpotter-20-3-2,5.025368,-54.454498,ASMSpotter,Forest,"Tree cover, broadleaved, evergreen, closed to open (>15%)",Rural: Very Low Dens,train,Af,"Tropical, rainforest",1,Tropical,South America,"[-10, 10)"
ASMSpotter-20-3-3,5.039667,-54.454498,ASMSpotter,Forest,"Tree cover, broadleaved, evergreen, closed to open (>15%)",Rural: Very Low Dens,train,Af,"Tropical, rainforest",1,Tropical,South America,"[-10, 10)"
ASMSpotter-21-1-1,5.01868,-54.521809,ASMSpotter,Forest,"Tree cover, broadleaved, evergreen, closed to open (>15%)",Rural: Very Low Dens,test,Af,"Tropical, rainforest",1,Tropical,South America,"[-10, 10)"
ASMSpotter-21-1-2,5.032978,-54.521809,ASMSpotter,Forest,"Tree cover, broadleaved, evergreen, closed to open (>15%)",Rural: Very Low Dens,train,Af,"Tropical, rainforest",1,Tropical,South America,"[-10, 10)"
ASMSpotter-21-1-3,5.047276,-54.521809,ASMSpotter,Forest,"Tree cover, broadleaved, evergreen, closed to open (>15%)",Rural: Very Low Dens,train,Af,"Tropical, rainforest",1,Tropical,South America,"[-10, 10)"
ASMSpotter-21-2-1,5.01868,-54.507551,ASMSpotter,Forest,"Tree cover, broadleaved, evergreen, closed to open (>15%)",Rural: Very Low Dens,val,Af,"Tropical, rainforest",1,Tropical,South America,"[-10, 10)"
ASMSpotter-21-2-2,5.032978,-54.507551,ASMSpotter,Forest,"Tree cover, broadleaved, evergreen, closed to open (>15%)",Rural: Very Low Dens,train,Af,"Tropical, rainforest",1,Tropical,South America,"[-10, 10)"
ASMSpotter-21-2-3,5.047276,-54.507551,ASMSpotter,Forest,"Tree cover, broadleaved, evergreen, closed to open (>15%)",Rural: Very Low Dens,val,Af,"Tropical, rainforest",1,Tropical,South America,"[-10, 10)"
ASMSpotter-21-3-1,5.01868,-54.493293,ASMSpotter,Forest,"Tree cover, broadleaved, evergreen, closed to open (>15%)",Rural: Very Low Dens,train,Af,"Tropical, rainforest",1,Tropical,South America,"[-10, 10)"
ASMSpotter-21-3-2,5.032978,-54.493293,ASMSpotter,Forest,"Tree cover, broadleaved, evergreen, closed to open (>15%)",Rural: Very Low Dens,train,Af,"Tropical, rainforest",1,Tropical,South America,"[-10, 10)"
ASMSpotter-21-3-3,5.047276,-54.493293,ASMSpotter,Forest,"Tree cover, broadleaved, evergreen, closed to open (>15%)",Rural: Very Low Dens,val,Af,"Tropical, rainforest",1,Tropical,South America,"[-10, 10)"
ASMSpotter-22-1-1,5.035865,-54.534513,ASMSpotter,Forest,"Tree cover, broadleaved, evergreen, closed to open (>15%)",Rural: Very Low Dens,train,Af,"Tropical, rainforest",1,Tropical,South America,"[-10, 10)"
ASMSpotter-22-1-2,5.050163,-54.534513,ASMSpotter,Forest,"Tree cover, broadleaved, evergreen, closed to open (>15%)",Rural: Very Low Dens,train,Af,"Tropical, rainforest",1,Tropical,South America,"[-10, 10)"
ASMSpotter-22-1-3,5.064461,-54.534513,ASMSpotter,Forest,"Tree cover, broadleaved, evergreen, closed to open (>15%)",Rural: Very Low Dens,train,Af,"Tropical, rainforest",1,Tropical,South America,"[-10, 10)"
ASMSpotter-22-2-1,5.035865,-54.520254,ASMSpotter,Forest,"Tree cover, broadleaved, evergreen, closed to open (>15%)",Rural: Very Low Dens,train,Af,"Tropical, rainforest",1,Tropical,South America,"[-10, 10)"
ASMSpotter-22-2-2,5.050163,-54.520254,ASMSpotter,Forest,"Tree cover, broadleaved, evergreen, closed to open (>15%)",Rural: Very Low Dens,train,Af,"Tropical, rainforest",1,Tropical,South America,"[-10, 10)"
ASMSpotter-22-2-3,5.064461,-54.520254,ASMSpotter,Forest,"Tree cover, broadleaved, evergreen, closed to open (>15%)",Rural: Very Low Dens,train,Af,"Tropical, rainforest",1,Tropical,South America,"[-10, 10)"
ASMSpotter-22-3-1,5.035865,-54.505996,ASMSpotter,Forest,"Tree cover, broadleaved, evergreen, closed to open (>15%)",Rural: Very Low Dens,train,Af,"Tropical, rainforest",1,Tropical,South America,"[-10, 10)"
ASMSpotter-22-3-2,5.050163,-54.505996,ASMSpotter,Forest,"Tree cover, broadleaved, evergreen, closed to open (>15%)",Rural: Very Low Dens,train,Af,"Tropical, rainforest",1,Tropical,South America,"[-10, 10)"
ASMSpotter-22-3-3,5.064461,-54.505996,ASMSpotter,Forest,"Tree cover, broadleaved, evergreen, closed to open (>15%)",Rural: Very Low Dens,train,Af,"Tropical, rainforest",1,Tropical,South America,"[-10, 10)"
ASMSpotter-23-1-1,5.061685,-54.505288,ASMSpotter,Forest,"Tree cover, broadleaved, evergreen, closed to open (>15%)",Rural: Very Low Dens,train,Af,"Tropical, rainforest",1,Tropical,South America,"[-10, 10)"
ASMSpotter-23-1-2,5.075983,-54.505288,ASMSpotter,Forest,"Tree cover, broadleaved, evergreen, closed to open (>15%)",Rural: Very Low Dens,test,Af,"Tropical, rainforest",1,Tropical,South America,"[-10, 10)"
ASMSpotter-23-1-3,5.090281,-54.505288,ASMSpotter,Forest,"Tree cover, broadleaved, evergreen, closed to open (>15%)",Rural: Very Low Dens,train,Af,"Tropical, rainforest",1,Tropical,South America,"[-10, 10)"
ASMSpotter-23-2-1,5.061685,-54.491029,ASMSpotter,Forest,"Tree cover, broadleaved, evergreen, closed to open (>15%)",Rural: Very Low Dens,train,Af,"Tropical, rainforest",1,Tropical,South America,"[-10, 10)"
ASMSpotter-23-2-2,5.075983,-54.491029,ASMSpotter,Forest,"Tree cover, broadleaved, evergreen, closed to open (>15%)",Rural: Very Low Dens,train,Af,"Tropical, rainforest",1,Tropical,South America,"[-10, 10)"
ASMSpotter-23-2-3,5.090281,-54.491029,ASMSpotter,Forest,"Tree cover, broadleaved, evergreen, closed to open (>15%)",Rural: Very Low Dens,train,Af,"Tropical, rainforest",1,Tropical,South America,"[-10, 10)"
ASMSpotter-23-3-1,5.061685,-54.47677,ASMSpotter,Forest,"Tree cover, broadleaved, evergreen, closed to open (>15%)",Rural: Very Low Dens,train,Af,"Tropical, rainforest",1,Tropical,South America,"[-10, 10)"
ASMSpotter-23-3-2,5.075983,-54.47677,ASMSpotter,Forest,"Tree cover, broadleaved, evergreen, closed to open (>15%)",Rural: Very Low Dens,train,Af,"Tropical, rainforest",1,Tropical,South America,"[-10, 10)"
ASMSpotter-23-3-3,5.090281,-54.47677,ASMSpotter,Forest,"Tree cover, broadleaved, evergreen, closed to open (>15%)",Rural: Very Low Dens,train,Af,"Tropical, rainforest",1,Tropical,South America,"[-10, 10)"
ASMSpotter-24-1-1,5.069379,-54.479882,ASMSpotter,Forest,"Tree cover, broadleaved, evergreen, closed to open (>15%)",Rural: Very Low Dens,train,Af,"Tropical, rainforest",1,Tropical,South America,"[-10, 10)"
ASMSpotter-24-1-2,5.083677,-54.479882,ASMSpotter,Forest,"Tree cover, broadleaved, evergreen, closed to open (>15%)",Rural: Very Low Dens,train,Af,"Tropical, rainforest",1,Tropical,South America,"[-10, 10)"
ASMSpotter-24-1-3,5.097976,-54.479882,ASMSpotter,Forest,"Tree cover, broadleaved, evergreen, closed to open (>15%)",Rural: Very Low Dens,test,Af,"Tropical, rainforest",1,Tropical,South America,"[-10, 10)"
ASMSpotter-24-2-1,5.069379,-54.465623,ASMSpotter,Forest,"Tree cover, broadleaved, evergreen, closed to open (>15%)",Rural: Very Low Dens,train,Af,"Tropical, rainforest",1,Tropical,South America,"[-10, 10)"
ASMSpotter-24-2-2,5.083677,-54.465623,ASMSpotter,Forest,"Tree cover, broadleaved, evergreen, closed to open (>15%)",Rural: Very Low Dens,test,Af,"Tropical, rainforest",1,Tropical,South America,"[-10, 10)"
ASMSpotter-24-2-3,5.097976,-54.465623,ASMSpotter,Forest,"Tree cover, broadleaved, evergreen, closed to open (>15%)",Rural: Very Low Dens,train,Af,"Tropical, rainforest",1,Tropical,South America,"[-10, 10)"
ASMSpotter-24-3-1,5.069379,-54.451364,ASMSpotter,Forest,"Tree cover, broadleaved, evergreen, closed to open (>15%)",Rural: Very Low Dens,train,Af,"Tropical, rainforest",1,Tropical,South America,"[-10, 10)"
ASMSpotter-24-3-2,5.083677,-54.451364,ASMSpotter,Forest,"Tree cover, broadleaved, evergreen, closed to open (>15%)",Rural: Very Low Dens,train,Af,"Tropical, rainforest",1,Tropical,South America,"[-10, 10)"
ASMSpotter-24-3-3,5.097976,-54.451364,ASMSpotter,Forest,"Tree cover, broadleaved, evergreen, closed to open (>15%)",Rural: Very Low Dens,train,Af,"Tropical, rainforest",1,Tropical,South America,"[-10, 10)"
ASMSpotter-25-1-1,5.083186,-54.5031,ASMSpotter,Forest,"Tree cover, broadleaved, evergreen, closed to open (>15%)",Rural: Very Low Dens,train,Af,"Tropical, rainforest",1,Tropical,South America,"[-10, 10)"
ASMSpotter-25-1-2,5.097484,-54.5031,ASMSpotter,Forest,"Tree cover, broadleaved, evergreen, closed to open (>15%)",Rural: Very Low Dens,train,Af,"Tropical, rainforest",1,Tropical,South America,"[-10, 10)"
ASMSpotter-25-1-3,5.111782,-54.5031,ASMSpotter,Forest,"Tree cover, broadleaved, evergreen, closed to open (>15%)",Rural: Very Low Dens,train,Af,"Tropical, rainforest",1,Tropical,South America,"[-10, 10)"
ASMSpotter-25-2-1,5.083186,-54.48884,ASMSpotter,Forest,"Tree cover, broadleaved, evergreen, closed to open (>15%)",Rural: Very Low Dens,train,Af,"Tropical, rainforest",1,Tropical,South America,"[-10, 10)"
ASMSpotter-25-2-2,5.097484,-54.48884,ASMSpotter,Forest,"Tree cover, broadleaved, evergreen, closed to open (>15%)",Rural: Very Low Dens,train,Af,"Tropical, rainforest",1,Tropical,South America,"[-10, 10)"
ASMSpotter-25-2-3,5.111782,-54.48884,ASMSpotter,Forest,"Tree cover, broadleaved, evergreen, closed to open (>15%)",Rural: Very Low Dens,train,Af,"Tropical, rainforest",1,Tropical,South America,"[-10, 10)"
ASMSpotter-25-3-1,5.083186,-54.47458,ASMSpotter,Forest,"Tree cover, broadleaved, evergreen, closed to open (>15%)",Rural: Very Low Dens,train,Af,"Tropical, rainforest",1,Tropical,South America,"[-10, 10)"
ASMSpotter-25-3-2,5.097484,-54.47458,ASMSpotter,Forest,"Tree cover, broadleaved, evergreen, closed to open (>15%)",Rural: Very Low Dens,train,Af,"Tropical, rainforest",1,Tropical,South America,"[-10, 10)"
ASMSpotter-25-3-3,5.111782,-54.47458,ASMSpotter,Forest,"Tree cover, broadleaved, evergreen, closed to open (>15%)",Rural: Very Low Dens,train,Af,"Tropical, rainforest",1,Tropical,South America,"[-10, 10)"
ASMSpotter-26-1-1,5.099899,-54.513486,ASMSpotter,Forest,"Tree cover, broadleaved, evergreen, closed to open (>15%)",Rural: Very Low Dens,train,Af,"Tropical, rainforest",1,Tropical,South America,"[-10, 10)"
ASMSpotter-26-1-2,5.114198,-54.513486,ASMSpotter,Forest,"Tree cover, broadleaved, evergreen, closed to open (>15%)",Rural: Very Low Dens,train,Af,"Tropical, rainforest",1,Tropical,South America,"[-10, 10)"
ASMSpotter-26-1-3,5.128496,-54.513486,ASMSpotter,Forest,"Tree cover, broadleaved, evergreen, closed to open (>15%)",Rural: Very Low Dens,train,Af,"Tropical, rainforest",1,Tropical,South America,"[-10, 10)"
ASMSpotter-26-2-1,5.099899,-54.499226,ASMSpotter,Forest,"Tree cover, broadleaved, evergreen, closed to open (>15%)",Rural: Very Low Dens,val,Af,"Tropical, rainforest",1,Tropical,South America,"[-10, 10)"
ASMSpotter-26-2-2,5.114198,-54.499226,ASMSpotter,Forest,"Tree cover, broadleaved, evergreen, closed to open (>15%)",Rural: Very Low Dens,train,Af,"Tropical, rainforest",1,Tropical,South America,"[-10, 10)"
ASMSpotter-26-2-3,5.128496,-54.499226,ASMSpotter,Forest,"Tree cover, broadleaved, evergreen, closed to open (>15%)",Rural: Very Low Dens,train,Af,"Tropical, rainforest",1,Tropical,South America,"[-10, 10)"
ASMSpotter-26-3-1,5.099899,-54.484966,ASMSpotter,Forest,"Tree cover, broadleaved, evergreen, closed to open (>15%)",Rural: Very Low Dens,train,Af,"Tropical, rainforest",1,Tropical,South America,"[-10, 10)"
ASMSpotter-26-3-2,5.114198,-54.484966,ASMSpotter,Forest,"Tree cover, broadleaved, evergreen, closed to open (>15%)",Rural: Very Low Dens,train,Af,"Tropical, rainforest",1,Tropical,South America,"[-10, 10)"
ASMSpotter-26-3-3,5.128496,-54.484966,ASMSpotter,Forest,"Tree cover, broadleaved, evergreen, closed to open (>15%)",Rural: Very Low Dens,train,Af,"Tropical, rainforest",1,Tropical,South America,"[-10, 10)"
ASMSpotter-27-1-1,5.086563,-54.465592,ASMSpotter,Forest,"Tree cover, broadleaved, evergreen, closed to open (>15%)",Rural: Very Low Dens,val,Af,"Tropical, rainforest",1,Tropical,South America,"[-10, 10)"
ASMSpotter-27-1-2,5.100861,-54.465592,ASMSpotter,Forest,"Tree cover, broadleaved, evergreen, closed to open (>15%)",Rural: Very Low Dens,test,Af,"Tropical, rainforest",1,Tropical,South America,"[-10, 10)"
ASMSpotter-27-1-3,5.115159,-54.465592,ASMSpotter,Forest,"Tree cover, broadleaved, evergreen, closed to open (>15%)",Rural: Very Low Dens,train,Af,"Tropical, rainforest",1,Tropical,South America,"[-10, 10)"
ASMSpotter-27-2-1,5.086563,-54.451332,ASMSpotter,Forest,"Tree cover, broadleaved, evergreen, closed to open (>15%)",Rural: Very Low Dens,train,Af,"Tropical, rainforest",1,Tropical,South America,"[-10, 10)"
ASMSpotter-27-2-2,5.100861,-54.451332,ASMSpotter,Forest,"Tree cover, broadleaved, evergreen, closed to open (>15%)",Rural: Very Low Dens,val,Af,"Tropical, rainforest",1,Tropical,South America,"[-10, 10)"
ASMSpotter-27-2-3,5.115159,-54.451332,ASMSpotter,Forest,"Tree cover, broadleaved, evergreen, closed to open (>15%)",Rural: Very Low Dens,test,Af,"Tropical, rainforest",1,Tropical,South America,"[-10, 10)"
ASMSpotter-27-3-1,5.086563,-54.437072,ASMSpotter,Forest,"Tree cover, broadleaved, evergreen, closed to open (>15%)",Rural: Very Low Dens,train,Af,"Tropical, rainforest",1,Tropical,South America,"[-10, 10)"
ASMSpotter-27-3-2,5.100861,-54.437072,ASMSpotter,Forest,"Tree cover, broadleaved, evergreen, closed to open (>15%)",Rural: Very Low Dens,train,Af,"Tropical, rainforest",1,Tropical,South America,"[-10, 10)"
ASMSpotter-27-3-3,5.115159,-54.437072,ASMSpotter,Forest,"Tree cover, broadleaved, evergreen, closed to open (>15%)",Rural: Very Low Dens,train,Af,"Tropical, rainforest",1,Tropical,South America,"[-10, 10)"
ASMSpotter-28-1-1,-13.037248,-70.539593,ASMSpotter,Grassland,Grassland,Rural: Very Low Dens,train,Af,"Tropical, rainforest",1,Tropical,South America,"[-30, -10)"
ASMSpotter-28-1-2,-13.022955,-70.539593,ASMSpotter,Grassland,Grassland,Rural: Very Low Dens,train,Af,"Tropical, rainforest",1,Tropical,South America,"[-30, -10)"
ASMSpotter-28-1-3,-13.008663,-70.539593,ASMSpotter,Grassland,Grassland,Rural: Very Low Dens,train,Af,"Tropical, rainforest",1,Tropical,South America,"[-30, -10)"
ASMSpotter-28-2-1,-13.037248,-70.525017,ASMSpotter,Grassland,Grassland,Rural: Very Low Dens,train,Af,"Tropical, rainforest",1,Tropical,South America,"[-30, -10)"
ASMSpotter-28-2-2,-13.022955,-70.525017,ASMSpotter,Grassland,Grassland,Rural: Very Low Dens,train,Af,"Tropical, rainforest",1,Tropical,South America,"[-30, -10)"
ASMSpotter-28-2-3,-13.008663,-70.525017,ASMSpotter,Grassland,Grassland,Rural: Very Low Dens,train,Af,"Tropical, rainforest",1,Tropical,South America,"[-30, -10)"
ASMSpotter-28-3-1,-13.037248,-70.510441,ASMSpotter,Grassland,Grassland,Rural: Very Low Dens,train,Af,"Tropical, rainforest",1,Tropical,South America,"[-30, -10)"
ASMSpotter-28-3-2,-13.022955,-70.510441,ASMSpotter,Grassland,Grassland,Rural: Very Low Dens,train,Af,"Tropical, rainforest",1,Tropical,South America,"[-30, -10)"
ASMSpotter-28-3-3,-13.008663,-70.510441,ASMSpotter,Grassland,Grassland,Rural: Very Low Dens,test,Af,"Tropical, rainforest",1,Tropical,South America,"[-30, -10)"
ASMSpotter-29-1-1,-12.772524,-70.56464,ASMSpotter,Other,Shrubland,Rural: Very Low Dens,train,Af,"Tropical, rainforest",1,Tropical,South America,"[-30, -10)"
ASMSpotter-29-1-2,-12.758232,-70.56464,ASMSpotter,Other,Shrubland,Rural: Very Low Dens,train,Af,"Tropical, rainforest",1,Tropical,South America,"[-30, -10)"
ASMSpotter-29-1-3,-12.743939,-70.56464,ASMSpotter,Other,Shrubland,Rural: Very Low Dens,train,Af,"Tropical, rainforest",1,Tropical,South America,"[-30, -10)"
ASMSpotter-29-2-1,-12.772524,-70.550079,ASMSpotter,Other,Shrubland,Rural: Very Low Dens,train,Af,"Tropical, rainforest",1,Tropical,South America,"[-30, -10)"
ASMSpotter-29-2-2,-12.758232,-70.550079,ASMSpotter,Other,Shrubland,Rural: Very Low Dens,train,Af,"Tropical, rainforest",1,Tropical,South America,"[-30, -10)"
ASMSpotter-29-2-3,-12.743939,-70.550079,ASMSpotter,Other,Shrubland,Rural: Very Low Dens,train,Af,"Tropical, rainforest",1,Tropical,South America,"[-30, -10)"
ASMSpotter-29-3-1,-12.772524,-70.535519,ASMSpotter,Other,Shrubland,Rural: Very Low Dens,test,Af,"Tropical, rainforest",1,Tropical,South America,"[-30, -10)"
ASMSpotter-29-3-2,-12.758232,-70.535519,ASMSpotter,Other,Shrubland,Rural: Very Low Dens,train,Af,"Tropical, rainforest",1,Tropical,South America,"[-30, -10)"
ASMSpotter-29-3-3,-12.743939,-70.535519,ASMSpotter,Other,Shrubland,Rural: Very Low Dens,train,Af,"Tropical, rainforest",1,Tropical,South America,"[-30, -10)"
ASMSpotter-3-1-1,5.009745,-55.556241,ASMSpotter,Other,Shrubland,Rural: Very Low Dens,test,Af,"Tropical, rainforest",1,Tropical,South America,"[-10, 10)"
ASMSpotter-3-1-2,5.024043,-55.556241,ASMSpotter,Other,Shrubland,Rural: Very Low Dens,train,Af,"Tropical, rainforest",1,Tropical,South America,"[-10, 10)"
ASMSpotter-3-1-3,5.038341,-55.556241,ASMSpotter,Other,Shrubland,Rural: Very Low Dens,train,Af,"Tropical, rainforest",1,Tropical,South America,"[-10, 10)"
ASMSpotter-3-2-1,5.009745,-55.541983,ASMSpotter,Other,Shrubland,Rural: Very Low Dens,train,Af,"Tropical, rainforest",1,Tropical,South America,"[-10, 10)"
ASMSpotter-3-2-2,5.024043,-55.541983,ASMSpotter,Other,Shrubland,Rural: Very Low Dens,train,Af,"Tropical, rainforest",1,Tropical,South America,"[-10, 10)"
ASMSpotter-3-2-3,5.038341,-55.541983,ASMSpotter,Other,Shrubland,Rural: Very Low Dens,train,Af,"Tropical, rainforest",1,Tropical,South America,"[-10, 10)"
ASMSpotter-3-3-1,5.009745,-55.527725,ASMSpotter,Other,Shrubland,Rural: Very Low Dens,val,Af,"Tropical, rainforest",1,Tropical,South America,"[-10, 10)"
ASMSpotter-3-3-2,5.024043,-55.527725,ASMSpotter,Other,Shrubland,Rural: Very Low Dens,train,Af,"Tropical, rainforest",1,Tropical,South America,"[-10, 10)"
ASMSpotter-3-3-3,5.038341,-55.527725,ASMSpotter,Other,Shrubland,Rural: Very Low Dens,train,Af,"Tropical, rainforest",1,Tropical,South America,"[-10, 10)"
ASMSpotter-30-1-1,-12.957291,-70.050182,ASMSpotter,Forest,"Tree cover, broadleaved, evergreen, closed to open (>15%)",Rural: Very Low Dens,train,Af,"Tropical, rainforest",1,Tropical,South America,"[-30, -10)"
ASMSpotter-30-1-2,-12.942999,-70.050182,ASMSpotter,Forest,"Tree cover, broadleaved, evergreen, closed to open (>15%)",Rural: Very Low Dens,train,Af,"Tropical, rainforest",1,Tropical,South America,"[-30, -10)"
ASMSpotter-30-1-3,-12.928707,-70.050182,ASMSpotter,Forest,"Tree cover, broadleaved, evergreen, closed to open (>15%)",Rural: Very Low Dens,train,Af,"Tropical, rainforest",1,Tropical,South America,"[-30, -10)"
ASMSpotter-30-2-1,-12.957291,-70.03561,ASMSpotter,Forest,"Tree cover, broadleaved, evergreen, closed to open (>15%)",Rural: Very Low Dens,train,Af,"Tropical, rainforest",1,Tropical,South America,"[-30, -10)"
ASMSpotter-30-2-2,-12.942999,-70.03561,ASMSpotter,Forest,"Tree cover, broadleaved, evergreen, closed to open (>15%)",Rural: Very Low Dens,train,Af,"Tropical, rainforest",1,Tropical,South America,"[-30, -10)"
ASMSpotter-30-2-3,-12.928707,-70.03561,ASMSpotter,Forest,"Tree cover, broadleaved, evergreen, closed to open (>15%)",Rural: Very Low Dens,val,Af,"Tropical, rainforest",1,Tropical,South America,"[-30, -10)"
ASMSpotter-30-3-1,-12.957291,-70.021039,ASMSpotter,Forest,"Tree cover, broadleaved, evergreen, closed to open (>15%)",Rural: Very Low Dens,train,Af,"Tropical, rainforest",1,Tropical,South America,"[-30, -10)"
ASMSpotter-30-3-2,-12.942999,-70.021039,ASMSpotter,Forest,"Tree cover, broadleaved, evergreen, closed to open (>15%)",Rural: Very Low Dens,train,Af,"Tropical, rainforest",1,Tropical,South America,"[-30, -10)"
ASMSpotter-30-3-3,-12.928707,-70.021039,ASMSpotter,Forest,"Tree cover, broadleaved, evergreen, closed to open (>15%)",Rural: Very Low Dens,train,Af,"Tropical, rainforest",1,Tropical,South America,"[-30, -10)"
ASMSpotter-31-1-1,-12.929183,-70.086229,ASMSpotter,Forest,"Tree cover, broadleaved, evergreen, closed to open (>15%)",Rural: Very Low Dens,train,Af,"Tropical, rainforest",1,Tropical,South America,"[-30, -10)"
ASMSpotter-31-1-2,-12.914891,-70.086229,ASMSpotter,Forest,"Tree cover, broadleaved, evergreen, closed to open (>15%)",Rural: Very Low Dens,train,Af,"Tropical, rainforest",1,Tropical,South America,"[-30, -10)"
ASMSpotter-31-1-3,-12.900599,-70.086229,ASMSpotter,Forest,"Tree cover, broadleaved, evergreen, closed to open (>15%)",Rural: Very Low Dens,train,Af,"Tropical, rainforest",1,Tropical,South America,"[-30, -10)"
ASMSpotter-31-2-1,-12.929183,-70.071659,ASMSpotter,Forest,"Tree cover, broadleaved, evergreen, closed to open (>15%)",Rural: Very Low Dens,train,Af,"Tropical, rainforest",1,Tropical,South America,"[-30, -10)"
ASMSpotter-31-2-2,-12.914891,-70.071659,ASMSpotter,Forest,"Tree cover, broadleaved, evergreen, closed to open (>15%)",Rural: Very Low Dens,val,Af,"Tropical, rainforest",1,Tropical,South America,"[-30, -10)"
ASMSpotter-31-2-3,-12.900599,-70.071659,ASMSpotter,Forest,"Tree cover, broadleaved, evergreen, closed to open (>15%)",Rural: Very Low Dens,train,Af,"Tropical, rainforest",1,Tropical,South America,"[-30, -10)"
ASMSpotter-31-3-1,-12.929183,-70.057089,ASMSpotter,Forest,"Tree cover, broadleaved, evergreen, closed to open (>15%)",Rural: Very Low Dens,train,Af,"Tropical, rainforest",1,Tropical,South America,"[-30, -10)"
ASMSpotter-31-3-2,-12.914891,-70.057089,ASMSpotter,Forest,"Tree cover, broadleaved, evergreen, closed to open (>15%)",Rural: Very Low Dens,train,Af,"Tropical, rainforest",1,Tropical,South America,"[-30, -10)"
ASMSpotter-31-3-3,-12.900599,-70.057089,ASMSpotter,Forest,"Tree cover, broadleaved, evergreen, closed to open (>15%)",Rural: Very Low Dens,train,Af,"Tropical, rainforest",1,Tropical,South America,"[-30, -10)"
ASMSpotter-33-1-1,-12.874799,-70.036272,ASMSpotter,Forest,"Tree cover, broadleaved, evergreen, closed to open (>15%)",Rural: Very Low Dens,train,Af,"Tropical, rainforest",1,Tropical,South America,"[-30, -10)"
ASMSpotter-33-1-2,-12.860506,-70.036272,ASMSpotter,Forest,"Tree cover, broadleaved, evergreen, closed to open (>15%)",Rural: Very Low Dens,val,Af,"Tropical, rainforest",1,Tropical,South America,"[-30, -10)"
ASMSpotter-33-1-3,-12.846214,-70.036272,ASMSpotter,Forest,"Tree cover, broadleaved, evergreen, closed to open (>15%)",Rural: Very Low Dens,train,Af,"Tropical, rainforest",1,Tropical,South America,"[-30, -10)"
ASMSpotter-33-2-1,-12.874799,-70.021706,ASMSpotter,Forest,"Tree cover, broadleaved, evergreen, closed to open (>15%)",Rural: Very Low Dens,train,Af,"Tropical, rainforest",1,Tropical,South America,"[-30, -10)"
ASMSpotter-33-2-2,-12.860506,-70.021706,ASMSpotter,Forest,"Tree cover, broadleaved, evergreen, closed to open (>15%)",Rural: Very Low Dens,train,Af,"Tropical, rainforest",1,Tropical,South America,"[-30, -10)"
ASMSpotter-33-2-3,-12.846214,-70.021706,ASMSpotter,Forest,"Tree cover, broadleaved, evergreen, closed to open (>15%)",Rural: Very Low Dens,train,Af,"Tropical, rainforest",1,Tropical,South America,"[-30, -10)"
ASMSpotter-33-3-1,-12.874799,-70.007139,ASMSpotter,Forest,"Tree cover, broadleaved, evergreen, closed to open (>15%)",Rural: Very Low Dens,train,Af,"Tropical, rainforest",1,Tropical,South America,"[-30, -10)"
ASMSpotter-33-3-2,-12.860506,-70.007139,ASMSpotter,Forest,"Tree cover, broadleaved, evergreen, closed to open (>15%)",Rural: Very Low Dens,test,Af,"Tropical, rainforest",1,Tropical,South America,"[-30, -10)"
ASMSpotter-33-3-3,-12.846214,-70.007139,ASMSpotter,Forest,"Tree cover, broadleaved, evergreen, closed to open (>15%)",Rural: Very Low Dens,train,Af,"Tropical, rainforest",1,Tropical,South America,"[-30, -10)"
ASMSpotter-34-1-1,-12.871619,-69.990782,ASMSpotter,Wetland,"Shrub or herbaceous cover, flooded, fresh/saline/brakish water",Rural: Very Low Dens,train,Af,"Tropical, rainforest",1,Tropical,South America,"[-30, -10)"
ASMSpotter-34-1-2,-12.857327,-69.990782,ASMSpotter,Wetland,"Shrub or herbaceous cover, flooded, fresh/saline/brakish water",Rural: Very Low Dens,train,Af,"Tropical, rainforest",1,Tropical,South America,"[-30, -10)"
ASMSpotter-34-1-3,-12.843034,-69.990782,ASMSpotter,Wetland,"Shrub or herbaceous cover, flooded, fresh/saline/brakish water",Rural: Very Low Dens,train,Af,"Tropical, rainforest",1,Tropical,South America,"[-30, -10)"
ASMSpotter-34-2-1,-12.871619,-69.976215,ASMSpotter,Wetland,"Shrub or herbaceous cover, flooded, fresh/saline/brakish water",Rural: Very Low Dens,val,Af,"Tropical, rainforest",1,Tropical,South America,"[-30, -10)"
ASMSpotter-34-2-2,-12.857327,-69.976215,ASMSpotter,Wetland,"Shrub or herbaceous cover, flooded, fresh/saline/brakish water",Rural: Very Low Dens,train,Af,"Tropical, rainforest",1,Tropical,South America,"[-30, -10)"
ASMSpotter-34-2-3,-12.843034,-69.976215,ASMSpotter,Wetland,"Shrub or herbaceous cover, flooded, fresh/saline/brakish water",Rural: Very Low Dens,train,Af,"Tropical, rainforest",1,Tropical,South America,"[-30, -10)"
ASMSpotter-34-3-1,-12.871619,-69.961649,ASMSpotter,Wetland,"Shrub or herbaceous cover, flooded, fresh/saline/brakish water",Rural: Very Low Dens,test,Af,"Tropical, rainforest",1,Tropical,South America,"[-30, -10)"
ASMSpotter-34-3-2,-12.857327,-69.961649,ASMSpotter,Wetland,"Shrub or herbaceous cover, flooded, fresh/saline/brakish water",Rural: Very Low Dens,train,Af,"Tropical, rainforest",1,Tropical,South America,"[-30, -10)"
ASMSpotter-34-3-3,-12.843034,-69.961649,ASMSpotter,Wetland,"Shrub or herbaceous cover, flooded, fresh/saline/brakish water",Rural: Very Low Dens,train,Af,"Tropical, rainforest",1,Tropical,South America,"[-30, -10)"
ASMSpotter-35-1-1,-12.832287,-69.951297,ASMSpotter,Wetland,"Shrub or herbaceous cover, flooded, fresh/saline/brakish water",Rural: Very Low Dens,train,Af,"Tropical, rainforest",1,Tropical,South America,"[-30, -10)"
ASMSpotter-35-1-2,-12.817995,-69.951297,ASMSpotter,Wetland,"Shrub or herbaceous cover, flooded, fresh/saline/brakish water",Rural: Very Low Dens,train,Af,"Tropical, rainforest",1,Tropical,South America,"[-30, -10)"
ASMSpotter-35-1-3,-12.803702,-69.951297,ASMSpotter,Wetland,"Shrub or herbaceous cover, flooded, fresh/saline/brakish water",Rural: Very Low Dens,train,Af,"Tropical, rainforest",1,Tropical,South America,"[-30, -10)"
ASMSpotter-35-2-1,-12.832287,-69.936733,ASMSpotter,Wetland,"Shrub or herbaceous cover, flooded, fresh/saline/brakish water",Rural: Very Low Dens,train,Af,"Tropical, rainforest",1,Tropical,South America,"[-30, -10)"
ASMSpotter-35-2-2,-12.817995,-69.936733,ASMSpotter,Wetland,"Shrub or herbaceous cover, flooded, fresh/saline/brakish water",Rural: Very Low Dens,train,Af,"Tropical, rainforest",1,Tropical,South America,"[-30, -10)"
ASMSpotter-35-2-3,-12.803702,-69.936733,ASMSpotter,Wetland,"Shrub or herbaceous cover, flooded, fresh/saline/brakish water",Rural: Very Low Dens,val,Af,"Tropical, rainforest",1,Tropical,South America,"[-30, -10)"
ASMSpotter-35-3-1,-12.832287,-69.922169,ASMSpotter,Wetland,"Shrub or herbaceous cover, flooded, fresh/saline/brakish water",Rural: Very Low Dens,test,Af,"Tropical, rainforest",1,Tropical,South America,"[-30, -10)"
ASMSpotter-35-3-2,-12.817995,-69.922169,ASMSpotter,Wetland,"Shrub or herbaceous cover, flooded, fresh/saline/brakish water",Rural: Very Low Dens,val,Af,"Tropical, rainforest",1,Tropical,South America,"[-30, -10)"
ASMSpotter-35-3-3,-12.803702,-69.922169,ASMSpotter,Wetland,"Shrub or herbaceous cover, flooded, fresh/saline/brakish water",Rural: Very Low Dens,train,Af,"Tropical, rainforest",1,Tropical,South America,"[-30, -10)"
ASMSpotter-36-1-1,-13.0048,-69.932081,ASMSpotter,Forest,"Tree cover, broadleaved, evergreen, closed to open (>15%)",Rural: Very Low Dens,train,Af,"Tropical, rainforest",1,Tropical,South America,"[-30, -10)"
ASMSpotter-36-1-2,-12.990508,-69.932081,ASMSpotter,Forest,"Tree cover, broadleaved, evergreen, closed to open (>15%)",Rural: Very Low Dens,train,Af,"Tropical, rainforest",1,Tropical,South America,"[-30, -10)"
ASMSpotter-36-1-3,-12.976216,-69.932081,ASMSpotter,Forest,"Tree cover, broadleaved, evergreen, closed to open (>15%)",Rural: Very Low Dens,train,Af,"Tropical, rainforest",1,Tropical,South America,"[-30, -10)"
ASMSpotter-36-2-1,-13.0048,-69.917507,ASMSpotter,Forest,"Tree cover, broadleaved, evergreen, closed to open (>15%)",Rural: Very Low Dens,train,Af,"Tropical, rainforest",1,Tropical,South America,"[-30, -10)"
ASMSpotter-36-2-2,-12.990508,-69.917507,ASMSpotter,Forest,"Tree cover, broadleaved, evergreen, closed to open (>15%)",Rural: Very Low Dens,train,Af,"Tropical, rainforest",1,Tropical,South America,"[-30, -10)"
ASMSpotter-36-2-3,-12.976216,-69.917507,ASMSpotter,Forest,"Tree cover, broadleaved, evergreen, closed to open (>15%)",Rural: Very Low Dens,train,Af,"Tropical, rainforest",1,Tropical,South America,"[-30, -10)"
ASMSpotter-36-3-1,-13.0048,-69.902933,ASMSpotter,Forest,"Tree cover, broadleaved, evergreen, closed to open (>15%)",Rural: Very Low Dens,train,Af,"Tropical, rainforest",1,Tropical,South America,"[-30, -10)"
ASMSpotter-36-3-2,-12.990508,-69.902933,ASMSpotter,Forest,"Tree cover, broadleaved, evergreen, closed to open (>15%)",Rural: Very Low Dens,train,Af,"Tropical, rainforest",1,Tropical,South America,"[-30, -10)"
ASMSpotter-36-3-3,-12.976216,-69.902933,ASMSpotter,Forest,"Tree cover, broadleaved, evergreen, closed to open (>15%)",Rural: Very Low Dens,train,Af,"Tropical, rainforest",1,Tropical,South America,"[-30, -10)"
ASMSpotter-37-1-1,-12.631724,-70.179424,ASMSpotter,Forest,"Tree cover, broadleaved, evergreen, closed to open (>15%)",Rural: Very Low Dens,train,Af,"Tropical, rainforest",1,Tropical,South America,"[-30, -10)"
ASMSpotter-37-1-2,-12.617432,-70.179424,ASMSpotter,Forest,"Tree cover, broadleaved, evergreen, closed to open (>15%)",Rural: Very Low Dens,train,Af,"Tropical, rainforest",1,Tropical,South America,"[-30, -10)"
ASMSpotter-37-1-3,-12.603139,-70.179424,ASMSpotter,Forest,"Tree cover, broadleaved, evergreen, closed to open (>15%)",Rural: Very Low Dens,train,Af,"Tropical, rainforest",1,Tropical,South America,"[-30, -10)"
ASMSpotter-37-2-1,-12.631724,-70.164871,ASMSpotter,Forest,"Tree cover, broadleaved, evergreen, closed to open (>15%)",Rural: Very Low Dens,train,Af,"Tropical, rainforest",1,Tropical,South America,"[-30, -10)"
ASMSpotter-37-2-2,-12.617432,-70.164871,ASMSpotter,Forest,"Tree cover, broadleaved, evergreen, closed to open (>15%)",Rural: Very Low Dens,val,Af,"Tropical, rainforest",1,Tropical,South America,"[-30, -10)"
ASMSpotter-37-2-3,-12.603139,-70.164871,ASMSpotter,Forest,"Tree cover, broadleaved, evergreen, closed to open (>15%)",Rural: Very Low Dens,train,Af,"Tropical, rainforest",1,Tropical,South America,"[-30, -10)"
ASMSpotter-37-3-1,-12.631724,-70.150318,ASMSpotter,Forest,"Tree cover, broadleaved, evergreen, closed to open (>15%)",Rural: Very Low Dens,train,Af,"Tropical, rainforest",1,Tropical,South America,"[-30, -10)"
ASMSpotter-37-3-2,-12.617432,-70.150318,ASMSpotter,Forest,"Tree cover, broadleaved, evergreen, closed to open (>15%)",Rural: Very Low Dens,val,Af,"Tropical, rainforest",1,Tropical,South America,"[-30, -10)"
ASMSpotter-37-3-3,-12.603139,-70.150318,ASMSpotter,Forest,"Tree cover, broadleaved, evergreen, closed to open (>15%)",Rural: Very Low Dens,val,Af,"Tropical, rainforest",1,Tropical,South America,"[-30, -10)"
ASMSpotter-38-1-1,-12.635169,-70.212126,ASMSpotter,Forest,"Tree cover, broadleaved, evergreen, closed to open (>15%)",Rural: Very Low Dens,test,Af,"Tropical, rainforest",1,Tropical,South America,"[-30, -10)"
ASMSpotter-38-1-2,-12.620876,-70.212126,ASMSpotter,Forest,"Tree cover, broadleaved, evergreen, closed to open (>15%)",Rural: Very Low Dens,train,Af,"Tropical, rainforest",1,Tropical,South America,"[-30, -10)"
ASMSpotter-38-1-3,-12.606584,-70.212126,ASMSpotter,Forest,"Tree cover, broadleaved, evergreen, closed to open (>15%)",Rural: Very Low Dens,val,Af,"Tropical, rainforest",1,Tropical,South America,"[-30, -10)"
ASMSpotter-38-2-1,-12.635169,-70.197573,ASMSpotter,Forest,"Tree cover, broadleaved, evergreen, closed to open (>15%)",Rural: Very Low Dens,train,Af,"Tropical, rainforest",1,Tropical,South America,"[-30, -10)"
ASMSpotter-38-2-2,-12.620876,-70.197573,ASMSpotter,Forest,"Tree cover, broadleaved, evergreen, closed to open (>15%)",Rural: Very Low Dens,test,Af,"Tropical, rainforest",1,Tropical,South America,"[-30, -10)"
ASMSpotter-38-2-3,-12.606584,-70.197573,ASMSpotter,Forest,"Tree cover, broadleaved, evergreen, closed to open (>15%)",Rural: Very Low Dens,train,Af,"Tropical, rainforest",1,Tropical,South America,"[-30, -10)"
ASMSpotter-38-3-1,-12.635169,-70.18302,ASMSpotter,Forest,"Tree cover, broadleaved, evergreen, closed to open (>15%)",Rural: Very Low Dens,test,Af,"Tropical, rainforest",1,Tropical,South America,"[-30, -10)"
ASMSpotter-38-3-2,-12.620876,-70.18302,ASMSpotter,Forest,"Tree cover, broadleaved, evergreen, closed to open (>15%)",Rural: Very Low Dens,train,Af,"Tropical, rainforest",1,Tropical,South America,"[-30, -10)"
ASMSpotter-38-3-3,-12.606584,-70.18302,ASMSpotter,Forest,"Tree cover, broadleaved, evergreen, closed to open (>15%)",Rural: Very Low Dens,train,Af,"Tropical, rainforest",1,Tropical,South America,"[-30, -10)"
ASMSpotter-39-1-1,-12.608145,-70.346106,ASMSpotter,Forest,"Tree cover, broadleaved, evergreen, closed to open (>15%)",Rural: Very Low Dens,train,Af,"Tropical, rainforest",1,Tropical,South America,"[-30, -10)"
ASMSpotter-39-1-2,-12.593853,-70.346106,ASMSpotter,Forest,"Tree cover, broadleaved, evergreen, closed to open (>15%)",Rural: Very Low Dens,train,Af,"Tropical, rainforest",1,Tropical,South America,"[-30, -10)"
ASMSpotter-39-1-3,-12.57956,-70.346106,ASMSpotter,Forest,"Tree cover, broadleaved, evergreen, closed to open (>15%)",Rural: Very Low Dens,train,Af,"Tropical, rainforest",1,Tropical,South America,"[-30, -10)"
ASMSpotter-39-2-1,-12.608145,-70.331554,ASMSpotter,Forest,"Tree cover, broadleaved, evergreen, closed to open (>15%)",Rural: Very Low Dens,train,Af,"Tropical, rainforest",1,Tropical,South America,"[-30, -10)"
ASMSpotter-39-2-2,-12.593853,-70.331554,ASMSpotter,Forest,"Tree cover, broadleaved, evergreen, closed to open (>15%)",Rural: Very Low Dens,train,Af,"Tropical, rainforest",1,Tropical,South America,"[-30, -10)"
ASMSpotter-39-2-3,-12.57956,-70.331554,ASMSpotter,Forest,"Tree cover, broadleaved, evergreen, closed to open (>15%)",Rural: Very Low Dens,train,Af,"Tropical, rainforest",1,Tropical,South America,"[-30, -10)"
ASMSpotter-39-3-1,-12.608145,-70.317003,ASMSpotter,Forest,"Tree cover, broadleaved, evergreen, closed to open (>15%)",Rural: Very Low Dens,train,Af,"Tropical, rainforest",1,Tropical,South America,"[-30, -10)"
ASMSpotter-39-3-2,-12.593853,-70.317003,ASMSpotter,Forest,"Tree cover, broadleaved, evergreen, closed to open (>15%)",Rural: Very Low Dens,train,Af,"Tropical, rainforest",1,Tropical,South America,"[-30, -10)"
ASMSpotter-39-3-3,-12.57956,-70.317003,ASMSpotter,Forest,"Tree cover, broadleaved, evergreen, closed to open (>15%)",Rural: Very Low Dens,train,Af,"Tropical, rainforest",1,Tropical,South America,"[-30, -10)"
ASMSpotter-4-1-1,4.99429,-55.482812,ASMSpotter,Forest,"Tree cover, broadleaved, evergreen, closed to open (>15%)",Rural: Very Low Dens,train,Af,"Tropical, rainforest",1,Tropical,South America,"[-10, 10)"
ASMSpotter-4-1-2,5.008589,-55.482812,ASMSpotter,Forest,"Tree cover, broadleaved, evergreen, closed to open (>15%)",Rural: Very Low Dens,train,Af,"Tropical, rainforest",1,Tropical,South America,"[-10, 10)"
ASMSpotter-4-1-3,5.022887,-55.482812,ASMSpotter,Forest,"Tree cover, broadleaved, evergreen, closed to open (>15%)",Rural: Very Low Dens,train,Af,"Tropical, rainforest",1,Tropical,South America,"[-10, 10)"
ASMSpotter-4-2-1,4.99429,-55.468554,ASMSpotter,Forest,"Tree cover, broadleaved, evergreen, closed to open (>15%)",Rural: Very Low Dens,train,Af,"Tropical, rainforest",1,Tropical,South America,"[-10, 10)"
ASMSpotter-4-2-2,5.008589,-55.468554,ASMSpotter,Forest,"Tree cover, broadleaved, evergreen, closed to open (>15%)",Rural: Very Low Dens,train,Af,"Tropical, rainforest",1,Tropical,South America,"[-10, 10)"
ASMSpotter-4-2-3,5.022887,-55.468554,ASMSpotter,Forest,"Tree cover, broadleaved, evergreen, closed to open (>15%)",Rural: Very Low Dens,val,Af,"Tropical, rainforest",1,Tropical,South America,"[-10, 10)"
ASMSpotter-4-3-1,4.99429,-55.454297,ASMSpotter,Forest,"Tree cover, broadleaved, evergreen, closed to open (>15%)",Rural: Very Low Dens,train,Af,"Tropical, rainforest",1,Tropical,South America,"[-10, 10)"
ASMSpotter-4-3-2,5.008589,-55.454297,ASMSpotter,Forest,"Tree cover, broadleaved, evergreen, closed to open (>15%)",Rural: Very Low Dens,train,Af,"Tropical, rainforest",1,Tropical,South America,"[-10, 10)"
ASMSpotter-4-3-3,5.022887,-55.454297,ASMSpotter,Forest,"Tree cover, broadleaved, evergreen, closed to open (>15%)",Rural: Very Low Dens,train,Af,"Tropical, rainforest",1,Tropical,South America,"[-10, 10)"
ASMSpotter-40-1-1,-12.679587,-70.443099,ASMSpotter,Forest,"Tree cover, broadleaved, evergreen, closed to open (>15%)",Rural: Very Low Dens,train,Af,"Tropical, rainforest",1,Tropical,South America,"[-30, -10)"
ASMSpotter-40-1-2,-12.665295,-70.443099,ASMSpotter,Forest,"Tree cover, broadleaved, evergreen, closed to open (>15%)",Rural: Very Low Dens,train,Af,"Tropical, rainforest",1,Tropical,South America,"[-30, -10)"
ASMSpotter-40-1-3,-12.651002,-70.443099,ASMSpotter,Forest,"Tree cover, broadleaved, evergreen, closed to open (>15%)",Rural: Very Low Dens,val,Af,"Tropical, rainforest",1,Tropical,South America,"[-30, -10)"
ASMSpotter-40-2-1,-12.679587,-70.428543,ASMSpotter,Forest,"Tree cover, broadleaved, evergreen, closed to open (>15%)",Rural: Very Low Dens,test,Af,"Tropical, rainforest",1,Tropical,South America,"[-30, -10)"
ASMSpotter-40-2-2,-12.665295,-70.428543,ASMSpotter,Forest,"Tree cover, broadleaved, evergreen, closed to open (>15%)",Rural: Very Low Dens,train,Af,"Tropical, rainforest",1,Tropical,South America,"[-30, -10)"
ASMSpotter-40-2-3,-12.651002,-70.428543,ASMSpotter,Forest,"Tree cover, broadleaved, evergreen, closed to open (>15%)",Rural: Very Low Dens,train,Af,"Tropical, rainforest",1,Tropical,South America,"[-30, -10)"
ASMSpotter-40-3-1,-12.679587,-70.413988,ASMSpotter,Forest,"Tree cover, broadleaved, evergreen, closed to open (>15%)",Rural: Very Low Dens,train,Af,"Tropical, rainforest",1,Tropical,South America,"[-30, -10)"
ASMSpotter-40-3-2,-12.665295,-70.413988,ASMSpotter,Forest,"Tree cover, broadleaved, evergreen, closed to open (>15%)",Rural: Very Low Dens,train,Af,"Tropical, rainforest",1,Tropical,South America,"[-30, -10)"
ASMSpotter-40-3-3,-12.651002,-70.413988,ASMSpotter,Forest,"Tree cover, broadleaved, evergreen, closed to open (>15%)",Rural: Very Low Dens,train,Af,"Tropical, rainforest",1,Tropical,South America,"[-30, -10)"
ASMSpotter-5-1-1,5.069913,-54.942917,ASMSpotter,Forest,"Tree cover, broadleaved, evergreen, closed to open (>15%)",Rural: Very Low Dens,train,Af,"Tropical, rainforest",1,Tropical,South America,"[-10, 10)"
ASMSpotter-5-1-2,5.084212,-54.942917,ASMSpotter,Forest,"Tree cover, broadleaved, evergreen, closed to open (>15%)",Rural: Very Low Dens,train,Af,"Tropical, rainforest",1,Tropical,South America,"[-10, 10)"
ASMSpotter-5-1-3,5.09851,-54.942917,ASMSpotter,Forest,"Tree cover, broadleaved, evergreen, closed to open (>15%)",Rural: Very Low Dens,train,Af,"Tropical, rainforest",1,Tropical,South America,"[-10, 10)"
ASMSpotter-5-2-1,5.069913,-54.928658,ASMSpotter,Forest,"Tree cover, broadleaved, evergreen, closed to open (>15%)",Rural: Very Low Dens,train,Af,"Tropical, rainforest",1,Tropical,South America,"[-10, 10)"
ASMSpotter-5-2-2,5.084212,-54.928658,ASMSpotter,Forest,"Tree cover, broadleaved, evergreen, closed to open (>15%)",Rural: Very Low Dens,train,Af,"Tropical, rainforest",1,Tropical,South America,"[-10, 10)"
ASMSpotter-5-2-3,5.09851,-54.928658,ASMSpotter,Forest,"Tree cover, broadleaved, evergreen, closed to open (>15%)",Rural: Very Low Dens,train,Af,"Tropical, rainforest",1,Tropical,South America,"[-10, 10)"
ASMSpotter-5-3-1,5.069913,-54.914399,ASMSpotter,Forest,"Tree cover, broadleaved, evergreen, closed to open (>15%)",Rural: Very Low Dens,train,Af,"Tropical, rainforest",1,Tropical,South America,"[-10, 10)"
ASMSpotter-5-3-2,5.084212,-54.914399,ASMSpotter,Forest,"Tree cover, broadleaved, evergreen, closed to open (>15%)",Rural: Very Low Dens,test,Af,"Tropical, rainforest",1,Tropical,South America,"[-10, 10)"
ASMSpotter-5-3-3,5.09851,-54.914399,ASMSpotter,Forest,"Tree cover, broadleaved, evergreen, closed to open (>15%)",Rural: Very Low Dens,train,Af,"Tropical, rainforest",1,Tropical,South America,"[-10, 10)"
ASMSpotter-6-1-1,5.0806,-55.009007,ASMSpotter,Forest,"Tree cover, broadleaved, evergreen, closed to open (>15%)",Rural: Very Low Dens,train,Af,"Tropical, rainforest",1,Tropical,South America,"[-10, 10)"
ASMSpotter-6-1-2,5.094898,-55.009007,ASMSpotter,Forest,"Tree cover, broadleaved, evergreen, closed to open (>15%)",Rural: Very Low Dens,train,Af,"Tropical, rainforest",1,Tropical,South America,"[-10, 10)"
ASMSpotter-6-1-3,5.109196,-55.009007,ASMSpotter,Forest,"Tree cover, broadleaved, evergreen, closed to open (>15%)",Rural: Very Low Dens,test,Af,"Tropical, rainforest",1,Tropical,South America,"[-10, 10)"
ASMSpotter-6-2-1,5.0806,-54.994748,ASMSpotter,Forest,"Tree cover, broadleaved, evergreen, closed to open (>15%)",Rural: Very Low Dens,train,Af,"Tropical, rainforest",1,Tropical,South America,"[-10, 10)"
ASMSpotter-6-2-2,5.094898,-54.994748,ASMSpotter,Forest,"Tree cover, broadleaved, evergreen, closed to open (>15%)",Rural: Very Low Dens,train,Af,"Tropical, rainforest",1,Tropical,South America,"[-10, 10)"
ASMSpotter-6-2-3,5.109196,-54.994748,ASMSpotter,Forest,"Tree cover, broadleaved, evergreen, closed to open (>15%)",Rural: Very Low Dens,test,Af,"Tropical, rainforest",1,Tropical,South America,"[-10, 10)"
ASMSpotter-6-3-1,5.0806,-54.980488,ASMSpotter,Forest,"Tree cover, broadleaved, evergreen, closed to open (>15%)",Rural: Very Low Dens,train,Af,"Tropical, rainforest",1,Tropical,South America,"[-10, 10)"
ASMSpotter-6-3-2,5.094898,-54.980488,ASMSpotter,Forest,"Tree cover, broadleaved, evergreen, closed to open (>15%)",Rural: Very Low Dens,val,Af,"Tropical, rainforest",1,Tropical,South America,"[-10, 10)"
ASMSpotter-6-3-3,5.109196,-54.980488,ASMSpotter,Forest,"Tree cover, broadleaved, evergreen, closed to open (>15%)",Rural: Very Low Dens,train,Af,"Tropical, rainforest",1,Tropical,South America,"[-10, 10)"
ASMSpotter-7-1-1,5.064762,-55.032761,ASMSpotter,Forest,"Tree cover, broadleaved, evergreen, closed to open (>15%)",Rural: Very Low Dens,train,Af,"Tropical, rainforest",1,Tropical,South America,"[-10, 10)"
ASMSpotter-7-1-2,5.079061,-55.032761,ASMSpotter,Forest,"Tree cover, broadleaved, evergreen, closed to open (>15%)",Rural: Very Low Dens,train,Af,"Tropical, rainforest",1,Tropical,South America,"[-10, 10)"
ASMSpotter-7-1-3,5.093359,-55.032761,ASMSpotter,Forest,"Tree cover, broadleaved, evergreen, closed to open (>15%)",Rural: Very Low Dens,train,Af,"Tropical, rainforest",1,Tropical,South America,"[-10, 10)"
ASMSpotter-7-2-1,5.064762,-55.018501,ASMSpotter,Forest,"Tree cover, broadleaved, evergreen, closed to open (>15%)",Rural: Very Low Dens,train,Af,"Tropical, rainforest",1,Tropical,South America,"[-10, 10)"
ASMSpotter-7-2-2,5.079061,-55.018501,ASMSpotter,Forest,"Tree cover, broadleaved, evergreen, closed to open (>15%)",Rural: Very Low Dens,train,Af,"Tropical, rainforest",1,Tropical,South America,"[-10, 10)"
ASMSpotter-7-2-3,5.093359,-55.018501,ASMSpotter,Forest,"Tree cover, broadleaved, evergreen, closed to open (>15%)",Rural: Very Low Dens,train,Af,"Tropical, rainforest",1,Tropical,South America,"[-10, 10)"
ASMSpotter-7-3-1,5.064762,-55.004242,ASMSpotter,Forest,"Tree cover, broadleaved, evergreen, closed to open (>15%)",Rural: Very Low Dens,test,Af,"Tropical, rainforest",1,Tropical,South America,"[-10, 10)"
ASMSpotter-7-3-2,5.079061,-55.004242,ASMSpotter,Forest,"Tree cover, broadleaved, evergreen, closed to open (>15%)",Rural: Very Low Dens,train,Af,"Tropical, rainforest",1,Tropical,South America,"[-10, 10)"
ASMSpotter-7-3-3,5.093359,-55.004242,ASMSpotter,Forest,"Tree cover, broadleaved, evergreen, closed to open (>15%)",Rural: Very Low Dens,train,Af,"Tropical, rainforest",1,Tropical,South America,"[-10, 10)"
ASMSpotter-8-1-1,5.015345,-54.966756,ASMSpotter,Forest,"Tree cover, broadleaved, evergreen, closed to open (>15%)",Rural: Very Low Dens,train,Af,"Tropical, rainforest",1,Tropical,South America,"[-10, 10)"
ASMSpotter-8-1-2,5.029643,-54.966756,ASMSpotter,Forest,"Tree cover, broadleaved, evergreen, closed to open (>15%)",Rural: Very Low Dens,train,Af,"Tropical, rainforest",1,Tropical,South America,"[-10, 10)"
ASMSpotter-8-1-3,5.043942,-54.966756,ASMSpotter,Forest,"Tree cover, broadleaved, evergreen, closed to open (>15%)",Rural: Very Low Dens,train,Af,"Tropical, rainforest",1,Tropical,South America,"[-10, 10)"
ASMSpotter-8-2-1,5.015345,-54.952497,ASMSpotter,Forest,"Tree cover, broadleaved, evergreen, closed to open (>15%)",Rural: Very Low Dens,train,Af,"Tropical, rainforest",1,Tropical,South America,"[-10, 10)"
ASMSpotter-8-2-2,5.029643,-54.952497,ASMSpotter,Forest,"Tree cover, broadleaved, evergreen, closed to open (>15%)",Rural: Very Low Dens,train,Af,"Tropical, rainforest",1,Tropical,South America,"[-10, 10)"
ASMSpotter-8-2-3,5.043942,-54.952497,ASMSpotter,Forest,"Tree cover, broadleaved, evergreen, closed to open (>15%)",Rural: Very Low Dens,train,Af,"Tropical, rainforest",1,Tropical,South America,"[-10, 10)"
ASMSpotter-8-3-1,5.015345,-54.938239,ASMSpotter,Forest,"Tree cover, broadleaved, evergreen, closed to open (>15%)",Rural: Very Low Dens,train,Af,"Tropical, rainforest",1,Tropical,South America,"[-10, 10)"
ASMSpotter-8-3-2,5.029643,-54.938239,ASMSpotter,Forest,"Tree cover, broadleaved, evergreen, closed to open (>15%)",Rural: Very Low Dens,test,Af,"Tropical, rainforest",1,Tropical,South America,"[-10, 10)"
ASMSpotter-8-3-3,5.043942,-54.938239,ASMSpotter,Forest,"Tree cover, broadleaved, evergreen, closed to open (>15%)",Rural: Very Low Dens,train,Af,"Tropical, rainforest",1,Tropical,South America,"[-10, 10)"
ASMSpotter-9-1-1,5.118493,-54.830802,ASMSpotter,Forest,"Tree cover, broadleaved, evergreen, closed to open (>15%)",Rural: Very Low Dens,train,Af,"Tropical, rainforest",1,Tropical,South America,"[-10, 10)"
ASMSpotter-9-1-2,5.132791,-54.830802,ASMSpotter,Forest,"Tree cover, broadleaved, evergreen, closed to open (>15%)",Rural: Very Low Dens,train,Af,"Tropical, rainforest",1,Tropical,South America,"[-10, 10)"
ASMSpotter-9-1-3,5.147089,-54.830802,ASMSpotter,Forest,"Tree cover, broadleaved, evergreen, closed to open (>15%)",Rural: Very Low Dens,train,Af,"Tropical, rainforest",1,Tropical,South America,"[-10, 10)"
ASMSpotter-9-2-1,5.118493,-54.816542,ASMSpotter,Forest,"Tree cover, broadleaved, evergreen, closed to open (>15%)",Rural: Very Low Dens,train,Af,"Tropical, rainforest",1,Tropical,South America,"[-10, 10)"
ASMSpotter-9-2-2,5.132791,-54.816542,ASMSpotter,Forest,"Tree cover, broadleaved, evergreen, closed to open (>15%)",Rural: Very Low Dens,train,Af,"Tropical, rainforest",1,Tropical,South America,"[-10, 10)"
ASMSpotter-9-2-3,5.147089,-54.816542,ASMSpotter,Forest,"Tree cover, broadleaved, evergreen, closed to open (>15%)",Rural: Very Low Dens,train,Af,"Tropical, rainforest",1,Tropical,South America,"[-10, 10)"
ASMSpotter-9-3-1,5.118493,-54.802281,ASMSpotter,Forest,"Tree cover, broadleaved, evergreen, closed to open (>15%)",Rural: Very Low Dens,train,Af,"Tropical, rainforest",1,Tropical,South America,"[-10, 10)"
ASMSpotter-9-3-2,5.132791,-54.802281,ASMSpotter,Forest,"Tree cover, broadleaved, evergreen, closed to open (>15%)",Rural: Very Low Dens,train,Af,"Tropical, rainforest",1,Tropical,South America,"[-10, 10)"
ASMSpotter-9-3-3,5.147089,-54.802281,ASMSpotter,Forest,"Tree cover, broadleaved, evergreen, closed to open (>15%)",Rural: Very Low Dens,train,Af,"Tropical, rainforest",1,Tropical,South America,"[-10, 10)"
Amnesty POI-1-1-1,11.784858,13.157207,Amnesty,Settlement,Urban areas,Urban: Centre,train,BSh,"Arid, steppe, hot",6,Arid,Africa,"[10, 30)"
Amnesty POI-1-1-2,11.799151,13.157207,Amnesty,Settlement,Urban areas,Urban: Centre,train,BSh,"Arid, steppe, hot",6,Arid,Africa,"[10, 30)"
Amnesty POI-1-1-3,11.813444,13.157207,Amnesty,Settlement,Urban areas,Urban: Centre,train,BSh,"Arid, steppe, hot",6,Arid,Africa,"[10, 30)"
Amnesty POI-1-2-1,11.784858,13.171715,Amnesty,Settlement,Urban areas,Urban: Centre,test,BSh,"Arid, steppe, hot",6,Arid,Africa,"[10, 30)"
Amnesty POI-1-2-2,11.799151,13.171715,Amnesty,Settlement,Urban areas,Urban: Centre,train,BSh,"Arid, steppe, hot",6,Arid,Africa,"[10, 30)"
Amnesty POI-1-2-3,11.813444,13.171715,Amnesty,Settlement,Urban areas,Urban: Centre,train,BSh,"Arid, steppe, hot",6,Arid,Africa,"[10, 30)"
Amnesty POI-1-3-1,11.784858,13.186223,Amnesty,Settlement,Urban areas,Urban: Centre,train,BSh,"Arid, steppe, hot",6,Arid,Africa,"[10, 30)"
Amnesty POI-1-3-2,11.799151,13.186223,Amnesty,Settlement,Urban areas,Urban: Centre,train,BSh,"Arid, steppe, hot",6,Arid,Africa,"[10, 30)"
Amnesty POI-1-3-3,11.813444,13.186223,Amnesty,Settlement,Urban areas,Urban: Centre,train,BSh,"Arid, steppe, hot",6,Arid,Africa,"[10, 30)"
Amnesty POI-10-1-1,13.154895,105.848905,Amnesty,Forest,"Tree cover, broadleaved, evergreen, closed to open (>15%)",Rural: Very Low Dens,train,Aw,"Tropical, savannah",3,Tropical,Asia,"[10, 30)"
Amnesty POI-10-1-2,13.169187,105.848905,Amnesty,Forest,"Tree cover, broadleaved, evergreen, closed to open (>15%)",Rural: Very Low Dens,train,Aw,"Tropical, savannah",3,Tropical,Asia,"[10, 30)"
Amnesty POI-10-1-3,13.183479,105.848905,Amnesty,Forest,"Tree cover, broadleaved, evergreen, closed to open (>15%)",Rural: Very Low Dens,train,Aw,"Tropical, savannah",3,Tropical,Asia,"[10, 30)"
Amnesty POI-10-2-1,13.154895,105.86349,Amnesty,Forest,"Tree cover, broadleaved, evergreen, closed to open (>15%)",Rural: Very Low Dens,test,Aw,"Tropical, savannah",3,Tropical,Asia,"[10, 30)"
Amnesty POI-10-2-2,13.169187,105.86349,Amnesty,Forest,"Tree cover, broadleaved, evergreen, closed to open (>15%)",Rural: Very Low Dens,train,Aw,"Tropical, savannah",3,Tropical,Asia,"[10, 30)"
Amnesty POI-10-2-3,13.183479,105.86349,Amnesty,Forest,"Tree cover, broadleaved, evergreen, closed to open (>15%)",Rural: Very Low Dens,train,Aw,"Tropical, savannah",3,Tropical,Asia,"[10, 30)"
Amnesty POI-10-3-1,13.154895,105.878074,Amnesty,Forest,"Tree cover, broadleaved, evergreen, closed to open (>15%)",Rural: Very Low Dens,train,Aw,"Tropical, savannah",3,Tropical,Asia,"[10, 30)"
Amnesty POI-10-3-2,13.169187,105.878074,Amnesty,Forest,"Tree cover, broadleaved, evergreen, closed to open (>15%)",Rural: Very Low Dens,train,Aw,"Tropical, savannah",3,Tropical,Asia,"[10, 30)"
Amnesty POI-10-3-3,13.183479,105.878074,Amnesty,Forest,"Tree cover, broadleaved, evergreen, closed to open (>15%)",Rural: Very Low Dens,test,Aw,"Tropical, savannah",3,Tropical,Asia,"[10, 30)"
Amnesty POI-11-1-1,21.190893,92.14476,Amnesty,Agriculture,"Cropland, rainfed",Rural: Low Dens,train,Am,"Tropical, monsoon",2,Tropical,Asia,"[10, 30)"
Amnesty POI-11-1-2,21.205173,92.14476,Amnesty,Agriculture,"Cropland, rainfed",Rural: Low Dens,train,Am,"Tropical, monsoon",2,Tropical,Asia,"[10, 30)"
Amnesty POI-11-1-3,21.219454,92.14476,Amnesty,Agriculture,"Cropland, rainfed",Rural: Low Dens,train,Am,"Tropical, monsoon",2,Tropical,Asia,"[10, 30)"
Amnesty POI-11-2-1,21.190893,92.159988,Amnesty,Agriculture,"Cropland, rainfed",Rural: Low Dens,test,Am,"Tropical, monsoon",2,Tropical,Asia,"[10, 30)"
Amnesty POI-11-2-2,21.205173,92.159988,Amnesty,Agriculture,"Cropland, rainfed",Rural: Low Dens,train,Am,"Tropical, monsoon",2,Tropical,Asia,"[10, 30)"
Amnesty POI-11-2-3,21.219454,92.159988,Amnesty,Agriculture,"Cropland, rainfed",Rural: Low Dens,val,Am,"Tropical, monsoon",2,Tropical,Asia,"[10, 30)"
Amnesty POI-11-3-1,21.190893,92.175217,Amnesty,Agriculture,"Cropland, rainfed",Rural: Low Dens,train,Am,"Tropical, monsoon",2,Tropical,Asia,"[10, 30)"
Amnesty POI-11-3-2,21.205173,92.175217,Amnesty,Agriculture,"Cropland, rainfed",Rural: Low Dens,train,Am,"Tropical, monsoon",2,Tropical,Asia,"[10, 30)"
Amnesty POI-11-3-3,21.219454,92.175217,Amnesty,Agriculture,"Cropland, rainfed",Rural: Low Dens,train,Am,"Tropical, monsoon",2,Tropical,Asia,"[10, 30)"
Amnesty POI-13-1-1,12.658317,13.600765,Amnesty,Grassland,Mosaic herbaceous cover (>50%) / tree and shrub (<50%),Urban: Centre,test,BWh,"Arid, desert, hot",4,Arid,Africa,"[10, 30)"
Amnesty POI-13-1-2,12.672609,13.600765,Amnesty,Grassland,Mosaic herbaceous cover (>50%) / tree and shrub (<50%),Urban: Centre,train,BWh,"Arid, desert, hot",4,Arid,Africa,"[10, 30)"
Amnesty POI-13-1-3,12.686901,13.600765,Amnesty,Grassland,Mosaic herbaceous cover (>50%) / tree and shrub (<50%),Urban: Centre,train,BWh,"Arid, desert, hot",4,Arid,Africa,"[10, 30)"
Amnesty POI-13-2-1,12.658317,13.615321,Amnesty,Grassland,Mosaic herbaceous cover (>50%) / tree and shrub (<50%),Urban: Centre,train,BWh,"Arid, desert, hot",4,Arid,Africa,"[10, 30)"
Amnesty POI-13-2-2,12.672609,13.615321,Amnesty,Grassland,Mosaic herbaceous cover (>50%) / tree and shrub (<50%),Urban: Centre,train,BWh,"Arid, desert, hot",4,Arid,Africa,"[10, 30)"
Amnesty POI-13-2-3,12.686901,13.615321,Amnesty,Grassland,Mosaic herbaceous cover (>50%) / tree and shrub (<50%),Urban: Centre,train,BWh,"Arid, desert, hot",4,Arid,Africa,"[10, 30)"
Amnesty POI-13-3-1,12.658317,13.629877,Amnesty,Grassland,Mosaic herbaceous cover (>50%) / tree and shrub (<50%),Urban: Centre,train,BWh,"Arid, desert, hot",4,Arid,Africa,"[10, 30)"
Amnesty POI-13-3-2,12.672609,13.629877,Amnesty,Grassland,Mosaic herbaceous cover (>50%) / tree and shrub (<50%),Urban: Centre,train,BWh,"Arid, desert, hot",4,Arid,Africa,"[10, 30)"
Amnesty POI-13-3-3,12.686901,13.629877,Amnesty,Grassland,Mosaic herbaceous cover (>50%) / tree and shrub (<50%),Urban: Centre,train,BWh,"Arid, desert, hot",4,Arid,Africa,"[10, 30)"
Amnesty POI-14-1-1,14.519696,39.370821,Amnesty,Agriculture,"Cropland, rainfed",Urban: Dense,test,BSk,"Arid, steppe, cold",7,Arid,Africa,"[10, 30)"
Amnesty POI-14-1-2,14.533986,39.370821,Amnesty,Agriculture,"Cropland, rainfed",Urban: Dense,train,BSk,"Arid, steppe, cold",7,Arid,Africa,"[10, 30)"
Amnesty POI-14-1-3,14.548277,39.370821,Amnesty,Agriculture,"Cropland, rainfed",Urban: Dense,train,BSk,"Arid, steppe, cold",7,Arid,Africa,"[10, 30)"
Amnesty POI-14-2-1,14.519696,39.385491,Amnesty,Agriculture,"Cropland, rainfed",Urban: Dense,train,BSk,"Arid, steppe, cold",7,Arid,Africa,"[10, 30)"
Amnesty POI-14-2-2,14.533986,39.385491,Amnesty,Agriculture,"Cropland, rainfed",Urban: Dense,train,BSk,"Arid, steppe, cold",7,Arid,Africa,"[10, 30)"
Amnesty POI-14-2-3,14.548277,39.385491,Amnesty,Agriculture,"Cropland, rainfed",Urban: Dense,train,BSk,"Arid, steppe, cold",7,Arid,Africa,"[10, 30)"
Amnesty POI-14-3-1,14.519696,39.400161,Amnesty,Agriculture,"Cropland, rainfed",Urban: Dense,train,BSk,"Arid, steppe, cold",7,Arid,Africa,"[10, 30)"
Amnesty POI-14-3-2,14.533986,39.400161,Amnesty,Agriculture,"Cropland, rainfed",Urban: Dense,train,BSk,"Arid, steppe, cold",7,Arid,Africa,"[10, 30)"
Amnesty POI-14-3-3,14.548277,39.400161,Amnesty,Agriculture,"Cropland, rainfed",Urban: Dense,train,BSk,"Arid, steppe, cold",7,Arid,Africa,"[10, 30)"
Amnesty POI-15-1-1,14.052251,36.552323,Amnesty,Agriculture,"Cropland, irrigated or post‐flooding",Rural: Very Low Dens,train,BSh,"Arid, steppe, hot",6,Arid,Africa,"[10, 30)"
Amnesty POI-15-1-2,14.066542,36.552323,Amnesty,Agriculture,"Cropland, irrigated or post‐flooding",Rural: Very Low Dens,val,BSh,"Arid, steppe, hot",6,Arid,Africa,"[10, 30)"
Amnesty POI-15-1-3,14.080833,36.552323,Amnesty,Agriculture,"Cropland, irrigated or post‐flooding",Rural: Very Low Dens,train,BSh,"Arid, steppe, hot",6,Arid,Africa,"[10, 30)"
Amnesty POI-15-2-1,14.052251,36.566963,Amnesty,Agriculture,"Cropland, irrigated or post‐flooding",Rural: Very Low Dens,train,BSh,"Arid, steppe, hot",6,Arid,Africa,"[10, 30)"
Amnesty POI-15-2-2,14.066542,36.566963,Amnesty,Agriculture,"Cropland, irrigated or post‐flooding",Rural: Very Low Dens,train,BSh,"Arid, steppe, hot",6,Arid,Africa,"[10, 30)"
Amnesty POI-15-2-3,14.080833,36.566963,Amnesty,Agriculture,"Cropland, irrigated or post‐flooding",Rural: Very Low Dens,train,BSh,"Arid, steppe, hot",6,Arid,Africa,"[10, 30)"
Amnesty POI-15-3-1,14.052251,36.581602,Amnesty,Agriculture,"Cropland, irrigated or post‐flooding",Rural: Very Low Dens,train,BSh,"Arid, steppe, hot",6,Arid,Africa,"[10, 30)"
Amnesty POI-15-3-2,14.066542,36.581602,Amnesty,Agriculture,"Cropland, irrigated or post‐flooding",Rural: Very Low Dens,train,BSh,"Arid, steppe, hot",6,Arid,Africa,"[10, 30)"
Amnesty POI-15-3-3,14.080833,36.581602,Amnesty,Agriculture,"Cropland, irrigated or post‐flooding",Rural: Very Low Dens,train,BSh,"Arid, steppe, hot",6,Arid,Africa,"[10, 30)"
Amnesty POI-16-1-1,6.18265,-61.471189,Amnesty,Agriculture,"Mosaic natural vegetation (tree, shrub, herbaceous cover) (>50%) / cropland (<50%)",Rural: Very Low Dens,train,Af,"Tropical, rainforest",1,Tropical,South America,"[-10, 10)"
Amnesty POI-16-1-2,6.196948,-61.471189,Amnesty,Agriculture,"Mosaic natural vegetation (tree, shrub, herbaceous cover) (>50%) / cropland (<50%)",Rural: Very Low Dens,train,Af,"Tropical, rainforest",1,Tropical,South America,"[-10, 10)"
Amnesty POI-16-1-3,6.211246,-61.471189,Amnesty,Agriculture,"Mosaic natural vegetation (tree, shrub, herbaceous cover) (>50%) / cropland (<50%)",Rural: Very Low Dens,train,Af,"Tropical, rainforest",1,Tropical,South America,"[-10, 10)"
Amnesty POI-16-2-1,6.18265,-61.456903,Amnesty,Agriculture,"Mosaic natural vegetation (tree, shrub, herbaceous cover) (>50%) / cropland (<50%)",Rural: Very Low Dens,test,Af,"Tropical, rainforest",1,Tropical,South America,"[-10, 10)"
Amnesty POI-16-2-2,6.196948,-61.456903,Amnesty,Agriculture,"Mosaic natural vegetation (tree, shrub, herbaceous cover) (>50%) / cropland (<50%)",Rural: Very Low Dens,train,Af,"Tropical, rainforest",1,Tropical,South America,"[-10, 10)"
Amnesty POI-16-2-3,6.211246,-61.456903,Amnesty,Agriculture,"Mosaic natural vegetation (tree, shrub, herbaceous cover) (>50%) / cropland (<50%)",Rural: Very Low Dens,train,Af,"Tropical, rainforest",1,Tropical,South America,"[-10, 10)"
Amnesty POI-16-3-1,6.18265,-61.442616,Amnesty,Agriculture,"Mosaic natural vegetation (tree, shrub, herbaceous cover) (>50%) / cropland (<50%)",Rural: Very Low Dens,train,Af,"Tropical, rainforest",1,Tropical,South America,"[-10, 10)"
Amnesty POI-16-3-2,6.196948,-61.442616,Amnesty,Agriculture,"Mosaic natural vegetation (tree, shrub, herbaceous cover) (>50%) / cropland (<50%)",Rural: Very Low Dens,train,Af,"Tropical, rainforest",1,Tropical,South America,"[-10, 10)"
Amnesty POI-16-3-3,6.211246,-61.442616,Amnesty,Agriculture,"Mosaic natural vegetation (tree, shrub, herbaceous cover) (>50%) / cropland (<50%)",Rural: Very Low Dens,train,Af,"Tropical, rainforest",1,Tropical,South America,"[-10, 10)"
Amnesty POI-17-1-1,30.183324,-91.030986,Amnesty,Forest,"Tree cover, flooded, fresh or brakish water",Rural: Very Low Dens,train,Cfa,"Temperate, no dry season, hot summer",14,Temperate,North America,"[30, 60)"
Amnesty POI-17-1-2,30.197587,-91.030986,Amnesty,Forest,"Tree cover, flooded, fresh or brakish water",Rural: Very Low Dens,train,Cfa,"Temperate, no dry season, hot summer",14,Temperate,North America,"[30, 60)"
Amnesty POI-17-1-3,30.21185,-91.030986,Amnesty,Forest,"Tree cover, flooded, fresh or brakish water",Rural: Very Low Dens,train,Cfa,"Temperate, no dry season, hot summer",14,Temperate,North America,"[30, 60)"
Amnesty POI-17-2-1,30.183324,-91.014566,Amnesty,Forest,"Tree cover, flooded, fresh or brakish water",Rural: Very Low Dens,train,Cfa,"Temperate, no dry season, hot summer",14,Temperate,North America,"[30, 60)"
Amnesty POI-17-2-2,30.197587,-91.014566,Amnesty,Forest,"Tree cover, flooded, fresh or brakish water",Rural: Very Low Dens,train,Cfa,"Temperate, no dry season, hot summer",14,Temperate,North America,"[30, 60)"
Amnesty POI-17-2-3,30.21185,-91.014566,Amnesty,Forest,"Tree cover, flooded, fresh or brakish water",Rural: Very Low Dens,test,Cfa,"Temperate, no dry season, hot summer",14,Temperate,North America,"[30, 60)"
Amnesty POI-17-3-1,30.183324,-90.998146,Amnesty,Forest,"Tree cover, flooded, fresh or brakish water",Rural: Very Low Dens,train,Cfa,"Temperate, no dry season, hot summer",14,Temperate,North America,"[30, 60)"
Amnesty POI-17-3-2,30.197587,-90.998146,Amnesty,Forest,"Tree cover, flooded, fresh or brakish water",Rural: Very Low Dens,train,Cfa,"Temperate, no dry season, hot summer",14,Temperate,North America,"[30, 60)"
Amnesty POI-17-3-3,30.21185,-90.998146,Amnesty,Forest,"Tree cover, flooded, fresh or brakish water",Rural: Very Low Dens,train,Cfa,"Temperate, no dry season, hot summer",14,Temperate,North America,"[30, 60)"
Amnesty POI-18-1-1,26.054877,-98.085968,Amnesty,Agriculture,Herbaceous cover,Rural: Very Low Dens,train,BSh,"Arid, steppe, hot",6,Arid,North America,"[10, 30)"
Amnesty POI-18-1-2,26.069148,-98.085968,Amnesty,Agriculture,Herbaceous cover,Rural: Very Low Dens,train,BSh,"Arid, steppe, hot",6,Arid,North America,"[10, 30)"
Amnesty POI-18-1-3,26.08342,-98.085968,Amnesty,Agriculture,Herbaceous cover,Rural: Very Low Dens,test,BSh,"Arid, steppe, hot",6,Arid,North America,"[10, 30)"
Amnesty POI-18-2-1,26.054877,-98.070166,Amnesty,Agriculture,Herbaceous cover,Rural: Very Low Dens,train,BSh,"Arid, steppe, hot",6,Arid,North America,"[10, 30)"
Amnesty POI-18-2-2,26.069148,-98.070166,Amnesty,Agriculture,Herbaceous cover,Rural: Very Low Dens,train,BSh,"Arid, steppe, hot",6,Arid,North America,"[10, 30)"
Amnesty POI-18-2-3,26.08342,-98.070166,Amnesty,Agriculture,Herbaceous cover,Rural: Very Low Dens,val,BSh,"Arid, steppe, hot",6,Arid,North America,"[10, 30)"
Amnesty POI-18-3-1,26.054877,-98.054364,Amnesty,Agriculture,Herbaceous cover,Rural: Very Low Dens,train,BSh,"Arid, steppe, hot",6,Arid,North America,"[10, 30)"
Amnesty POI-18-3-2,26.069148,-98.054364,Amnesty,Agriculture,Herbaceous cover,Rural: Very Low Dens,val,BSh,"Arid, steppe, hot",6,Arid,North America,"[10, 30)"
Amnesty POI-18-3-3,26.08342,-98.054364,Amnesty,Agriculture,Herbaceous cover,Rural: Very Low Dens,train,BSh,"Arid, steppe, hot",6,Arid,North America,"[10, 30)"
Amnesty POI-19-1-1,22.935576,97.734376,Amnesty,Settlement,Urban areas,Urban: Centre,train,Cwa,"Temperate, dry winter, hot summer",11,Temperate,Asia,"[10, 30)"
Amnesty POI-19-1-2,22.949853,97.734376,Amnesty,Settlement,Urban areas,Urban: Centre,train,Cwa,"Temperate, dry winter, hot summer",11,Temperate,Asia,"[10, 30)"
Amnesty POI-19-1-3,22.964131,97.734376,Amnesty,Settlement,Urban areas,Urban: Centre,val,Cwa,"Temperate, dry winter, hot summer",11,Temperate,Asia,"[10, 30)"
Amnesty POI-19-2-1,22.935576,97.749793,Amnesty,Settlement,Urban areas,Urban: Centre,train,Cwa,"Temperate, dry winter, hot summer",11,Temperate,Asia,"[10, 30)"
Amnesty POI-19-2-2,22.949853,97.749793,Amnesty,Settlement,Urban areas,Urban: Centre,test,Cwa,"Temperate, dry winter, hot summer",11,Temperate,Asia,"[10, 30)"
Amnesty POI-19-2-3,22.964131,97.749793,Amnesty,Settlement,Urban areas,Urban: Centre,train,Cwa,"Temperate, dry winter, hot summer",11,Temperate,Asia,"[10, 30)"
Amnesty POI-19-3-1,22.935576,97.765209,Amnesty,Settlement,Urban areas,Urban: Centre,train,Cwa,"Temperate, dry winter, hot summer",11,Temperate,Asia,"[10, 30)"
Amnesty POI-19-3-2,22.949853,97.765209,Amnesty,Settlement,Urban areas,Urban: Centre,train,Cwa,"Temperate, dry winter, hot summer",11,Temperate,Asia,"[10, 30)"
Amnesty POI-19-3-3,22.964131,97.765209,Amnesty,Settlement,Urban areas,Urban: Centre,train,Cwa,"Temperate, dry winter, hot summer",11,Temperate,Asia,"[10, 30)"
Amnesty POI-2-1-1,-12.083257,40.463163,Amnesty,Settlement,Urban areas,Rural: Very Low Dens,train,Aw,"Tropical, savannah",3,Tropical,Africa,"[-30, -10)"
Amnesty POI-2-1-2,-12.068964,40.463163,Amnesty,Settlement,Urban areas,Rural: Very Low Dens,train,Aw,"Tropical, savannah",3,Tropical,Africa,"[-30, -10)"
Amnesty POI-2-1-3,-12.054671,40.463163,Amnesty,Settlement,Urban areas,Rural: Very Low Dens,train,Aw,"Tropical, savannah",3,Tropical,Africa,"[-30, -10)"
Amnesty POI-2-2-1,-12.083257,40.477685,Amnesty,Settlement,Urban areas,Rural: Very Low Dens,train,Aw,"Tropical, savannah",3,Tropical,Africa,"[-30, -10)"
Amnesty POI-2-2-2,-12.068964,40.477685,Amnesty,Settlement,Urban areas,Rural: Very Low Dens,train,Aw,"Tropical, savannah",3,Tropical,Africa,"[-30, -10)"
Amnesty POI-2-2-3,-12.054671,40.477685,Amnesty,Settlement,Urban areas,Rural: Very Low Dens,train,Aw,"Tropical, savannah",3,Tropical,Africa,"[-30, -10)"
Amnesty POI-2-3-1,-12.083257,40.492208,Amnesty,Settlement,Urban areas,Rural: Very Low Dens,test,Aw,"Tropical, savannah",3,Tropical,Africa,"[-30, -10)"
Amnesty POI-2-3-2,-12.068964,40.492208,Amnesty,Settlement,Urban areas,Rural: Very Low Dens,train,Aw,"Tropical, savannah",3,Tropical,Africa,"[-30, -10)"
Amnesty POI-2-3-3,-12.054671,40.492208,Amnesty,Settlement,Urban areas,Rural: Very Low Dens,train,Aw,"Tropical, savannah",3,Tropical,Africa,"[-30, -10)"
Amnesty POI-20-1-1,20.812389,92.373629,Amnesty,Agriculture,"Cropland, irrigated or post‐flooding",Rural: Very Low Dens,train,Am,"Tropical, monsoon",2,Tropical,Asia,"[10, 30)"
Amnesty POI-20-1-2,20.82667,92.373629,Amnesty,Agriculture,"Cropland, irrigated or post‐flooding",Rural: Very Low Dens,train,Am,"Tropical, monsoon",2,Tropical,Asia,"[10, 30)"
Amnesty POI-20-1-3,20.840952,92.373629,Amnesty,Agriculture,"Cropland, irrigated or post‐flooding",Rural: Very Low Dens,train,Am,"Tropical, monsoon",2,Tropical,Asia,"[10, 30)"
Amnesty POI-20-2-1,20.812389,92.388819,Amnesty,Agriculture,"Cropland, irrigated or post‐flooding",Rural: Very Low Dens,val,Am,"Tropical, monsoon",2,Tropical,Asia,"[10, 30)"
Amnesty POI-20-2-2,20.82667,92.388819,Amnesty,Agriculture,"Cropland, irrigated or post‐flooding",Rural: Very Low Dens,train,Am,"Tropical, monsoon",2,Tropical,Asia,"[10, 30)"
Amnesty POI-20-2-3,20.840952,92.388819,Amnesty,Agriculture,"Cropland, irrigated or post‐flooding",Rural: Very Low Dens,train,Am,"Tropical, monsoon",2,Tropical,Asia,"[10, 30)"
Amnesty POI-20-3-1,20.812389,92.404009,Amnesty,Agriculture,"Cropland, irrigated or post‐flooding",Rural: Very Low Dens,train,Am,"Tropical, monsoon",2,Tropical,Asia,"[10, 30)"
Amnesty POI-20-3-2,20.82667,92.404009,Amnesty,Agriculture,"Cropland, irrigated or post‐flooding",Rural: Very Low Dens,train,Am,"Tropical, monsoon",2,Tropical,Asia,"[10, 30)"
Amnesty POI-20-3-3,20.840952,92.404009,Amnesty,Agriculture,"Cropland, irrigated or post‐flooding",Rural: Very Low Dens,test,Am,"Tropical, monsoon",2,Tropical,Asia,"[10, 30)"
Amnesty POI-21-1-1,14.19243,-1.867262,Amnesty,Agriculture,"Cropland, rainfed",Rural: Very Low Dens,train,BSh,"Arid, steppe, hot",6,Arid,Africa,"[10, 30)"
Amnesty POI-21-1-2,14.206721,-1.867262,Amnesty,Agriculture,"Cropland, rainfed",Rural: Very Low Dens,train,BSh,"Arid, steppe, hot",6,Arid,Africa,"[10, 30)"
Amnesty POI-21-1-3,14.221012,-1.867262,Amnesty,Agriculture,"Cropland, rainfed",Rural: Very Low Dens,train,BSh,"Arid, steppe, hot",6,Arid,Africa,"[10, 30)"
Amnesty POI-21-2-1,14.19243,-1.852613,Amnesty,Agriculture,"Cropland, rainfed",Rural: Very Low Dens,train,BSh,"Arid, steppe, hot",6,Arid,Africa,"[10, 30)"
Amnesty POI-21-2-2,14.206721,-1.852613,Amnesty,Agriculture,"Cropland, rainfed",Rural: Very Low Dens,train,BSh,"Arid, steppe, hot",6,Arid,Africa,"[10, 30)"
Amnesty POI-21-2-3,14.221012,-1.852613,Amnesty,Agriculture,"Cropland, rainfed",Rural: Very Low Dens,train,BSh,"Arid, steppe, hot",6,Arid,Africa,"[10, 30)"
Amnesty POI-21-3-1,14.19243,-1.837964,Amnesty,Agriculture,"Cropland, rainfed",Rural: Very Low Dens,train,BSh,"Arid, steppe, hot",6,Arid,Africa,"[10, 30)"
Amnesty POI-21-3-2,14.206721,-1.837964,Amnesty,Agriculture,"Cropland, rainfed",Rural: Very Low Dens,test,BSh,"Arid, steppe, hot",6,Arid,Africa,"[10, 30)"
Amnesty POI-21-3-3,14.221012,-1.837964,Amnesty,Agriculture,"Cropland, rainfed",Rural: Very Low Dens,train,BSh,"Arid, steppe, hot",6,Arid,Africa,"[10, 30)"
Amnesty POI-22-1-1,4.428362,6.347355,Amnesty,Water,Water bodies,Rural: Very Low Dens,train,Af,"Tropical, rainforest",1,Tropical,Africa,"[-10, 10)"
Amnesty POI-22-1-2,4.442661,6.347355,Amnesty,Water,Water bodies,Rural: Very Low Dens,train,Af,"Tropical, rainforest",1,Tropical,Africa,"[-10, 10)"
Amnesty POI-22-1-3,4.456959,6.347355,Amnesty,Water,Water bodies,Rural: Very Low Dens,test,Af,"Tropical, rainforest",1,Tropical,Africa,"[-10, 10)"
Amnesty POI-22-2-1,4.428362,6.361601,Amnesty,Water,Water bodies,Rural: Very Low Dens,train,Af,"Tropical, rainforest",1,Tropical,Africa,"[-10, 10)"
Amnesty POI-22-2-2,4.442661,6.361601,Amnesty,Water,Water bodies,Rural: Very Low Dens,val,Af,"Tropical, rainforest",1,Tropical,Africa,"[-10, 10)"
Amnesty POI-22-2-3,4.456959,6.361601,Amnesty,Water,Water bodies,Rural: Very Low Dens,train,Af,"Tropical, rainforest",1,Tropical,Africa,"[-10, 10)"
Amnesty POI-22-3-1,4.428362,6.375847,Amnesty,Water,Water bodies,Rural: Very Low Dens,train,Af,"Tropical, rainforest",1,Tropical,Africa,"[-10, 10)"
Amnesty POI-22-3-2,4.442661,6.375847,Amnesty,Water,Water bodies,Rural: Very Low Dens,train,Af,"Tropical, rainforest",1,Tropical,Africa,"[-10, 10)"
Amnesty POI-22-3-3,4.456959,6.375847,Amnesty,Water,Water bodies,Rural: Very Low Dens,train,Af,"Tropical, rainforest",1,Tropical,Africa,"[-10, 10)"
Amnesty POI-3-1-1,39.803125,46.749873,Amnesty,Other,Bare areas,Rural: Very Low Dens,train,Dfb,"Cold, no dry season, warm summer",26,Cold,Asia,"[30, 60)"
Amnesty POI-3-1-2,39.817366,46.749873,Amnesty,Other,Bare areas,Rural: Very Low Dens,train,Dfb,"Cold, no dry season, warm summer",26,Cold,Asia,"[30, 60)"
Amnesty POI-3-1-3,39.831606,46.749873,Amnesty,Other,Bare areas,Rural: Very Low Dens,train,Dfb,"Cold, no dry season, warm summer",26,Cold,Asia,"[30, 60)"
Amnesty POI-3-2-1,39.803125,46.76834,Amnesty,Other,Bare areas,Rural: Very Low Dens,val,Dfa,"Cold, no dry season, hot summer",25,Cold,Asia,"[30, 60)"
Amnesty POI-3-2-2,39.817366,46.76834,Amnesty,Other,Bare areas,Rural: Very Low Dens,train,Dfa,"Cold, no dry season, hot summer",25,Cold,Asia,"[30, 60)"
Amnesty POI-3-2-3,39.831606,46.76834,Amnesty,Other,Bare areas,Rural: Very Low Dens,train,Dfa,"Cold, no dry season, hot summer",25,Cold,Asia,"[30, 60)"
Amnesty POI-3-3-1,39.803125,46.786807,Amnesty,Other,Bare areas,Rural: Very Low Dens,train,Dfa,"Cold, no dry season, hot summer",25,Cold,Asia,"[30, 60)"
Amnesty POI-3-3-2,39.817366,46.786807,Amnesty,Other,Bare areas,Rural: Very Low Dens,train,Dfa,"Cold, no dry season, hot summer",25,Cold,Asia,"[30, 60)"
Amnesty POI-3-3-3,39.831606,46.786807,Amnesty,Other,Bare areas,Rural: Very Low Dens,train,Dfa,"Cold, no dry season, hot summer",25,Cold,Asia,"[30, 60)"
Amnesty POI-4-1-1,4.853288,31.588155,Amnesty,Settlement,Urban areas,Urban: Centre,train,Aw,"Tropical, savannah",3,Tropical,Africa,"[-10, 10)"
Amnesty POI-4-1-2,4.867587,31.588155,Amnesty,Settlement,Urban areas,Urban: Centre,val,Aw,"Tropical, savannah",3,Tropical,Africa,"[-10, 10)"
Amnesty POI-4-1-3,4.881885,31.588155,Amnesty,Settlement,Urban areas,Urban: Centre,train,Aw,"Tropical, savannah",3,Tropical,Africa,"[-10, 10)"
Amnesty POI-4-2-1,4.853288,31.60241,Amnesty,Settlement,Urban areas,Urban: Centre,train,Aw,"Tropical, savannah",3,Tropical,Africa,"[-10, 10)"
Amnesty POI-4-2-2,4.867587,31.60241,Amnesty,Settlement,Urban areas,Urban: Centre,train,Aw,"Tropical, savannah",3,Tropical,Africa,"[-10, 10)"
Amnesty POI-4-2-3,4.881885,31.60241,Amnesty,Settlement,Urban areas,Urban: Centre,train,Aw,"Tropical, savannah",3,Tropical,Africa,"[-10, 10)"
Amnesty POI-4-3-1,4.853288,31.616665,Amnesty,Settlement,Urban areas,Urban: Centre,train,Aw,"Tropical, savannah",3,Tropical,Africa,"[-10, 10)"
Amnesty POI-4-3-2,4.867587,31.616665,Amnesty,Settlement,Urban areas,Urban: Centre,train,Aw,"Tropical, savannah",3,Tropical,Africa,"[-10, 10)"
Amnesty POI-4-3-3,4.881885,31.616665,Amnesty,Settlement,Urban areas,Urban: Centre,train,Aw,"Tropical, savannah",3,Tropical,Africa,"[-10, 10)"
Amnesty POI-5-1-1,14.775762,43.116121,Amnesty,Agriculture,Herbaceous cover,Rural: Very Low Dens,train,BWh,"Arid, desert, hot",4,Arid,Asia,"[10, 30)"
Amnesty POI-5-1-2,14.790052,43.116121,Amnesty,Agriculture,Herbaceous cover,Rural: Very Low Dens,train,BWh,"Arid, desert, hot",4,Arid,Asia,"[10, 30)"
Amnesty POI-5-1-3,14.804342,43.116121,Amnesty,Agriculture,Herbaceous cover,Rural: Very Low Dens,train,BWh,"Arid, desert, hot",4,Arid,Asia,"[10, 30)"
Amnesty POI-5-2-1,14.775762,43.130808,Amnesty,Agriculture,Herbaceous cover,Rural: Very Low Dens,train,BWh,"Arid, desert, hot",4,Arid,Asia,"[10, 30)"
Amnesty POI-5-2-2,14.790052,43.130808,Amnesty,Agriculture,Herbaceous cover,Rural: Very Low Dens,train,BWh,"Arid, desert, hot",4,Arid,Asia,"[10, 30)"
Amnesty POI-5-2-3,14.804342,43.130808,Amnesty,Agriculture,Herbaceous cover,Rural: Very Low Dens,train,BWh,"Arid, desert, hot",4,Arid,Asia,"[10, 30)"
Amnesty POI-5-3-1,14.775762,43.145495,Amnesty,Agriculture,Herbaceous cover,Rural: Very Low Dens,train,BWh,"Arid, desert, hot",4,Arid,Asia,"[10, 30)"
Amnesty POI-5-3-2,14.790052,43.145495,Amnesty,Agriculture,Herbaceous cover,Rural: Very Low Dens,test,BWh,"Arid, desert, hot",4,Arid,Asia,"[10, 30)"
Amnesty POI-5-3-3,14.804342,43.145495,Amnesty,Agriculture,Herbaceous cover,Rural: Very Low Dens,train,BWh,"Arid, desert, hot",4,Arid,Asia,"[10, 30)"
Amnesty POI-6-1-1,41.819853,129.705874,Amnesty,Grassland,Grassland,Urban: Suburban,train,Dwa,"Cold, dry winter, hot summer",21,Cold,Asia,"[30, 60)"
Amnesty POI-6-1-2,41.834088,129.705874,Amnesty,Grassland,Grassland,Urban: Suburban,train,Dwb,"Cold, dry winter, warm summer",22,Cold,Asia,"[30, 60)"
Amnesty POI-6-1-3,41.848324,129.705874,Amnesty,Grassland,Grassland,Urban: Suburban,train,Dwb,"Cold, dry winter, warm summer",22,Cold,Asia,"[30, 60)"
Amnesty POI-6-2-1,41.819853,129.724909,Amnesty,Grassland,Grassland,Urban: Suburban,train,Dwa,"Cold, dry winter, hot summer",21,Cold,Asia,"[30, 60)"
Amnesty POI-6-2-2,41.834088,129.724909,Amnesty,Grassland,Grassland,Urban: Suburban,train,Dwb,"Cold, dry winter, warm summer",22,Cold,Asia,"[30, 60)"
Amnesty POI-6-2-3,41.848324,129.724909,Amnesty,Grassland,Grassland,Urban: Suburban,test,Dwb,"Cold, dry winter, warm summer",22,Cold,Asia,"[30, 60)"
Amnesty POI-6-3-1,41.819853,129.743944,Amnesty,Grassland,Grassland,Urban: Suburban,train,Dwa,"Cold, dry winter, hot summer",21,Cold,Asia,"[30, 60)"
Amnesty POI-6-3-2,41.834088,129.743944,Amnesty,Grassland,Grassland,Urban: Suburban,train,Dwb,"Cold, dry winter, warm summer",22,Cold,Asia,"[30, 60)"
Amnesty POI-6-3-3,41.848324,129.743944,Amnesty,Grassland,Grassland,Urban: Suburban,train,Dwb,"Cold, dry winter, warm summer",22,Cold,Asia,"[30, 60)"
Amnesty POI-7-1-1,37.218657,79.296755,Amnesty,Other,Bare areas,Rural: Very Low Dens,train,BWk,"Arid, desert, cold",5,Arid,Asia,"[30, 60)"
Amnesty POI-7-1-2,37.232904,79.296755,Amnesty,Other,Bare areas,Rural: Very Low Dens,test,BWk,"Arid, desert, cold",5,Arid,Asia,"[30, 60)"
Amnesty POI-7-1-3,37.247151,79.296755,Amnesty,Other,Bare areas,Rural: Very Low Dens,train,BWk,"Arid, desert, cold",5,Arid,Asia,"[30, 60)"
Amnesty POI-7-2-1,37.218657,79.314572,Amnesty,Other,Bare areas,Rural: Very Low Dens,train,BWk,"Arid, desert, cold",5,Arid,Asia,"[30, 60)"
Amnesty POI-7-2-2,37.232904,79.314572,Amnesty,Other,Bare areas,Rural: Very Low Dens,test,BWk,"Arid, desert, cold",5,Arid,Asia,"[30, 60)"
Amnesty POI-7-2-3,37.247151,79.314572,Amnesty,Other,Bare areas,Rural: Very Low Dens,train,BWk,"Arid, desert, cold",5,Arid,Asia,"[30, 60)"
Amnesty POI-7-3-1,37.218657,79.33239,Amnesty,Other,Bare areas,Rural: Very Low Dens,train,BWk,"Arid, desert, cold",5,Arid,Asia,"[30, 60)"
Amnesty POI-7-3-2,37.232904,79.33239,Amnesty,Other,Bare areas,Rural: Very Low Dens,train,BWk,"Arid, desert, cold",5,Arid,Asia,"[30, 60)"
Amnesty POI-7-3-3,37.247151,79.33239,Amnesty,Other,Bare areas,Rural: Very Low Dens,train,BWk,"Arid, desert, cold",5,Arid,Asia,"[30, 60)"
Amnesty POI-8-1-1,-10.052706,-64.341093,Amnesty,Forest,"Tree cover, broadleaved, evergreen, closed to open (>15%)",Rural: Very Low Dens,train,Am,"Tropical, monsoon",2,Tropical,South America,"[-30, -10)"
Amnesty POI-8-1-2,-10.038411,-64.341093,Amnesty,Forest,"Tree cover, broadleaved, evergreen, closed to open (>15%)",Rural: Very Low Dens,train,Am,"Tropical, monsoon",2,Tropical,South America,"[-30, -10)"
Amnesty POI-8-1-3,-10.024116,-64.341093,Amnesty,Forest,"Tree cover, broadleaved, evergreen, closed to open (>15%)",Rural: Very Low Dens,train,Am,"Tropical, monsoon",2,Tropical,South America,"[-30, -10)"
Amnesty POI-8-2-1,-10.052706,-64.32667,Amnesty,Forest,"Tree cover, broadleaved, evergreen, closed to open (>15%)",Rural: Very Low Dens,train,Am,"Tropical, monsoon",2,Tropical,South America,"[-30, -10)"
Amnesty POI-8-2-2,-10.038411,-64.32667,Amnesty,Forest,"Tree cover, broadleaved, evergreen, closed to open (>15%)",Rural: Very Low Dens,train,Am,"Tropical, monsoon",2,Tropical,South America,"[-30, -10)"
Amnesty POI-8-2-3,-10.024116,-64.32667,Amnesty,Forest,"Tree cover, broadleaved, evergreen, closed to open (>15%)",Rural: Very Low Dens,train,Am,"Tropical, monsoon",2,Tropical,South America,"[-30, -10)"
Amnesty POI-8-3-1,-10.052706,-64.312247,Amnesty,Forest,"Tree cover, broadleaved, evergreen, closed to open (>15%)",Rural: Very Low Dens,train,Am,"Tropical, monsoon",2,Tropical,South America,"[-30, -10)"
Amnesty POI-8-3-2,-10.038411,-64.312247,Amnesty,Forest,"Tree cover, broadleaved, evergreen, closed to open (>15%)",Rural: Very Low Dens,train,Am,"Tropical, monsoon",2,Tropical,South America,"[-30, -10)"
Amnesty POI-8-3-3,-10.024116,-64.312247,Amnesty,Forest,"Tree cover, broadleaved, evergreen, closed to open (>15%)",Rural: Very Low Dens,train,Am,"Tropical, monsoon",2,Tropical,South America,"[-30, -10)"
Amnesty POI-9-1-1,31.263897,34.232776,Amnesty,Settlement,Urban areas,Urban: Centre,train,BSh,"Arid, steppe, hot",6,Arid,Asia,"[30, 60)"
Amnesty POI-9-1-2,31.278157,34.232776,Amnesty,Settlement,Urban areas,Urban: Centre,train,BSh,"Arid, steppe, hot",6,Arid,Asia,"[30, 60)"
Amnesty POI-9-1-3,31.292418,34.232776,Amnesty,Settlement,Urban areas,Urban: Centre,val,BSh,"Arid, steppe, hot",6,Arid,Asia,"[30, 60)"
Amnesty POI-9-2-1,31.263897,34.24938,Amnesty,Settlement,Urban areas,Urban: Centre,train,BSh,"Arid, steppe, hot",6,Arid,Asia,"[30, 60)"
Amnesty POI-9-2-2,31.278157,34.24938,Amnesty,Settlement,Urban areas,Urban: Centre,train,BSh,"Arid, steppe, hot",6,Arid,Asia,"[30, 60)"
Amnesty POI-9-2-3,31.292418,34.24938,Amnesty,Settlement,Urban areas,Urban: Centre,train,BSh,"Arid, steppe, hot",6,Arid,Asia,"[30, 60)"
Amnesty POI-9-3-1,31.263897,34.265984,Amnesty,Settlement,Urban areas,Urban: Centre,train,BSh,"Arid, steppe, hot",6,Arid,Asia,"[30, 60)"
Amnesty POI-9-3-2,31.278157,34.265984,Amnesty,Settlement,Urban areas,Urban: Centre,test,BSh,"Arid, steppe, hot",6,Arid,Asia,"[30, 60)"
Amnesty POI-9-3-3,31.292418,34.265984,Amnesty,Settlement,Urban areas,Urban: Centre,test,BSh,"Arid, steppe, hot",6,Arid,Asia,"[30, 60)"
Landcover-1000781,15.166384,30.748413,Landcover,Other,Bare areas,Rural: Very Low Dens,val,BWh,"Arid, desert, hot",4,Arid,Africa,"[10, 30)"
Landcover-1001391,24.476511,11.536934,Landcover,Other,Bare areas,Rural: Very Low Dens,train,BWh,"Arid, desert, hot",4,Arid,Africa,"[10, 30)"
Landcover-1005122,26.147086,33.296348,Landcover,Other,Bare areas,Rural: Very Low Dens,train,BWh,"Arid, desert, hot",4,Arid,Africa,"[10, 30)"
Landcover-1005247,18.679856,5.066869,Landcover,Other,Bare areas,Rural: Very Low Dens,train,BWh,"Arid, desert, hot",4,Arid,Africa,"[10, 30)"
Landcover-1005683,17.541435,25.207202,Landcover,Other,Bare areas,Rural: Very Low Dens,train,BWh,"Arid, desert, hot",4,Arid,Africa,"[10, 30)"
Landcover-1007588,15.665697,50.478043,Landcover,Other,Bare areas,Rural: Very Low Dens,train,BWh,"Arid, desert, hot",4,Arid,Asia,"[10, 30)"
Landcover-1012195,21.018863,30.410994,Landcover,Other,Bare areas,Rural: Very Low Dens,train,BWh,"Arid, desert, hot",4,Arid,Africa,"[10, 30)"
Landcover-1015249,39.973688,54.370168,Landcover,Other,Bare areas,Rural: Very Low Dens,train,BWk,"Arid, desert, cold",5,Arid,Asia,"[30, 60)"
Landcover-101558,38.454267,47.698151,Landcover,Agriculture,"Cropland, rainfed",Rural: Very Low Dens,train,BSk,"Arid, steppe, cold",7,Arid,Asia,"[30, 60)"
Landcover-1017400,-29.178868,137.032463,Landcover,Other,Bare areas,Rural: Very Low Dens,train,BWh,"Arid, desert, hot",4,Arid,Oceania,"[-30, -10)"
Landcover-10236,49.271055,23.550695,Landcover,Agriculture,"Cropland, rainfed",Rural: Low Dens,train,Dfb,"Cold, no dry season, warm summer",26,Cold,Europe,"[30, 60)"
Landcover-1023735,43.678105,57.767202,Landcover,Other,Bare areas,Rural: Very Low Dens,train,BWk,"Arid, desert, cold",5,Arid,Asia,"[30, 60)"
Landcover-1034296,17.666922,24.651297,Landcover,Other,Bare areas,Rural: Very Low Dens,train,BWh,"Arid, desert, hot",4,Arid,Africa,"[10, 30)"
Landcover-103589,13.302109,79.142638,Landcover,Agriculture,"Cropland, rainfed",Rural: Very Low Dens,train,Aw,"Tropical, savannah",3,Tropical,Asia,"[10, 30)"
Landcover-103651,6.727102,-6.692321,Landcover,Agriculture,"Cropland, rainfed",Rural: Very Low Dens,train,Aw,"Tropical, savannah",3,Tropical,Africa,"[-10, 10)"
Landcover-1041077,40.357984,94.537133,Landcover,Other,Bare areas,Rural: Very Low Dens,test,BWk,"Arid, desert, cold",5,Arid,Asia,"[30, 60)"
Landcover-1043012,27.674035,7.464051,Landcover,Other,Bare areas,Rural: Very Low Dens,train,BWh,"Arid, desert, hot",4,Arid,Africa,"[10, 30)"
Landcover-1044301,20.433368,-3.015918,Landcover,Other,Bare areas,Rural: Very Low Dens,train,BWh,"Arid, desert, hot",4,Arid,Africa,"[10, 30)"
Landcover-1050212,23.214741,-7.666665,Landcover,Other,Bare areas,Rural: Very Low Dens,train,BWh,"Arid, desert, hot",4,Arid,Africa,"[10, 30)"
Landcover-1051941,32.863789,-1.885477,Landcover,Other,Bare areas,Rural: Very Low Dens,val,BWk,"Arid, desert, cold",5,Arid,Africa,"[30, 60)"
Landcover-1054340,15.004384,39.73519,Landcover,Other,Consolidated bare areas,Rural: Very Low Dens,train,BWh,"Arid, desert, hot",4,Arid,Africa,"[10, 30)"
Landcover-1054446,34.789474,4.093969,Landcover,Other,Consolidated bare areas,Rural: Very Low Dens,train,BWk,"Arid, desert, cold",5,Arid,Africa,"[30, 60)"
Landcover-1054447,73.447181,-84.265375,Landcover,Other,Consolidated bare areas,Rural: Very Low Dens,val,ET,"Polar, tundra",29,Polar,North America,"[60, 90)"
Landcover-1054640,9.853055,40.363515,Landcover,Other,Consolidated bare areas,Rural: Very Low Dens,train,BSh,"Arid, steppe, hot",6,Arid,Africa,"[-10, 10)"
Landcover-1055121,33.10701,-1.533243,Landcover,Other,Consolidated bare areas,Rural: Very Low Dens,train,BWk,"Arid, desert, cold",5,Arid,Africa,"[30, 60)"
Landcover-1055261,26.355598,-13.02698,Landcover,Other,Consolidated bare areas,Rural: Very Low Dens,train,BWh,"Arid, desert, hot",4,Arid,Africa,"[10, 30)"
Landcover-1055524,30.424841,62.20141,Landcover,Other,Unconsolidated bare areas,Rural: Very Low Dens,train,BWh,"Arid, desert, hot",4,Arid,Asia,"[30, 60)"
Landcover-1055616,37.633325,82.540345,Landcover,Other,Unconsolidated bare areas,Rural: Very Low Dens,train,BWk,"Arid, desert, cold",5,Arid,Asia,"[30, 60)"
Landcover-1055619,37.066657,97.294788,Landcover,Other,Unconsolidated bare areas,Rural: Very Low Dens,train,BWk,"Arid, desert, cold",5,Arid,Asia,"[30, 60)"
Landcover-1055780,38.822331,85.545887,Landcover,Other,Unconsolidated bare areas,Rural: Very Low Dens,train,BWk,"Arid, desert, cold",5,Arid,Asia,"[30, 60)"
Landcover-1056030,38.658625,85.395422,Landcover,Other,Unconsolidated bare areas,Rural: Very Low Dens,val,BWk,"Arid, desert, cold",5,Arid,Asia,"[30, 60)"
Landcover-1056204,38.210281,81.125946,Landcover,Other,Unconsolidated bare areas,Rural: Very Low Dens,train,BWk,"Arid, desert, cold",5,Arid,Asia,"[30, 60)"
Landcover-1056809,38.408713,49.392984,Landcover,Water,Water bodies,Water,test,Csa,"Temperate, dry summer, hot summer",8,Temperate,Asia,"[30, 60)"
Landcover-1057196,59.575409,-99.382779,Landcover,Water,Water bodies,Rural: Very Low Dens,train,Dfc,"Cold, no dry season, cold summer",27,Cold,North America,"[30, 60)"
Landcover-1058565,22.930626,113.493168,Landcover,Water,Water bodies,Urban: Suburban,train,Cwa,"Temperate, dry winter, hot summer",11,Temperate,Asia,"[10, 30)"
Landcover-1060086,62.150772,36.52227,Landcover,Water,Water bodies,Rural: Very Low Dens,train,Dfc,"Cold, no dry season, cold summer",27,Cold,Europe,"[60, 90)"
Landcover-1061179,51.951184,-100.07162,Landcover,Water,Water bodies,Water,train,Dfb,"Cold, no dry season, warm summer",26,Cold,North America,"[30, 60)"
Landcover-1062079,56.221368,12.537889,Landcover,Water,Water bodies,Urban: Dense,train,Dfb,"Cold, no dry season, warm summer",26,Cold,Europe,"[30, 60)"
Landcover-1062091,65.937331,-118.818156,Landcover,Water,Water bodies,Water,train,Dsc,"Cold, dry summer, cold summer",19,Cold,North America,"[60, 90)"
Landcover-1062315,51.650263,-68.753418,Landcover,Water,Water bodies,Water,train,Dfc,"Cold, no dry season, cold summer",27,Cold,North America,"[30, 60)"
Landcover-1067341,65.126408,-93.994113,Landcover,Water,Water bodies,Rural: Very Low Dens,train,Dfc,"Cold, no dry season, cold summer",27,Cold,North America,"[60, 90)"
Landcover-1076748,-1.970528,31.740462,Landcover,Water,Water bodies,Water,val,Aw,"Tropical, savannah",3,Tropical,Africa,"[-10, 10)"
Landcover-107993,56.701099,60.991602,Landcover,Forest,Mosaic tree and shrub (>50%) / herbaceous cover (<50%),Rural: Very Low Dens,test,Dfb,"Cold, no dry season, warm summer",26,Cold,Europe,"[30, 60)"
Landcover-1081723,-3.270643,-52.080269,Landcover,Water,Water bodies,Water,train,Am,"Tropical, monsoon",2,Tropical,South America,"[-10, 10)"
Landcover-1082059,69.157274,78.343494,Landcover,Water,Water bodies,Rural: Very Low Dens,train,Dfc,"Cold, no dry season, cold summer",27,Cold,Europe,"[60, 90)"
Landcover-1085003,44.346055,-81.629269,Landcover,Water,Water bodies,Water,train,Dfb,"Cold, no dry season, warm summer",26,Cold,North America,"[30, 60)"
Landcover-1088712,65.075007,-121.863761,Landcover,Water,Water bodies,Water,test,Dfc,"Cold, no dry season, cold summer",27,Cold,North America,"[60, 90)"
Landcover-1089746,62.205536,-83.596411,Landcover,Water,Water bodies,Water,val,ET,"Polar, tundra",29,Polar,North America,"[60, 90)"
Landcover-1089999,24.541276,124.319611,Landcover,Water,Water bodies,Water,train,Af,"Tropical, rainforest",1,Tropical,Asia,"[10, 30)"
Landcover-1090136,68.227814,-143.841127,Landcover,Water,Water bodies,Rural: Very Low Dens,test,Dfc,"Cold, no dry season, cold summer",27,Cold,North America,"[60, 90)"
Landcover-1092105,-1.187739,33.412267,Landcover,Water,Water bodies,Water,train,Aw,"Tropical, savannah",3,Tropical,Africa,"[-10, 10)"
Landcover-1092951,21.964312,95.152655,Landcover,Water,Water bodies,Rural: Low Dens,train,BSh,"Arid, steppe, hot",6,Arid,Asia,"[10, 30)"
Landcover-1095901,41.419668,43.783086,Landcover,Water,Water bodies,Water,test,Dfb,"Cold, no dry season, warm summer",26,Cold,Asia,"[30, 60)"
Landcover-109734,7.071855,-72.307474,Landcover,Forest,Mosaic tree and shrub (>50%) / herbaceous cover (<50%),Rural: Very Low Dens,train,Af,"Tropical, rainforest",1,Tropical,South America,"[-10, 10)"
Landcover-1099917,40.52111,27.867466,Landcover,Water,Water bodies,Rural: Very Low Dens,train,Csa,"Temperate, dry summer, hot summer",8,Temperate,Asia,"[30, 60)"
Landcover-1103713,68.195658,34.373565,Landcover,Water,Water bodies,Water,train,Dfc,"Cold, no dry season, cold summer",27,Cold,Europe,"[60, 90)"
Landcover-1105538,56.65021,14.797617,Landcover,Water,Water bodies,Water,test,Dfb,"Cold, no dry season, warm summer",26,Cold,Europe,"[30, 60)"
Landcover-1105578,71.676304,-105.866168,Landcover,Water,Water bodies,Water,train,ET,"Polar, tundra",29,Polar,North America,"[60, 90)"
Landcover-1105813,62.110436,83.348301,Landcover,Water,Water bodies,Rural: Very Low Dens,test,Dfc,"Cold, no dry season, cold summer",27,Cold,Europe,"[60, 90)"
Landcover-1107665,39.569513,-91.177249,Landcover,Water,Water bodies,Rural: Very Low Dens,train,Dfa,"Cold, no dry season, hot summer",25,Cold,North America,"[30, 60)"
Landcover-1109726,-50.959476,-73.456655,Landcover,,Permanent snow and ice,Rural: Very Low Dens,val,ET,"Polar, tundra",29,Polar,South America,"[-60, -30)"
Landcover-1109896,-72.61351,-71.679572,Landcover,,Permanent snow and ice,Rural: Very Low Dens,train,EF,"Polar, frost",30,Polar,Antarctica,"[-90, -60)"
Landcover-1110216,-76.729913,-23.129428,Landcover,,Permanent snow and ice,Rural: Very Low Dens,train,EF,"Polar, frost",30,Polar,Antarctica,"[-90, -60)"
Landcover-111526,-4.40929,18.785576,Landcover,Forest,Mosaic tree and shrub (>50%) / herbaceous cover (<50%),Rural: Very Low Dens,test,Aw,"Tropical, savannah",3,Tropical,Africa,"[-10, 10)"
Landcover-1115285,-72.984123,-67.466007,Landcover,,Permanent snow and ice,Rural: Very Low Dens,train,EF,"Polar, frost",30,Polar,Antarctica,"[-90, -60)"
Landcover-111570,1.860342,37.408685,Landcover,Forest,Mosaic tree and shrub (>50%) / herbaceous cover (<50%),Rural: Very Low Dens,train,BWh,"Arid, desert, hot",4,Arid,Africa,"[-10, 10)"
Landcover-1119525,61.323136,-47.388017,Landcover,,Permanent snow and ice,Rural: Very Low Dens,val,ET,"Polar, tundra",29,Polar,North America,"[60, 90)"
Landcover-1125298,-64.77152,-61.560007,Landcover,,Permanent snow and ice,Rural: Very Low Dens,train,ET,"Polar, tundra",29,Polar,Antarctica,"[-90, -60)"
Landcover-1125667,79.989285,-90.731359,Landcover,,Permanent snow and ice,Rural: Very Low Dens,train,EF,"Polar, frost",30,Polar,North America,"[60, 90)"
Landcover-1131528,50.11911,-122.125832,Landcover,,Permanent snow and ice,Rural: Very Low Dens,train,Dsc,"Cold, dry summer, cold summer",19,Cold,North America,"[30, 60)"
Landcover-1133173,60.349273,-153.554869,Landcover,,Permanent snow and ice,Rural: Very Low Dens,train,ET,"Polar, tundra",29,Polar,North America,"[60, 90)"
Landcover-1135711,-76.56916,-70.667624,Landcover,,Permanent snow and ice,Rural: Very Low Dens,train,EF,"Polar, frost",30,Polar,Antarctica,"[-90, -60)"
Landcover-113751,-29.46336,150.306717,Landcover,Forest,Mosaic tree and shrub (>50%) / herbaceous cover (<50%),Rural: Very Low Dens,train,Cfa,"Temperate, no dry season, hot summer",14,Temperate,Oceania,"[-30, -10)"
Landcover-1141448,68.325148,-48.765972,Landcover,,Permanent snow and ice,Water,val,ET,"Polar, tundra",29,Polar,North America,"[60, 90)"
Landcover-1144627,72.83519,-27.619117,Landcover,,Permanent snow and ice,Rural: Very Low Dens,test,EF,"Polar, frost",30,Polar,North America,"[60, 90)"
Landcover-1151515,-71.060288,-62.174681,Landcover,,Permanent snow and ice,Rural: Very Low Dens,train,EF,"Polar, frost",30,Polar,Antarctica,"[-90, -60)"
Landcover-1153788,71.052626,-27.003908,Landcover,,Permanent snow and ice,Rural: Very Low Dens,train,EF,"Polar, frost",30,Polar,North America,"[60, 90)"
Landcover-1153797,-70.641251,-67.644977,Landcover,,Permanent snow and ice,Rural: Very Low Dens,train,EF,"Polar, frost",30,Polar,Antarctica,"[-90, -60)"
Landcover-1157702,68.063962,-32.194315,Landcover,,Permanent snow and ice,Rural: Very Low Dens,val,ET,"Polar, tundra",29,Polar,North America,"[60, 90)"
Landcover-1163303,68.616005,-31.454156,Landcover,,Permanent snow and ice,Water,train,EF,"Polar, frost",30,Polar,North America,"[60, 90)"
Landcover-1164740,78.126359,-21.898229,Landcover,,Permanent snow and ice,Rural: Very Low Dens,train,ET,"Polar, tundra",29,Polar,North America,"[60, 90)"
Landcover-1172863,36.563733,77.874726,Landcover,,Permanent snow and ice,Rural: Very Low Dens,val,ET,"Polar, tundra",29,Polar,Asia,"[30, 60)"
Landcover-1173023,35.951543,76.544617,Landcover,,Permanent snow and ice,Rural: Very Low Dens,test,EF,"Polar, frost",30,Polar,Asia,"[30, 60)"
Landcover-1174386,61.14739,-43.804285,Landcover,,Permanent snow and ice,Rural: Very Low Dens,train,ET,"Polar, tundra",29,Polar,North America,"[60, 90)"
Landcover-1175919,-71.137224,-70.212853,Landcover,,Permanent snow and ice,Rural: Very Low Dens,train,EF,"Polar, frost",30,Polar,Antarctica,"[-90, -60)"
Landcover-1177166,-72.414373,-65.444668,Landcover,,Permanent snow and ice,Rural: Very Low Dens,train,EF,"Polar, frost",30,Polar,Antarctica,"[-90, -60)"
Landcover-1177375,79.830597,25.102703,Landcover,,Permanent snow and ice,Rural: Very Low Dens,train,EF,"Polar, frost",30,Polar,Europe,"[60, 90)"
Landcover-1177737,63.9177,-48.968869,Landcover,,Permanent snow and ice,Rural: Very Low Dens,train,ET,"Polar, tundra",29,Polar,North America,"[60, 90)"
Landcover-1179579,67.703322,-35.705943,Landcover,,Permanent snow and ice,Rural: Very Low Dens,val,EF,"Polar, frost",30,Polar,North America,"[60, 90)"
Landcover-118405,65.629687,59.033902,Landcover,Forest,Mosaic tree and shrub (>50%) / herbaceous cover (<50%),Rural: Very Low Dens,test,Dfc,"Cold, no dry season, cold summer",27,Cold,Europe,"[60, 90)"
Landcover-1187358,72.765794,-52.711957,Landcover,,Permanent snow and ice,Rural: Very Low Dens,train,ET,"Polar, tundra",29,Polar,North America,"[60, 90)"
Landcover-118968,-19.020164,16.743112,Landcover,Forest,Mosaic tree and shrub (>50%) / herbaceous cover (<50%),Rural: Very Low Dens,train,BSh,"Arid, steppe, hot",6,Arid,Africa,"[-30, -10)"
Landcover-1193948,64.895808,-48.927129,Landcover,,Permanent snow and ice,Rural: Very Low Dens,test,ET,"Polar, tundra",29,Polar,North America,"[60, 90)"
Landcover-1194061,79.644575,-20.683088,Landcover,,Permanent snow and ice,Water,train,Ocean/none,outside the land mask,0,Water / unclassified,North America,"[60, 90)"
Landcover-1195578,-75.287788,-66.560599,Landcover,,Permanent snow and ice,Rural: Very Low Dens,train,EF,"Polar, frost",30,Polar,Antarctica,"[-90, -60)"
Landcover-1196043,63.334184,-43.826146,Landcover,,Permanent snow and ice,Rural: Very Low Dens,train,EF,"Polar, frost",30,Polar,North America,"[60, 90)"
Landcover-1197710,70.909655,-29.262291,Landcover,,Permanent snow and ice,Rural: Very Low Dens,train,EF,"Polar, frost",30,Polar,North America,"[60, 90)"
Landcover-1203714,80.938366,-32.966275,Landcover,,Permanent snow and ice,Rural: Very Low Dens,train,EF,"Polar, frost",30,Polar,North America,"[60, 90)"
Landcover-1206068,66.916753,-65.048855,Landcover,,Permanent snow and ice,Rural: Very Low Dens,train,ET,"Polar, tundra",29,Polar,North America,"[60, 90)"
Landcover-1208960,41.965581,80.610109,Landcover,,Permanent snow and ice,Rural: Very Low Dens,train,ET,"Polar, tundra",29,Polar,Asia,"[30, 60)"
Landcover-1210235,65.268162,-41.294262,Landcover,,Permanent snow and ice,Rural: Very Low Dens,train,ET,"Polar, tundra",29,Polar,North America,"[60, 90)"
Landcover-1216264,60.922453,-43.603689,Landcover,,Permanent snow and ice,Rural: Very Low Dens,train,ET,"Polar, tundra",29,Polar,North America,"[60, 90)"
Landcover-1216427,68.214659,-67.219408,Landcover,,Permanent snow and ice,Rural: Very Low Dens,train,ET,"Polar, tundra",29,Polar,North America,"[60, 90)"
Landcover-1217802,-73.74151,-65.006117,Landcover,,Permanent snow and ice,Rural: Very Low Dens,train,EF,"Polar, frost",30,Polar,Antarctica,"[-90, -60)"
Landcover-1219432,-74.698765,-73.509256,Landcover,,Permanent snow and ice,Rural: Very Low Dens,train,EF,"Polar, frost",30,Polar,Antarctica,"[-90, -60)"
Landcover-1220068,30.119142,80.501948,Landcover,,Permanent snow and ice,Rural: Very Low Dens,test,ET,"Polar, tundra",29,Polar,Asia,"[30, 60)"
Landcover-1220962,70.906306,-30.279593,Landcover,,Permanent snow and ice,Rural: Very Low Dens,test,EF,"Polar, frost",30,Polar,North America,"[60, 90)"
Landcover-1222077,-69.173876,-64.919621,Landcover,,Permanent snow and ice,Rural: Very Low Dens,val,EF,"Polar, frost",30,Polar,Antarctica,"[-90, -60)"
Landcover-1223688,43.475473,84.89227,Landcover,,Permanent snow and ice,Rural: Very Low Dens,val,ET,"Polar, tundra",29,Polar,Asia,"[30, 60)"
Landcover-1227257,79.513131,97.701109,Landcover,,Permanent snow and ice,Rural: Very Low Dens,train,EF,"Polar, frost",30,Polar,Europe,"[60, 90)"
Landcover-1235759,66.269284,-49.340146,Landcover,,Permanent snow and ice,Water,train,ET,"Polar, tundra",29,Polar,North America,"[60, 90)"
Landcover-1241820,70.585963,-30.435917,Landcover,,Permanent snow and ice,Rural: Very Low Dens,train,EF,"Polar, frost",30,Polar,North America,"[60, 90)"
Landcover-1244624,59.129098,-135.995997,Landcover,,Permanent snow and ice,Rural: Very Low Dens,val,ET,"Polar, tundra",29,Polar,North America,"[30, 60)"
Landcover-1245521,77.118858,-18.991241,Landcover,,Permanent snow and ice,Rural: Very Low Dens,train,ET,"Polar, tundra",29,Polar,North America,"[60, 90)"
Landcover-1247328,-66.920542,50.64978,Landcover,,Permanent snow and ice,Rural: Very Low Dens,train,EF,"Polar, frost",30,Polar,Antarctica,"[-90, -60)"
Landcover-1247682,-75.473493,-69.819979,Landcover,,Permanent snow and ice,Rural: Very Low Dens,val,EF,"Polar, frost",30,Polar,Antarctica,"[-90, -60)"
Landcover-1248348,-73.314269,-63.879029,Landcover,,Permanent snow and ice,Rural: Very Low Dens,train,EF,"Polar, frost",30,Polar,Antarctica,"[-90, -60)"
Landcover-1248470,69.339168,-29.179314,Landcover,,Permanent snow and ice,Rural: Very Low Dens,train,EF,"Polar, frost",30,Polar,North America,"[60, 90)"
Landcover-1249396,77.064143,-64.605674,Landcover,,Permanent snow and ice,Rural: Very Low Dens,train,EF,"Polar, frost",30,Polar,North America,"[60, 90)"
Landcover-1250454,-75.440475,-63.558534,Landcover,,Permanent snow and ice,Rural: Very Low Dens,train,EF,"Polar, frost",30,Polar,Antarctica,"[-90, -60)"
Landcover-1250546,66.631178,-63.705341,Landcover,,Permanent snow and ice,Rural: Very Low Dens,train,ET,"Polar, tundra",29,Polar,North America,"[60, 90)"
Landcover-1251767,79.678266,-25.452884,Landcover,,Permanent snow and ice,Rural: Very Low Dens,train,EF,"Polar, frost",30,Polar,North America,"[60, 90)"
Landcover-1252270,71.598156,-26.884602,Landcover,,Permanent snow and ice,Rural: Very Low Dens,train,EF,"Polar, frost",30,Polar,North America,"[60, 90)"
Landcover-1253880,30.29826,95.454963,Landcover,,Permanent snow and ice,Rural: Very Low Dens,train,ET,"Polar, tundra",29,Polar,Asia,"[30, 60)"
Landcover-1265701,-66.583835,51.175467,Landcover,,Permanent snow and ice,Rural: Very Low Dens,train,EF,"Polar, frost",30,Polar,Antarctica,"[-90, -60)"
Landcover-1266451,36.934922,71.705912,Landcover,,Permanent snow and ice,Rural: Very Low Dens,val,ET,"Polar, tundra",29,Polar,Asia,"[30, 60)"
Landcover-1266589,-74.780043,-64.528661,Landcover,,Permanent snow and ice,Rural: Very Low Dens,train,EF,"Polar, frost",30,Polar,Antarctica,"[-90, -60)"
Landcover-1268967,-74.581698,-75.113664,Landcover,,Permanent snow and ice,Rural: Very Low Dens,val,EF,"Polar, frost",30,Polar,Antarctica,"[-90, -60)"
Landcover-126967,25.12436,101.834952,Landcover,Forest,Mosaic tree and shrub (>50%) / herbaceous cover (<50%),Rural: Low Dens,test,Cwb,"Temperate, dry winter, warm summer",12,Temperate,Asia,"[10, 30)"
Landcover-1270452,63.34994,-42.905513,Landcover,,Permanent snow and ice,Rural: Very Low Dens,train,EF,"Polar, frost",30,Polar,North America,"[60, 90)"
Landcover-1272027,73.242504,-28.952175,Landcover,,Permanent snow and ice,Rural: Very Low Dens,train,EF,"Polar, frost",30,Polar,North America,"[60, 90)"
Landcover-1274598,-70.120856,-63.536784,Landcover,,Permanent snow and ice,Rural: Very Low Dens,test,EF,"Polar, frost",30,Polar,Antarctica,"[-90, -60)"
Landcover-127471,-33.322968,-58.94602,Landcover,Forest,Mosaic tree and shrub (>50%) / herbaceous cover (<50%),Rural: Very Low Dens,val,Cfa,"Temperate, no dry season, hot summer",14,Temperate,South America,"[-60, -30)"
Landcover-1282806,61.346643,-146.612364,Landcover,,Permanent snow and ice,Rural: Very Low Dens,test,ET,"Polar, tundra",29,Polar,North America,"[60, 90)"
Landcover-1282897,77.922887,23.040067,Landcover,,Permanent snow and ice,Rural: Very Low Dens,train,ET,"Polar, tundra",29,Polar,Europe,"[60, 90)"
Landcover-1286593,76.630974,-60.279088,Landcover,,Permanent snow and ice,Rural: Very Low Dens,train,EF,"Polar, frost",30,Polar,North America,"[60, 90)"
Landcover-1287118,27.870667,92.514602,Landcover,,Permanent snow and ice,Rural: Very Low Dens,test,ET,"Polar, tundra",29,Polar,Asia,"[10, 30)"
Landcover-128758,72.661344,141.582191,Landcover,Forest,Mosaic tree and shrub (>50%) / herbaceous cover (<50%),Rural: Very Low Dens,test,ET,"Polar, tundra",29,Polar,Europe,"[60, 90)"
Landcover-1293488,-68.138723,49.253292,Landcover,,Permanent snow and ice,Rural: Very Low Dens,train,EF,"Polar, frost",30,Polar,Antarctica,"[-90, -60)"
Landcover-1294842,-24.363454,-51.227492,Landcover,Agriculture,"Mosaic cropland (>50%) / natural vegetation (tree, shrub, herbaceous cover) (<50%)",Rural: Very Low Dens,train,Cfa,"Temperate, no dry season, hot summer",14,Temperate,South America,"[-30, -10)"
Landcover-1295513,15.606298,-9.285614,Landcover,Agriculture,"Mosaic cropland (>50%) / natural vegetation (tree, shrub, herbaceous cover) (<50%)",Rural: Very Low Dens,train,BWh,"Arid, desert, hot",4,Arid,Africa,"[10, 30)"
Landcover-1295678,-9.468403,-58.013225,Landcover,Agriculture,"Mosaic cropland (>50%) / natural vegetation (tree, shrub, herbaceous cover) (<50%)",Rural: Very Low Dens,train,Am,"Tropical, monsoon",2,Tropical,South America,"[-10, 10)"
Landcover-129921,-27.154293,-53.569901,Landcover,Forest,Mosaic tree and shrub (>50%) / herbaceous cover (<50%),Rural: Very Low Dens,train,Cfa,"Temperate, no dry season, hot summer",14,Temperate,South America,"[-30, -10)"
Landcover-1300482,17.209786,73.63913,Landcover,Agriculture,"Mosaic cropland (>50%) / natural vegetation (tree, shrub, herbaceous cover) (<50%)",Rural: Very Low Dens,train,Am,"Tropical, monsoon",2,Tropical,Asia,"[10, 30)"
Landcover-1301708,49.746386,15.495893,Landcover,Agriculture,"Mosaic cropland (>50%) / natural vegetation (tree, shrub, herbaceous cover) (<50%)",Rural: Very Low Dens,val,Dfb,"Cold, no dry season, warm summer",26,Cold,Europe,"[30, 60)"
Landcover-1301729,-8.309585,111.461096,Landcover,Agriculture,"Mosaic cropland (>50%) / natural vegetation (tree, shrub, herbaceous cover) (<50%)",Water,train,Am,"Tropical, monsoon",2,Tropical,Asia,"[-10, 10)"
Landcover-1302319,-1.930928,-47.894037,Landcover,Agriculture,"Mosaic cropland (>50%) / natural vegetation (tree, shrub, herbaceous cover) (<50%)",Rural: Very Low Dens,train,Af,"Tropical, rainforest",1,Tropical,South America,"[-10, 10)"
Landcover-1304310,22.924351,-83.097695,Landcover,Agriculture,"Mosaic cropland (>50%) / natural vegetation (tree, shrub, herbaceous cover) (<50%)",Rural: Very Low Dens,train,Af,"Tropical, rainforest",1,Tropical,North America,"[10, 30)"
Landcover-1306348,3.089194,20.802277,Landcover,Agriculture,"Mosaic cropland (>50%) / natural vegetation (tree, shrub, herbaceous cover) (<50%)",Rural: Very Low Dens,train,Am,"Tropical, monsoon",2,Tropical,Africa,"[-10, 10)"
Landcover-1306378,-15.747696,-60.545009,Landcover,Agriculture,"Mosaic cropland (>50%) / natural vegetation (tree, shrub, herbaceous cover) (<50%)",Rural: Very Low Dens,train,Aw,"Tropical, savannah",3,Tropical,South America,"[-30, -10)"
Landcover-130647,14.498422,38.191115,Landcover,Forest,Mosaic tree and shrub (>50%) / herbaceous cover (<50%),Rural: Very Low Dens,train,Aw,"Tropical, savannah",3,Tropical,Africa,"[10, 30)"
Landcover-1310370,-21.65465,24.504239,Landcover,Agriculture,"Mosaic cropland (>50%) / natural vegetation (tree, shrub, herbaceous cover) (<50%)",Rural: Very Low Dens,val,BWh,"Arid, desert, hot",4,Arid,Africa,"[-30, -10)"
Landcover-1311202,16.055026,-4.715822,Landcover,Agriculture,"Mosaic cropland (>50%) / natural vegetation (tree, shrub, herbaceous cover) (<50%)",Rural: Very Low Dens,train,BWh,"Arid, desert, hot",4,Arid,Africa,"[10, 30)"
Landcover-131319,23.309155,98.81424,Landcover,Forest,Mosaic tree and shrub (>50%) / herbaceous cover (<50%),Rural: Very Low Dens,val,Cwa,"Temperate, dry winter, hot summer",11,Temperate,Asia,"[10, 30)"
Landcover-1315299,47.714403,23.111995,Landcover,Agriculture,"Mosaic cropland (>50%) / natural vegetation (tree, shrub, herbaceous cover) (<50%)",Rural: Very Low Dens,val,Dfb,"Cold, no dry season, warm summer",26,Cold,Europe,"[30, 60)"
Landcover-1316418,-12.136996,-61.599671,Landcover,Agriculture,"Mosaic cropland (>50%) / natural vegetation (tree, shrub, herbaceous cover) (<50%)",Rural: Very Low Dens,test,Aw,"Tropical, savannah",3,Tropical,South America,"[-30, -10)"
Landcover-1316463,46.640261,90.754906,Landcover,Agriculture,"Mosaic cropland (>50%) / natural vegetation (tree, shrub, herbaceous cover) (<50%)",Rural: Very Low Dens,test,BWk,"Arid, desert, cold",5,Arid,Asia,"[30, 60)"
Landcover-1317815,-23.160762,-48.912255,Landcover,Agriculture,"Mosaic cropland (>50%) / natural vegetation (tree, shrub, herbaceous cover) (<50%)",Rural: Very Low Dens,train,Cfa,"Temperate, no dry season, hot summer",14,Temperate,South America,"[-30, -10)"
Landcover-1318737,-7.409161,-36.357979,Landcover,Agriculture,"Mosaic cropland (>50%) / natural vegetation (tree, shrub, herbaceous cover) (<50%)",Rural: Very Low Dens,train,BSh,"Arid, steppe, hot",6,Arid,South America,"[-10, 10)"
Landcover-1320285,52.594461,31.670133,Landcover,Agriculture,"Mosaic cropland (>50%) / natural vegetation (tree, shrub, herbaceous cover) (<50%)",Rural: Very Low Dens,train,Dfb,"Cold, no dry season, warm summer",26,Cold,Europe,"[30, 60)"
Landcover-1321867,28.242463,106.245539,Landcover,Agriculture,"Mosaic cropland (>50%) / natural vegetation (tree, shrub, herbaceous cover) (<50%)",Rural: Very Low Dens,train,Cwa,"Temperate, dry winter, hot summer",11,Temperate,Asia,"[10, 30)"
Landcover-1323880,7.204802,-11.246346,Landcover,Agriculture,"Mosaic cropland (>50%) / natural vegetation (tree, shrub, herbaceous cover) (<50%)",Rural: Very Low Dens,train,Am,"Tropical, monsoon",2,Tropical,Africa,"[-10, 10)"
Landcover-1324392,20.708266,83.441819,Landcover,Agriculture,"Mosaic cropland (>50%) / natural vegetation (tree, shrub, herbaceous cover) (<50%)",Rural: Low Dens,train,Aw,"Tropical, savannah",3,Tropical,Asia,"[10, 30)"
Landcover-1327487,-31.295866,-53.684189,Landcover,Agriculture,"Mosaic cropland (>50%) / natural vegetation (tree, shrub, herbaceous cover) (<50%)",Rural: Very Low Dens,val,Cfa,"Temperate, no dry season, hot summer",14,Temperate,South America,"[-60, -30)"
Landcover-1329144,45.070913,-75.498116,Landcover,Agriculture,"Mosaic cropland (>50%) / natural vegetation (tree, shrub, herbaceous cover) (<50%)",Rural: Very Low Dens,train,Dfb,"Cold, no dry season, warm summer",26,Cold,North America,"[30, 60)"
Landcover-1332292,-10.487437,-56.393816,Landcover,Agriculture,"Mosaic cropland (>50%) / natural vegetation (tree, shrub, herbaceous cover) (<50%)",Rural: Very Low Dens,train,Aw,"Tropical, savannah",3,Tropical,South America,"[-30, -10)"
Landcover-1333668,-14.031316,-60.067082,Landcover,Agriculture,"Mosaic cropland (>50%) / natural vegetation (tree, shrub, herbaceous cover) (<50%)",Rural: Very Low Dens,test,Aw,"Tropical, savannah",3,Tropical,South America,"[-30, -10)"
Landcover-1336326,-8.145159,-70.293293,Landcover,Agriculture,"Mosaic cropland (>50%) / natural vegetation (tree, shrub, herbaceous cover) (<50%)",Rural: Very Low Dens,test,Am,"Tropical, monsoon",2,Tropical,South America,"[-10, 10)"
Landcover-1337578,3.719941,113.988738,Landcover,Agriculture,"Mosaic cropland (>50%) / natural vegetation (tree, shrub, herbaceous cover) (<50%)",Rural: Very Low Dens,train,Af,"Tropical, rainforest",1,Tropical,Asia,"[-10, 10)"
Landcover-1339025,-30.80708,-59.614242,Landcover,Agriculture,"Mosaic cropland (>50%) / natural vegetation (tree, shrub, herbaceous cover) (<50%)",Rural: Very Low Dens,train,Cfa,"Temperate, no dry season, hot summer",14,Temperate,South America,"[-60, -30)"
Landcover-1339590,-33.0723,-52.920203,Landcover,Agriculture,"Mosaic cropland (>50%) / natural vegetation (tree, shrub, herbaceous cover) (<50%)",Rural: Very Low Dens,train,Cfa,"Temperate, no dry season, hot summer",14,Temperate,South America,"[-60, -30)"
Landcover-1341591,-3.346357,-47.198838,Landcover,Agriculture,"Mosaic cropland (>50%) / natural vegetation (tree, shrub, herbaceous cover) (<50%)",Rural: Very Low Dens,train,Aw,"Tropical, savannah",3,Tropical,South America,"[-10, 10)"
Landcover-1344679,26.000801,119.028397,Landcover,Agriculture,"Mosaic natural vegetation (tree, shrub, herbaceous cover) (>50%) / cropland (<50%)",Rural: Low Dens,train,Cfa,"Temperate, no dry season, hot summer",14,Temperate,Asia,"[10, 30)"
Landcover-1350235,2.240456,44.832886,Landcover,Agriculture,"Mosaic natural vegetation (tree, shrub, herbaceous cover) (>50%) / cropland (<50%)",Rural: Very Low Dens,train,BSh,"Arid, steppe, hot",6,Arid,Africa,"[-10, 10)"
Landcover-1351136,40.507982,123.224663,Landcover,Agriculture,"Mosaic natural vegetation (tree, shrub, herbaceous cover) (>50%) / cropland (<50%)",Rural: Very Low Dens,val,Dwa,"Cold, dry winter, hot summer",21,Cold,Asia,"[30, 60)"
Landcover-135292,-30.28381,121.37804,Landcover,Forest,Mosaic tree and shrub (>50%) / herbaceous cover (<50%),Rural: Very Low Dens,val,BWh,"Arid, desert, hot",4,Arid,Oceania,"[-60, -30)"
Landcover-1353156,57.338294,22.029754,Landcover,Agriculture,"Mosaic natural vegetation (tree, shrub, herbaceous cover) (>50%) / cropland (<50%)",Rural: Very Low Dens,train,Dfb,"Cold, no dry season, warm summer",26,Cold,Europe,"[30, 60)"
Landcover-1353495,-28.93598,31.549386,Landcover,Agriculture,"Mosaic natural vegetation (tree, shrub, herbaceous cover) (>50%) / cropland (<50%)",Rural: Low Dens,train,Cfa,"Temperate, no dry season, hot summer",14,Temperate,Africa,"[-30, -10)"
Landcover-1354112,24.188738,98.188511,Landcover,Agriculture,"Mosaic natural vegetation (tree, shrub, herbaceous cover) (>50%) / cropland (<50%)",Rural: Very Low Dens,train,Cwa,"Temperate, dry winter, hot summer",11,Temperate,Asia,"[10, 30)"
Landcover-1354463,33.745599,62.841462,Landcover,Agriculture,"Mosaic natural vegetation (tree, shrub, herbaceous cover) (>50%) / cropland (<50%)",Rural: Very Low Dens,train,Dsb,"Cold, dry summer, warm summer",18,Cold,Asia,"[30, 60)"
Landcover-1354585,49.004284,75.40489,Landcover,Agriculture,"Mosaic natural vegetation (tree, shrub, herbaceous cover) (>50%) / cropland (<50%)",Rural: Very Low Dens,train,BSk,"Arid, steppe, cold",7,Arid,Asia,"[30, 60)"
Landcover-1355398,39.195771,-1.308041,Landcover,Agriculture,"Mosaic natural vegetation (tree, shrub, herbaceous cover) (>50%) / cropland (<50%)",Rural: Very Low Dens,test,BSk,"Arid, steppe, cold",7,Arid,Europe,"[30, 60)"
Landcover-1356262,37.586055,101.748772,Landcover,Agriculture,"Mosaic natural vegetation (tree, shrub, herbaceous cover) (>50%) / cropland (<50%)",Rural: Very Low Dens,train,ET,"Polar, tundra",29,Polar,Asia,"[30, 60)"
Landcover-1359029,64.980822,12.059641,Landcover,Agriculture,"Mosaic natural vegetation (tree, shrub, herbaceous cover) (>50%) / cropland (<50%)",Rural: Very Low Dens,train,Dfc,"Cold, no dry season, cold summer",27,Cold,Europe,"[60, 90)"
Landcover-1361058,32.956835,94.747014,Landcover,Agriculture,"Mosaic natural vegetation (tree, shrub, herbaceous cover) (>50%) / cropland (<50%)",Rural: Very Low Dens,train,ET,"Polar, tundra",29,Polar,Asia,"[30, 60)"
Landcover-136207,37.652684,31.148827,Landcover,Forest,Mosaic tree and shrub (>50%) / herbaceous cover (<50%),Rural: Very Low Dens,train,Csa,"Temperate, dry summer, hot summer",8,Temperate,Asia,"[30, 60)"
Landcover-1362414,49.701465,53.019718,Landcover,Agriculture,"Mosaic natural vegetation (tree, shrub, herbaceous cover) (>50%) / cropland (<50%)",Rural: Very Low Dens,train,BSk,"Arid, steppe, cold",7,Arid,Asia,"[30, 60)"
Landcover-1363149,25.984064,102.653564,Landcover,Agriculture,"Mosaic natural vegetation (tree, shrub, herbaceous cover) (>50%) / cropland (<50%)",Rural: Low Dens,train,Cwb,"Temperate, dry winter, warm summer",12,Temperate,Asia,"[10, 30)"
Landcover-1363564,50.15487,53.780016,Landcover,Agriculture,"Mosaic natural vegetation (tree, shrub, herbaceous cover) (>50%) / cropland (<50%)",Rural: Very Low Dens,test,BSk,"Arid, steppe, cold",7,Arid,Asia,"[30, 60)"
Landcover-1364026,9.096233,-11.703571,Landcover,Agriculture,"Mosaic natural vegetation (tree, shrub, herbaceous cover) (>50%) / cropland (<50%)",Rural: Very Low Dens,train,Am,"Tropical, monsoon",2,Tropical,Africa,"[-10, 10)"
Landcover-1366985,50.346101,75.008928,Landcover,Agriculture,"Mosaic natural vegetation (tree, shrub, herbaceous cover) (>50%) / cropland (<50%)",Rural: Very Low Dens,train,BSk,"Arid, steppe, cold",7,Arid,Asia,"[30, 60)"
Landcover-1370300,43.457216,121.358586,Landcover,Agriculture,"Mosaic natural vegetation (tree, shrub, herbaceous cover) (>50%) / cropland (<50%)",Rural: Very Low Dens,train,Dwa,"Cold, dry winter, hot summer",21,Cold,Asia,"[30, 60)"
Landcover-1370371,14.133592,122.377998,Landcover,Agriculture,"Mosaic natural vegetation (tree, shrub, herbaceous cover) (>50%) / cropland (<50%)",Rural: cluster,train,Af,"Tropical, rainforest",1,Tropical,Asia,"[10, 30)"
Landcover-1370395,62.870156,134.855518,Landcover,Agriculture,"Mosaic natural vegetation (tree, shrub, herbaceous cover) (>50%) / cropland (<50%)",Rural: Very Low Dens,train,Dfd,"Cold, no dry season, very cold winter",28,Cold,Europe,"[60, 90)"
Landcover-1371026,-0.760767,102.901334,Landcover,Agriculture,"Mosaic natural vegetation (tree, shrub, herbaceous cover) (>50%) / cropland (<50%)",Rural: Very Low Dens,train,Af,"Tropical, rainforest",1,Tropical,Asia,"[-10, 10)"
Landcover-1371274,40.662891,43.896196,Landcover,Agriculture,"Mosaic natural vegetation (tree, shrub, herbaceous cover) (>50%) / cropland (<50%)",Rural: Very Low Dens,val,Dfb,"Cold, no dry season, warm summer",26,Cold,Asia,"[30, 60)"
Landcover-137181,4.490702,46.946349,Landcover,Forest,Mosaic tree and shrub (>50%) / herbaceous cover (<50%),Rural: Very Low Dens,train,BWh,"Arid, desert, hot",4,Arid,Africa,"[-10, 10)"
Landcover-1372406,15.525357,39.307954,Landcover,Agriculture,"Mosaic natural vegetation (tree, shrub, herbaceous cover) (>50%) / cropland (<50%)",Rural: Very Low Dens,train,BWh,"Arid, desert, hot",4,Arid,Africa,"[10, 30)"
Landcover-1374848,12.66592,9.348138,Landcover,Agriculture,"Mosaic natural vegetation (tree, shrub, herbaceous cover) (>50%) / cropland (<50%)",Rural: Very Low Dens,train,BSh,"Arid, steppe, hot",6,Arid,Africa,"[10, 30)"
Landcover-1377171,37.86975,-2.496313,Landcover,Agriculture,"Mosaic natural vegetation (tree, shrub, herbaceous cover) (>50%) / cropland (<50%)",Rural: Very Low Dens,val,BSk,"Arid, steppe, cold",7,Arid,Europe,"[30, 60)"
Landcover-1378768,38.58457,21.676847,Landcover,Agriculture,"Mosaic natural vegetation (tree, shrub, herbaceous cover) (>50%) / cropland (<50%)",Rural: Very Low Dens,train,Csa,"Temperate, dry summer, hot summer",8,Temperate,Europe,"[30, 60)"
Landcover-1380119,-3.476953,103.378122,Landcover,Agriculture,"Mosaic natural vegetation (tree, shrub, herbaceous cover) (>50%) / cropland (<50%)",Rural: Very Low Dens,train,Af,"Tropical, rainforest",1,Tropical,Asia,"[-10, 10)"
Landcover-138098,32.721445,-89.842648,Landcover,Forest,Mosaic tree and shrub (>50%) / herbaceous cover (<50%),Rural: Very Low Dens,val,Cfa,"Temperate, no dry season, hot summer",14,Temperate,North America,"[30, 60)"
Landcover-138647,25.607908,114.42738,Landcover,Forest,Mosaic tree and shrub (>50%) / herbaceous cover (<50%),Rural: Very Low Dens,train,Cfa,"Temperate, no dry season, hot summer",14,Temperate,Asia,"[10, 30)"
Landcover-1386573,17.715812,104.655647,Landcover,Agriculture,"Mosaic natural vegetation (tree, shrub, herbaceous cover) (>50%) / cropland (<50%)",Rural: Very Low Dens,train,Am,"Tropical, monsoon",2,Tropical,Asia,"[10, 30)"
Landcover-1392962,-1.428579,-53.534614,Landcover,Forest,"Tree cover, broadleaved, evergreen, closed to open (>15%)",Rural: Very Low Dens,val,Am,"Tropical, monsoon",2,Tropical,South America,"[-10, 10)"
Landcover-139312,25.749207,94.277195,Landcover,Forest,Mosaic tree and shrub (>50%) / herbaceous cover (<50%),Rural: Very Low Dens,train,Cwa,"Temperate, dry winter, hot summer",11,Temperate,Asia,"[10, 30)"
Landcover-1395263,-15.290416,-66.119768,Landcover,Forest,"Tree cover, broadleaved, evergreen, closed to open (>15%)",Rural: Very Low Dens,train,Am,"Tropical, monsoon",2,Tropical,South America,"[-30, -10)"
Landcover-1397126,-4.838633,103.637758,Landcover,Forest,"Tree cover, broadleaved, evergreen, closed to open (>15%)",Rural: Very Low Dens,train,Af,"Tropical, rainforest",1,Tropical,Asia,"[-10, 10)"
Landcover-1398109,-0.386569,13.167436,Landcover,Forest,"Tree cover, broadleaved, evergreen, closed to open (>15%)",Rural: Very Low Dens,train,Aw,"Tropical, savannah",3,Tropical,Africa,"[-10, 10)"
Landcover-1399169,-6.50013,-57.319952,Landcover,Forest,"Tree cover, broadleaved, evergreen, closed to open (>15%)",Rural: Very Low Dens,train,Am,"Tropical, monsoon",2,Tropical,South America,"[-10, 10)"
Landcover-1403893,14.798718,-91.777665,Landcover,Forest,"Tree cover, broadleaved, evergreen, closed to open (>15%)",Rural: Very Low Dens,val,Am,"Tropical, monsoon",2,Tropical,North America,"[10, 30)"
Landcover-1409794,28.014692,109.267031,Landcover,Forest,"Tree cover, broadleaved, evergreen, closed to open (>15%)",Rural: Very Low Dens,train,Cfa,"Temperate, no dry season, hot summer",14,Temperate,Asia,"[10, 30)"
Landcover-1410900,12.247481,103.450678,Landcover,Forest,"Tree cover, broadleaved, evergreen, closed to open (>15%)",Rural: Very Low Dens,test,Am,"Tropical, monsoon",2,Tropical,Asia,"[10, 30)"
Landcover-141097,49.907675,-94.925429,Landcover,Forest,Mosaic tree and shrub (>50%) / herbaceous cover (<50%),Rural: Very Low Dens,train,Dfb,"Cold, no dry season, warm summer",26,Cold,North America,"[30, 60)"
Landcover-1414401,-0.155767,13.266478,Landcover,Forest,"Tree cover, broadleaved, evergreen, closed to open (>15%)",Rural: Very Low Dens,test,Aw,"Tropical, savannah",3,Tropical,Africa,"[-10, 10)"
Landcover-1416619,-4.910556,24.221409,Landcover,Forest,"Tree cover, broadleaved, evergreen, closed to open (>15%)",Rural: Very Low Dens,train,Aw,"Tropical, savannah",3,Tropical,Africa,"[-10, 10)"
Landcover-1417431,-24.129241,-55.662882,Landcover,Forest,"Tree cover, broadleaved, evergreen, closed to open (>15%)",Rural: Very Low Dens,test,Af,"Tropical, rainforest",1,Tropical,South America,"[-30, -10)"
Landcover-1418799,18.272335,121.313934,Landcover,Forest,"Tree cover, broadleaved, evergreen, closed to open (>15%)",Rural: Very Low Dens,train,Af,"Tropical, rainforest",1,Tropical,Asia,"[10, 30)"
Landcover-1419458,-2.499177,-70.782115,Landcover,Forest,"Tree cover, broadleaved, evergreen, closed to open (>15%)",Rural: Very Low Dens,train,Af,"Tropical, rainforest",1,Tropical,South America,"[-10, 10)"
Landcover-1423442,-26.948005,-55.931189,Landcover,Forest,"Tree cover, broadleaved, evergreen, closed to open (>15%)",Rural: Very Low Dens,val,Cfa,"Temperate, no dry season, hot summer",14,Temperate,South America,"[-30, -10)"
Landcover-14249,7.22424,39.562336,Landcover,Agriculture,"Cropland, rainfed",Rural: Very Low Dens,train,Cwb,"Temperate, dry winter, warm summer",12,Temperate,Africa,"[-10, 10)"
Landcover-1425149,-4.731432,-61.340879,Landcover,Forest,"Tree cover, broadleaved, evergreen, closed to open (>15%)",Rural: Very Low Dens,train,Af,"Tropical, rainforest",1,Tropical,South America,"[-10, 10)"
Landcover-1425791,22.188824,103.144035,Landcover,Forest,"Tree cover, broadleaved, evergreen, closed to open (>15%)",Rural: Very Low Dens,train,Cwa,"Temperate, dry winter, hot summer",11,Temperate,Asia,"[10, 30)"
Landcover-1425813,-1.051252,19.623682,Landcover,Forest,"Tree cover, broadleaved, evergreen, closed to open (>15%)",Rural: Very Low Dens,val,Af,"Tropical, rainforest",1,Tropical,Africa,"[-10, 10)"
Landcover-1430012,-16.563714,-66.564419,Landcover,Forest,"Tree cover, broadleaved, evergreen, closed to open (>15%)",Rural: Very Low Dens,train,Cfb,"Temperate, no dry season, warm summer",15,Temperate,South America,"[-30, -10)"
Landcover-1434114,27.299723,88.323442,Landcover,Forest,"Tree cover, broadleaved, evergreen, closed to open (>15%)",Rural: Very Low Dens,train,Cwa,"Temperate, dry winter, hot summer",11,Temperate,Asia,"[10, 30)"
Landcover-143551,11.644051,107.844214,Landcover,Forest,Mosaic tree and shrub (>50%) / herbaceous cover (<50%),Rural: Low Dens,train,Am,"Tropical, monsoon",2,Tropical,Asia,"[10, 30)"
Landcover-1436463,-0.575007,-58.822374,Landcover,Forest,"Tree cover, broadleaved, evergreen, closed to open (>15%)",Rural: Very Low Dens,val,Af,"Tropical, rainforest",1,Tropical,South America,"[-10, 10)"
Landcover-1437131,20.403502,-75.984604,Landcover,Forest,"Tree cover, broadleaved, evergreen, closed to open (>15%)",Rural: Very Low Dens,train,Aw,"Tropical, savannah",3,Tropical,North America,"[10, 30)"
Landcover-143843,43.730772,71.505112,Landcover,Forest,Mosaic tree and shrub (>50%) / herbaceous cover (<50%),Rural: Very Low Dens,test,BWk,"Arid, desert, cold",5,Arid,Asia,"[30, 60)"
Landcover-144196,51.231025,130.160032,Landcover,Forest,Mosaic tree and shrub (>50%) / herbaceous cover (<50%),Rural: Very Low Dens,train,Dwc,"Cold, dry winter, cold summer",23,Cold,Europe,"[30, 60)"
Landcover-1443247,6.526486,117.5224,Landcover,Forest,"Tree cover, broadleaved, evergreen, closed to open (>15%)",Rural: Very Low Dens,train,Af,"Tropical, rainforest",1,Tropical,Asia,"[-10, 10)"
Landcover-1454245,-12.349365,-72.881495,Landcover,Forest,"Tree cover, broadleaved, evergreen, closed to open (>15%)",Rural: Very Low Dens,test,Am,"Tropical, monsoon",2,Tropical,South America,"[-30, -10)"
Landcover-1455806,1.211513,13.631729,Landcover,Forest,"Tree cover, broadleaved, evergreen, closed to open (>15%)",Rural: Very Low Dens,train,Aw,"Tropical, savannah",3,Tropical,Africa,"[-10, 10)"
Landcover-1455963,0.034333,10.047049,Landcover,Forest,"Tree cover, broadleaved, evergreen, closed to open (>15%)",Rural: Very Low Dens,train,Aw,"Tropical, savannah",3,Tropical,Africa,"[-10, 10)"
Landcover-145671,-13.191953,-51.267073,Landcover,Forest,Mosaic tree and shrub (>50%) / herbaceous cover (<50%),Rural: Very Low Dens,train,Aw,"Tropical, savannah",3,Tropical,South America,"[-30, -10)"
Landcover-1456982,-37.098449,147.095592,Landcover,Forest,"Tree cover, broadleaved, evergreen, closed to open (>15%)",Rural: Very Low Dens,train,Cfb,"Temperate, no dry season, warm summer",15,Temperate,Oceania,"[-60, -30)"
Landcover-1458476,-24.176212,-49.219474,Landcover,Forest,"Tree cover, broadleaved, evergreen, closed to open (>15%)",Rural: Very Low Dens,train,Cfb,"Temperate, no dry season, warm summer",15,Temperate,South America,"[-30, -10)"
Landcover-1461678,-6.384951,-71.487134,Landcover,Forest,"Tree cover, broadleaved, evergreen, closed to open (>15%)",Rural: Very Low Dens,train,Af,"Tropical, rainforest",1,Tropical,South America,"[-10, 10)"
Landcover-1462584,2.506204,-72.375112,Landcover,Forest,"Tree cover, broadleaved, evergreen, closed to open (>15%)",Rural: Very Low Dens,train,Am,"Tropical, monsoon",2,Tropical,South America,"[-10, 10)"
Landcover-1463609,-15.599039,124.67385,Landcover,Forest,"Tree cover, broadleaved, evergreen, closed to open (>15%)",Rural: Very Low Dens,train,Aw,"Tropical, savannah",3,Tropical,Oceania,"[-30, -10)"
Landcover-1464961,0.259237,-60.318273,Landcover,Forest,"Tree cover, broadleaved, evergreen, closed to open (>15%)",Rural: Very Low Dens,train,Af,"Tropical, rainforest",1,Tropical,South America,"[-10, 10)"
Landcover-1466184,-7.200564,-70.557625,Landcover,Forest,"Tree cover, broadleaved, evergreen, closed to open (>15%)",Rural: Very Low Dens,test,Af,"Tropical, rainforest",1,Tropical,South America,"[-10, 10)"
Landcover-1472914,1.035316,-65.847196,Landcover,Forest,"Tree cover, broadleaved, evergreen, closed to open (>15%)",Rural: Very Low Dens,train,Af,"Tropical, rainforest",1,Tropical,South America,"[-10, 10)"
Landcover-1475216,20.16194,-97.827078,Landcover,Forest,"Tree cover, broadleaved, evergreen, closed to open (>15%)",Rural: Very Low Dens,train,Cfa,"Temperate, no dry season, hot summer",14,Temperate,North America,"[10, 30)"
Landcover-147767,55.185879,-104.090901,Landcover,Forest,Mosaic tree and shrub (>50%) / herbaceous cover (<50%),Rural: Very Low Dens,test,Dfc,"Cold, no dry season, cold summer",27,Cold,North America,"[30, 60)"
Landcover-1479372,6.071607,100.853658,Landcover,Forest,"Tree cover, broadleaved, evergreen, closed to open (>15%)",Rural: Very Low Dens,train,Af,"Tropical, rainforest",1,Tropical,Asia,"[-10, 10)"
Landcover-1494031,1.987401,-67.686995,Landcover,Forest,"Tree cover, broadleaved, evergreen, closed to open (>15%)",Rural: Very Low Dens,train,Af,"Tropical, rainforest",1,Tropical,South America,"[-10, 10)"
Landcover-1494828,-0.44295,14.001559,Landcover,Forest,"Tree cover, broadleaved, evergreen, closed to open (>15%)",Rural: Very Low Dens,val,Aw,"Tropical, savannah",3,Tropical,Africa,"[-10, 10)"
Landcover-14956,50.469474,28.585629,Landcover,Agriculture,"Cropland, rainfed",Rural: Very Low Dens,val,Dfb,"Cold, no dry season, warm summer",26,Cold,Europe,"[30, 60)"
Landcover-1497211,-5.797881,-60.121384,Landcover,Forest,"Tree cover, broadleaved, evergreen, closed to open (>15%)",Rural: Very Low Dens,train,Am,"Tropical, monsoon",2,Tropical,South America,"[-10, 10)"
Landcover-150025,31.900792,78.614548,Landcover,Forest,Mosaic tree and shrub (>50%) / herbaceous cover (<50%),Rural: Very Low Dens,train,Dsb,"Cold, dry summer, warm summer",18,Cold,Asia,"[30, 60)"
Landcover-1503213,3.477992,-54.989859,Landcover,Forest,"Tree cover, broadleaved, evergreen, closed to open (>15%)",Rural: Very Low Dens,train,Am,"Tropical, monsoon",2,Tropical,South America,"[-10, 10)"
Landcover-1509008,5.397096,-69.869333,Landcover,Forest,"Tree cover, broadleaved, evergreen, closed to open (>15%)",Rural: Very Low Dens,val,Am,"Tropical, monsoon",2,Tropical,South America,"[-10, 10)"
Landcover-150965,59.156275,139.808911,Landcover,Forest,Mosaic tree and shrub (>50%) / herbaceous cover (<50%),Rural: Very Low Dens,train,Dfc,"Cold, no dry season, cold summer",27,Cold,Europe,"[30, 60)"
Landcover-1511438,5.713234,-63.907114,Landcover,Forest,"Tree cover, broadleaved, evergreen, closed to open (>15%)",Rural: Very Low Dens,val,Am,"Tropical, monsoon",2,Tropical,South America,"[-10, 10)"
Landcover-1518934,-7.116651,-73.20514,Landcover,Forest,"Tree cover, broadleaved, evergreen, closed to open (>15%)",Rural: Very Low Dens,train,Af,"Tropical, rainforest",1,Tropical,South America,"[-10, 10)"
Landcover-151915,64.421097,56.166987,Landcover,Forest,Mosaic tree and shrub (>50%) / herbaceous cover (<50%),Rural: Very Low Dens,train,Dfc,"Cold, no dry season, cold summer",27,Cold,Europe,"[60, 90)"
Landcover-1522342,-17.529806,-58.53569,Landcover,Forest,"Tree cover, broadleaved, evergreen, closed to open (>15%)",Rural: Very Low Dens,train,Aw,"Tropical, savannah",3,Tropical,South America,"[-30, -10)"
Landcover-152545,44.68613,-96.582248,Landcover,Agriculture,Herbaceous cover,Rural: Very Low Dens,test,Dfa,"Cold, no dry season, hot summer",25,Cold,North America,"[30, 60)"
Landcover-1527559,-3.581509,26.605436,Landcover,Forest,"Tree cover, broadleaved, evergreen, closed to open (>15%)",Rural: Very Low Dens,train,Aw,"Tropical, savannah",3,Tropical,Africa,"[-10, 10)"
Landcover-1530223,-27.240785,-52.290858,Landcover,Forest,"Tree cover, broadleaved, evergreen, closed to open (>15%)",Rural: Very Low Dens,test,Cfa,"Temperate, no dry season, hot summer",14,Temperate,South America,"[-30, -10)"
Landcover-1531455,-2.195638,-48.303314,Landcover,Forest,"Tree cover, broadleaved, evergreen, closed to open (>15%)",Rural: Very Low Dens,train,Af,"Tropical, rainforest",1,Tropical,South America,"[-10, 10)"
Landcover-153205,33.392406,-90.690064,Landcover,Agriculture,Herbaceous cover,Rural: Very Low Dens,train,Cfa,"Temperate, no dry season, hot summer",14,Temperate,North America,"[30, 60)"
Landcover-1534788,-0.70295,13.732861,Landcover,Forest,"Tree cover, broadleaved, evergreen, closed to open (>15%)",Rural: Very Low Dens,test,Aw,"Tropical, savannah",3,Tropical,Africa,"[-10, 10)"
Landcover-1536263,4.322795,96.878202,Landcover,Forest,"Tree cover, broadleaved, evergreen, closed to open (>15%)",Rural: Very Low Dens,val,Cfb,"Temperate, no dry season, warm summer",15,Temperate,Asia,"[-10, 10)"
Landcover-1537543,20.234978,103.236188,Landcover,Forest,"Tree cover, broadleaved, evergreen, closed to open (>15%)",Rural: Very Low Dens,train,Cwa,"Temperate, dry winter, hot summer",11,Temperate,Asia,"[10, 30)"
Landcover-1538664,-2.842785,-43.615916,Landcover,Forest,"Tree cover, broadleaved, evergreen, closed to open (>15%)",Rural: Very Low Dens,train,Aw,"Tropical, savannah",3,Tropical,South America,"[-10, 10)"
Landcover-1543758,18.434365,103.64022,Landcover,Forest,"Tree cover, broadleaved, evergreen, closed to open (>15%)",Rural: Very Low Dens,train,Am,"Tropical, monsoon",2,Tropical,Asia,"[10, 30)"
Landcover-1545657,-18.151283,-64.363526,Landcover,Forest,"Tree cover, broadleaved, evergreen, closed to open (>15%)",Rural: Very Low Dens,train,BSh,"Arid, steppe, hot",6,Arid,South America,"[-30, -10)"
Landcover-1550129,-3.277993,26.759516,Landcover,Forest,"Tree cover, broadleaved, evergreen, closed to open (>15%)",Rural: Very Low Dens,train,Am,"Tropical, monsoon",2,Tropical,Africa,"[-10, 10)"
Landcover-1555657,27.629109,-109.130524,Landcover,Forest,"Tree cover, broadleaved, deciduous, closed to open (>15%)",Rural: Very Low Dens,test,BSh,"Arid, steppe, hot",6,Arid,North America,"[10, 30)"
Landcover-1560392,28.174633,-109.903838,Landcover,Forest,"Tree cover, broadleaved, deciduous, closed to open (>15%)",Rural: Very Low Dens,train,BSh,"Arid, steppe, hot",6,Arid,North America,"[10, 30)"
Landcover-1561223,-16.632862,29.337384,Landcover,Forest,"Tree cover, broadleaved, deciduous, closed to open (>15%)",Rural: Very Low Dens,train,Cwa,"Temperate, dry winter, hot summer",11,Temperate,Africa,"[-30, -10)"
Landcover-1562130,40.031751,46.693907,Landcover,Forest,"Tree cover, broadleaved, deciduous, closed to open (>15%)",Rural: Very Low Dens,train,Dfa,"Cold, no dry season, hot summer",25,Cold,Asia,"[30, 60)"
Landcover-1562332,14.039629,-90.18146,Landcover,Forest,"Tree cover, broadleaved, deciduous, closed to open (>15%)",Rural: Very Low Dens,train,Aw,"Tropical, savannah",3,Tropical,North America,"[10, 30)"
Landcover-1562422,38.400752,-87.30437,Landcover,Forest,"Tree cover, broadleaved, deciduous, closed to open (>15%)",Rural: Very Low Dens,train,Dfa,"Cold, no dry season, hot summer",25,Cold,North America,"[30, 60)"
Landcover-1563992,50.090183,129.655249,Landcover,Forest,"Tree cover, broadleaved, deciduous, closed to open (>15%)",Rural: Very Low Dens,train,Dwb,"Cold, dry winter, warm summer",22,Cold,Europe,"[30, 60)"
Landcover-1568682,44.411708,16.950115,Landcover,Forest,"Tree cover, broadleaved, deciduous, closed to open (>15%)",Rural: Very Low Dens,train,Dfb,"Cold, no dry season, warm summer",26,Cold,Europe,"[30, 60)"
Landcover-1568936,-13.73844,16.572364,Landcover,Forest,"Tree cover, broadleaved, deciduous, closed to open (>15%)",Rural: Very Low Dens,train,Cwb,"Temperate, dry winter, warm summer",12,Temperate,Africa,"[-30, -10)"
Landcover-157534,45.968652,-99.904096,Landcover,Agriculture,Herbaceous cover,Rural: Very Low Dens,train,Dwb,"Cold, dry winter, warm summer",22,Cold,North America,"[30, 60)"
Landcover-1575869,19.299428,-71.498572,Landcover,Forest,"Tree cover, broadleaved, deciduous, closed to open (>15%)",Rural: Very Low Dens,train,Am,"Tropical, monsoon",2,Tropical,North America,"[10, 30)"
Landcover-1576149,41.061045,128.347384,Landcover,Forest,"Tree cover, broadleaved, deciduous, closed to open (>15%)",Rural: Very Low Dens,test,Dwb,"Cold, dry winter, warm summer",22,Cold,Asia,"[30, 60)"
Landcover-1576589,55.207367,-107.818493,Landcover,Forest,"Tree cover, broadleaved, deciduous, closed to open (>15%)",Rural: Very Low Dens,val,Dfc,"Cold, no dry season, cold summer",27,Cold,North America,"[30, 60)"
Landcover-1577137,42.975266,143.515456,Landcover,Forest,"Tree cover, broadleaved, deciduous, closed to open (>15%)",Rural: Very Low Dens,test,Dfb,"Cold, no dry season, warm summer",26,Cold,Asia,"[30, 60)"
Landcover-1579267,45.834449,17.246537,Landcover,Forest,"Tree cover, broadleaved, deciduous, closed to open (>15%)",Rural: Very Low Dens,train,Cfa,"Temperate, no dry season, hot summer",14,Temperate,Europe,"[30, 60)"
Landcover-1580035,42.609801,140.64136,Landcover,Forest,"Tree cover, broadleaved, deciduous, closed to open (>15%)",Rural: Very Low Dens,train,Dfb,"Cold, no dry season, warm summer",26,Cold,Asia,"[30, 60)"
Landcover-158246,-15.647482,-53.446282,Landcover,Agriculture,Herbaceous cover,Rural: Very Low Dens,train,Aw,"Tropical, savannah",3,Tropical,South America,"[-30, -10)"
Landcover-1587484,48.053118,129.679237,Landcover,Forest,"Tree cover, broadleaved, deciduous, closed to open (>15%)",Rural: Very Low Dens,train,Dwc,"Cold, dry winter, cold summer",23,Cold,Asia,"[30, 60)"
Landcover-1588648,-6.537849,33.302193,Landcover,Forest,"Tree cover, broadleaved, deciduous, closed to open (>15%)",Rural: Very Low Dens,train,Aw,"Tropical, savannah",3,Tropical,Africa,"[-10, 10)"
Landcover-1588923,-8.157035,17.080616,Landcover,Forest,"Tree cover, broadleaved, deciduous, closed to open (>15%)",Rural: Very Low Dens,val,Aw,"Tropical, savannah",3,Tropical,Africa,"[-10, 10)"
Landcover-1589243,-7.120414,18.819393,Landcover,Forest,"Tree cover, broadleaved, deciduous, closed to open (>15%)",Rural: Very Low Dens,train,Aw,"Tropical, savannah",3,Tropical,Africa,"[-10, 10)"
Landcover-1593978,58.644227,40.041549,Landcover,Forest,"Tree cover, broadleaved, deciduous, closed to open (>15%)",Rural: Very Low Dens,train,Dfb,"Cold, no dry season, warm summer",26,Cold,Europe,"[30, 60)"
Landcover-1595976,43.100745,-8.416178,Landcover,Forest,"Tree cover, broadleaved, deciduous, closed to open (>15%)",Rural: cluster,train,Csb,"Temperate, dry summer, warm summer",9,Temperate,Europe,"[30, 60)"
Landcover-1600729,-16.091276,48.278444,Landcover,Forest,"Tree cover, broadleaved, deciduous, closed to open (>15%)",Rural: Very Low Dens,train,Cwa,"Temperate, dry winter, hot summer",11,Temperate,Africa,"[-30, -10)"
Landcover-1607491,55.160859,95.926069,Landcover,Forest,"Tree cover, broadleaved, deciduous, closed to open (>15%)",Rural: Very Low Dens,train,Dwc,"Cold, dry winter, cold summer",23,Cold,Europe,"[30, 60)"
Landcover-1609132,56.375141,34.105602,Landcover,Forest,"Tree cover, broadleaved, deciduous, closed to open (>15%)",Rural: Very Low Dens,train,Dfb,"Cold, no dry season, warm summer",26,Cold,Europe,"[30, 60)"
Landcover-1609250,60.855779,45.91815,Landcover,Forest,"Tree cover, broadleaved, deciduous, closed to open (>15%)",Rural: Very Low Dens,train,Dfc,"Cold, no dry season, cold summer",27,Cold,Europe,"[60, 90)"
Landcover-1611190,46.370434,-93.705074,Landcover,Forest,"Tree cover, broadleaved, deciduous, closed to open (>15%)",Rural: Very Low Dens,train,Dfb,"Cold, no dry season, warm summer",26,Cold,North America,"[30, 60)"
Landcover-1616830,-13.425375,26.815463,Landcover,Forest,"Tree cover, broadleaved, deciduous, closed to open (>15%)",Rural: Very Low Dens,val,Cwa,"Temperate, dry winter, hot summer",11,Temperate,Africa,"[-30, -10)"
Landcover-1617369,43.913574,-80.449531,Landcover,Forest,"Tree cover, broadleaved, deciduous, closed to open (>15%)",Rural: Very Low Dens,train,Dfb,"Cold, no dry season, warm summer",26,Cold,North America,"[30, 60)"
Landcover-1617643,40.160156,140.909355,Landcover,Forest,"Tree cover, broadleaved, deciduous, closed to open (>15%)",Rural: Very Low Dens,train,Dfa,"Cold, no dry season, hot summer",25,Cold,Asia,"[30, 60)"
Landcover-1618498,56.214495,86.833068,Landcover,Forest,"Tree cover, broadleaved, deciduous, closed to open (>15%)",Rural: Very Low Dens,train,Dfc,"Cold, no dry season, cold summer",27,Cold,Europe,"[30, 60)"
Landcover-1620763,58.608795,41.267277,Landcover,Forest,"Tree cover, broadleaved, deciduous, closed to open (>15%)",Rural: Very Low Dens,val,Dfb,"Cold, no dry season, warm summer",26,Cold,Europe,"[30, 60)"
Landcover-1623813,55.488995,46.620268,Landcover,Forest,"Tree cover, broadleaved, deciduous, closed to open (>15%)",Rural: Very Low Dens,train,Dfb,"Cold, no dry season, warm summer",26,Cold,Europe,"[30, 60)"
Landcover-1625131,51.674896,85.589786,Landcover,Forest,"Tree cover, broadleaved, deciduous, closed to open (>15%)",Rural: Very Low Dens,train,Dfc,"Cold, no dry season, cold summer",27,Cold,Europe,"[30, 60)"
Landcover-1626399,37.887097,-92.851146,Landcover,Forest,"Tree cover, broadleaved, deciduous, closed to open (>15%)",Rural: Very Low Dens,train,Dfa,"Cold, no dry season, hot summer",25,Cold,North America,"[30, 60)"
Landcover-1627034,-18.669729,27.314197,Landcover,Forest,"Tree cover, broadleaved, deciduous, closed to open (>15%)",Rural: Very Low Dens,train,BSh,"Arid, steppe, hot",6,Arid,Africa,"[-30, -10)"
Landcover-1629417,28.317938,81.823635,Landcover,Forest,"Tree cover, broadleaved, deciduous, closed (>40%)",Rural: Very Low Dens,test,Cwa,"Temperate, dry winter, hot summer",11,Temperate,Asia,"[10, 30)"
Landcover-1629935,41.439511,117.428571,Landcover,Forest,"Tree cover, broadleaved, deciduous, closed (>40%)",Rural: Very Low Dens,train,Dwa,"Cold, dry winter, hot summer",21,Cold,Asia,"[30, 60)"
Landcover-1630383,40.601373,119.086416,Landcover,Forest,"Tree cover, broadleaved, deciduous, closed (>40%)",Rural: Very Low Dens,train,Dwa,"Cold, dry winter, hot summer",21,Cold,Asia,"[30, 60)"
Landcover-1633085,-25.781272,-63.062099,Landcover,Forest,"Tree cover, broadleaved, deciduous, closed (>40%)",Rural: Very Low Dens,test,BSh,"Arid, steppe, hot",6,Arid,South America,"[-30, -10)"
Landcover-1633929,-22.04045,-64.486192,Landcover,Forest,"Tree cover, broadleaved, deciduous, closed (>40%)",Rural: Very Low Dens,train,Cwa,"Temperate, dry winter, hot summer",11,Temperate,South America,"[-30, -10)"
Landcover-1634113,27.218756,116.083666,Landcover,Forest,"Tree cover, broadleaved, deciduous, closed (>40%)",Rural: Very Low Dens,train,Cfa,"Temperate, no dry season, hot summer",14,Temperate,Asia,"[10, 30)"
Landcover-1636716,-29.381523,-60.180435,Landcover,Forest,"Tree cover, broadleaved, deciduous, closed (>40%)",Rural: Very Low Dens,train,Cfa,"Temperate, no dry season, hot summer",14,Temperate,South America,"[-30, -10)"
Landcover-1636764,49.085353,-124.658942,Landcover,Forest,"Tree cover, broadleaved, deciduous, closed (>40%)",Rural: Very Low Dens,train,Dfc,"Cold, no dry season, cold summer",27,Cold,North America,"[30, 60)"
Landcover-1636988,-12.559316,23.122872,Landcover,Forest,"Tree cover, broadleaved, deciduous, closed (>40%)",Rural: Very Low Dens,val,Cwb,"Temperate, dry winter, warm summer",12,Temperate,Africa,"[-30, -10)"
Landcover-1637140,-24.177683,-60.143633,Landcover,Forest,"Tree cover, broadleaved, deciduous, closed (>40%)",Rural: Very Low Dens,train,Cfa,"Temperate, no dry season, hot summer",14,Temperate,South America,"[-30, -10)"
Landcover-1637587,-27.120564,-63.56453,Landcover,Forest,"Tree cover, broadleaved, deciduous, closed (>40%)",Rural: Very Low Dens,val,BSh,"Arid, steppe, hot",6,Arid,South America,"[-30, -10)"
Landcover-1637836,-11.043236,18.058807,Landcover,Forest,"Tree cover, broadleaved, deciduous, closed (>40%)",Rural: Very Low Dens,train,Aw,"Tropical, savannah",3,Tropical,Africa,"[-30, -10)"
Landcover-1638131,57.703942,54.479279,Landcover,Forest,"Tree cover, broadleaved, deciduous, closed (>40%)",Rural: Very Low Dens,val,Dfb,"Cold, no dry season, warm summer",26,Cold,Europe,"[30, 60)"
Landcover-1638730,47.646345,142.017513,Landcover,Forest,"Tree cover, broadleaved, deciduous, closed (>40%)",Rural: Very Low Dens,train,Dfc,"Cold, no dry season, cold summer",27,Cold,Europe,"[30, 60)"
Landcover-1639747,8.020844,19.663512,Landcover,Forest,"Tree cover, broadleaved, deciduous, open (15‐40%)",Rural: Very Low Dens,train,Aw,"Tropical, savannah",3,Tropical,Africa,"[-10, 10)"
Landcover-1640238,-3.899805,34.955267,Landcover,Forest,"Tree cover, broadleaved, deciduous, open (15‐40%)",Rural: Very Low Dens,train,BSh,"Arid, steppe, hot",6,Arid,Africa,"[-10, 10)"
Landcover-1640857,-5.63981,18.902227,Landcover,Forest,"Tree cover, broadleaved, deciduous, open (15‐40%)",Rural: Very Low Dens,train,Aw,"Tropical, savannah",3,Tropical,Africa,"[-10, 10)"
Landcover-164102,-18.24178,31.712828,Landcover,Agriculture,Herbaceous cover,Rural: Very Low Dens,train,Cwb,"Temperate, dry winter, warm summer",12,Temperate,Africa,"[-30, -10)"
Landcover-1642096,-8.818945,28.232529,Landcover,Forest,"Tree cover, broadleaved, deciduous, open (15‐40%)",Rural: Very Low Dens,train,Aw,"Tropical, savannah",3,Tropical,Africa,"[-10, 10)"
Landcover-1642140,6.394946,15.715811,Landcover,Forest,"Tree cover, broadleaved, deciduous, open (15‐40%)",Rural: Very Low Dens,train,Aw,"Tropical, savannah",3,Tropical,Africa,"[-10, 10)"
Landcover-1643038,-16.983583,23.268228,Landcover,Forest,"Tree cover, broadleaved, deciduous, open (15‐40%)",Rural: Very Low Dens,train,Cwa,"Temperate, dry winter, hot summer",11,Temperate,Africa,"[-30, -10)"
Landcover-1643186,-15.676911,145.09793,Landcover,Forest,"Tree cover, broadleaved, deciduous, open (15‐40%)",Rural: Very Low Dens,train,Aw,"Tropical, savannah",3,Tropical,Oceania,"[-30, -10)"
Landcover-1646385,1.344878,29.919322,Landcover,Forest,"Tree cover, broadleaved, deciduous, open (15‐40%)",Rural: Very Low Dens,train,Af,"Tropical, rainforest",1,Tropical,Africa,"[-10, 10)"
Landcover-1647053,-32.517283,122.874042,Landcover,Forest,"Tree cover, broadleaved, deciduous, open (15‐40%)",Rural: Very Low Dens,train,BSk,"Arid, steppe, cold",7,Arid,Oceania,"[-60, -30)"
Landcover-1649331,8.806589,1.775999,Landcover,Forest,"Tree cover, broadleaved, deciduous, open (15‐40%)",Rural: Very Low Dens,train,Aw,"Tropical, savannah",3,Tropical,Africa,"[-10, 10)"
Landcover-1650482,6.947349,44.566864,Landcover,Forest,"Tree cover, broadleaved, deciduous, open (15‐40%)",Rural: Very Low Dens,train,BSh,"Arid, steppe, hot",6,Arid,Africa,"[-10, 10)"
Landcover-1654533,6.923921,44.735886,Landcover,Forest,"Tree cover, broadleaved, deciduous, open (15‐40%)",Rural: Very Low Dens,train,BWh,"Arid, desert, hot",4,Arid,Africa,"[-10, 10)"
Landcover-1656624,8.703131,24.736211,Landcover,Forest,"Tree cover, broadleaved, deciduous, open (15‐40%)",Rural: Very Low Dens,train,Aw,"Tropical, savannah",3,Tropical,Africa,"[-10, 10)"
Landcover-1657071,-11.388551,32.64111,Landcover,Forest,"Tree cover, broadleaved, deciduous, open (15‐40%)",Rural: Very Low Dens,train,Aw,"Tropical, savannah",3,Tropical,Africa,"[-30, -10)"
Landcover-1659564,-15.300377,40.033301,Landcover,Forest,"Tree cover, broadleaved, deciduous, open (15‐40%)",Rural: Very Low Dens,train,Aw,"Tropical, savannah",3,Tropical,Africa,"[-30, -10)"
Landcover-1663127,9.514079,-4.796194,Landcover,Forest,"Tree cover, broadleaved, deciduous, open (15‐40%)",Rural: Very Low Dens,train,Aw,"Tropical, savannah",3,Tropical,Africa,"[-10, 10)"
Landcover-1665000,-6.43181,-79.385068,Landcover,Forest,"Tree cover, broadleaved, deciduous, open (15‐40%)",Rural: Very Low Dens,train,BSh,"Arid, steppe, hot",6,Arid,South America,"[-10, 10)"
Landcover-1666825,-14.78758,38.508535,Landcover,Forest,"Tree cover, broadleaved, deciduous, open (15‐40%)",Rural: Very Low Dens,train,Aw,"Tropical, savannah",3,Tropical,Africa,"[-30, -10)"
Landcover-1669096,4.945295,30.001239,Landcover,Forest,"Tree cover, broadleaved, deciduous, open (15‐40%)",Rural: Very Low Dens,train,Aw,"Tropical, savannah",3,Tropical,Africa,"[-10, 10)"
Landcover-1670545,-13.184548,40.520253,Landcover,Forest,"Tree cover, broadleaved, deciduous, open (15‐40%)",Rural: Very Low Dens,train,Aw,"Tropical, savannah",3,Tropical,Africa,"[-30, -10)"
Landcover-1671533,-14.564721,131.2988,Landcover,Forest,"Tree cover, broadleaved, deciduous, open (15‐40%)",Rural: Very Low Dens,train,Aw,"Tropical, savannah",3,Tropical,Oceania,"[-30, -10)"
Landcover-1673775,8.425631,10.959982,Landcover,Forest,"Tree cover, broadleaved, deciduous, open (15‐40%)",Rural: Very Low Dens,train,Aw,"Tropical, savannah",3,Tropical,Africa,"[-10, 10)"
Landcover-1677052,13.055882,22.221668,Landcover,Forest,"Tree cover, broadleaved, deciduous, open (15‐40%)",Rural: Very Low Dens,test,BSh,"Arid, steppe, hot",6,Arid,Africa,"[10, 30)"
Landcover-1679823,10.192453,37.397578,Landcover,Forest,"Tree cover, broadleaved, deciduous, open (15‐40%)",Rural: Very Low Dens,train,Csb,"Temperate, dry summer, warm summer",9,Temperate,Africa,"[10, 30)"
Landcover-1680289,-18.933701,19.087697,Landcover,Forest,"Tree cover, broadleaved, deciduous, open (15‐40%)",Rural: Very Low Dens,train,BSh,"Arid, steppe, hot",6,Arid,Africa,"[-30, -10)"
Landcover-1682404,-19.908208,34.30159,Landcover,Forest,"Tree cover, broadleaved, deciduous, open (15‐40%)",Rural: Very Low Dens,train,Aw,"Tropical, savannah",3,Tropical,Africa,"[-30, -10)"
Landcover-1684377,-4.041341,31.71439,Landcover,Forest,"Tree cover, broadleaved, deciduous, open (15‐40%)",Rural: Very Low Dens,train,Aw,"Tropical, savannah",3,Tropical,Africa,"[-10, 10)"
Landcover-1685760,10.328244,-1.547617,Landcover,Forest,"Tree cover, broadleaved, deciduous, open (15‐40%)",Rural: Very Low Dens,train,Aw,"Tropical, savannah",3,Tropical,Africa,"[10, 30)"
Landcover-1686315,31.488585,107.66815,Landcover,Forest,"Tree cover, needleleaved, evergreen, closed to open (>15%)",Rural: Very Low Dens,train,Cwa,"Temperate, dry winter, hot summer",11,Temperate,Asia,"[30, 60)"
Landcover-168741,-22.076655,-52.605232,Landcover,Agriculture,Herbaceous cover,Rural: Very Low Dens,test,Aw,"Tropical, savannah",3,Tropical,South America,"[-30, -10)"
Landcover-1690489,53.445544,94.445688,Landcover,Forest,"Tree cover, needleleaved, evergreen, closed to open (>15%)",Rural: Very Low Dens,train,Dfc,"Cold, no dry season, cold summer",27,Cold,Europe,"[30, 60)"
Landcover-1696712,52.676965,92.905249,Landcover,Forest,"Tree cover, needleleaved, evergreen, closed to open (>15%)",Rural: Very Low Dens,train,Dfc,"Cold, no dry season, cold summer",27,Cold,Europe,"[30, 60)"
Landcover-1696774,62.189035,65.096146,Landcover,Forest,"Tree cover, needleleaved, evergreen, closed to open (>15%)",Rural: Very Low Dens,train,Dfc,"Cold, no dry season, cold summer",27,Cold,Europe,"[60, 90)"
Landcover-1701528,54.662954,-116.100781,Landcover,Forest,"Tree cover, needleleaved, evergreen, closed to open (>15%)",Rural: Very Low Dens,train,Dfc,"Cold, no dry season, cold summer",27,Cold,North America,"[30, 60)"
Landcover-1701757,34.622724,-80.583793,Landcover,Forest,"Tree cover, needleleaved, evergreen, closed to open (>15%)",Rural: Very Low Dens,train,Cfa,"Temperate, no dry season, hot summer",14,Temperate,North America,"[30, 60)"
Landcover-1702966,27.839206,100.979629,Landcover,Forest,"Tree cover, needleleaved, evergreen, closed to open (>15%)",Rural: Very Low Dens,train,Cwb,"Temperate, dry winter, warm summer",12,Temperate,Asia,"[10, 30)"
Landcover-1703250,65.142377,82.579543,Landcover,Forest,"Tree cover, needleleaved, evergreen, closed to open (>15%)",Rural: Very Low Dens,train,Dfc,"Cold, no dry season, cold summer",27,Cold,Europe,"[60, 90)"
Landcover-1708142,44.037851,-119.586331,Landcover,Forest,"Tree cover, needleleaved, evergreen, closed to open (>15%)",Rural: Very Low Dens,train,BSk,"Arid, steppe, cold",7,Arid,North America,"[30, 60)"
Landcover-1710025,50.954703,96.33024,Landcover,Forest,"Tree cover, needleleaved, evergreen, closed to open (>15%)",Rural: Very Low Dens,train,Dwc,"Cold, dry winter, cold summer",23,Cold,Europe,"[30, 60)"
Landcover-1711108,46.378477,-108.215075,Landcover,Forest,"Tree cover, needleleaved, evergreen, closed to open (>15%)",Rural: Very Low Dens,train,BSk,"Arid, steppe, cold",7,Arid,North America,"[30, 60)"
Landcover-1712318,31.974871,76.667595,Landcover,Forest,"Tree cover, needleleaved, evergreen, closed to open (>15%)",Rural: Very Low Dens,train,Cwa,"Temperate, dry winter, hot summer",11,Temperate,Asia,"[30, 60)"
Landcover-1717158,25.066935,98.003846,Landcover,Forest,"Tree cover, needleleaved, evergreen, closed to open (>15%)",Rural: Very Low Dens,val,Cwb,"Temperate, dry winter, warm summer",12,Temperate,Asia,"[10, 30)"
Landcover-1718559,59.136606,-132.542358,Landcover,Forest,"Tree cover, needleleaved, evergreen, closed to open (>15%)",Rural: Very Low Dens,train,ET,"Polar, tundra",29,Polar,North America,"[30, 60)"
Landcover-1718782,55.361557,-77.008554,Landcover,Forest,"Tree cover, needleleaved, evergreen, closed to open (>15%)",Rural: Very Low Dens,train,Dfc,"Cold, no dry season, cold summer",27,Cold,North America,"[30, 60)"
Landcover-1718956,59.677999,97.942995,Landcover,Forest,"Tree cover, needleleaved, evergreen, closed to open (>15%)",Rural: Very Low Dens,train,Dfc,"Cold, no dry season, cold summer",27,Cold,Europe,"[30, 60)"
Landcover-1726708,63.756225,49.195422,Landcover,Forest,"Tree cover, needleleaved, evergreen, closed to open (>15%)",Rural: Very Low Dens,val,Dfc,"Cold, no dry season, cold summer",27,Cold,Europe,"[60, 90)"
Landcover-1726777,35.769553,137.645235,Landcover,Forest,"Tree cover, needleleaved, evergreen, closed to open (>15%)",Rural: Very Low Dens,train,Dfb,"Cold, no dry season, warm summer",26,Cold,Asia,"[30, 60)"
Landcover-1727740,54.237111,28.33185,Landcover,Forest,"Tree cover, needleleaved, evergreen, closed to open (>15%)",Rural: Very Low Dens,train,Dfb,"Cold, no dry season, warm summer",26,Cold,Europe,"[30, 60)"
Landcover-1730939,59.870926,12.043926,Landcover,Forest,"Tree cover, needleleaved, evergreen, closed to open (>15%)",Rural: Very Low Dens,train,Dfc,"Cold, no dry season, cold summer",27,Cold,Europe,"[30, 60)"
Landcover-1733540,24.331335,115.143183,Landcover,Forest,"Tree cover, needleleaved, evergreen, closed to open (>15%)",Rural: Very Low Dens,train,Cwa,"Temperate, dry winter, hot summer",11,Temperate,Asia,"[10, 30)"
Landcover-1733908,63.869983,52.813241,Landcover,Forest,"Tree cover, needleleaved, evergreen, closed to open (>15%)",Rural: Very Low Dens,val,Dfc,"Cold, no dry season, cold summer",27,Cold,Europe,"[60, 90)"
Landcover-1736070,66.344026,-125.468966,Landcover,Forest,"Tree cover, needleleaved, evergreen, closed to open (>15%)",Rural: Very Low Dens,train,Dfc,"Cold, no dry season, cold summer",27,Cold,North America,"[60, 90)"
Landcover-1738487,55.336801,103.615861,Landcover,Forest,"Tree cover, needleleaved, evergreen, closed to open (>15%)",Rural: Very Low Dens,train,Dfc,"Cold, no dry season, cold summer",27,Cold,Europe,"[30, 60)"
Landcover-1739837,33.438595,130.885577,Landcover,Forest,"Tree cover, needleleaved, evergreen, closed to open (>15%)",Rural: Very Low Dens,train,Cfa,"Temperate, no dry season, hot summer",14,Temperate,Asia,"[30, 60)"
Landcover-1742289,22.972649,101.272291,Landcover,Forest,"Tree cover, needleleaved, evergreen, closed to open (>15%)",Rural: Very Low Dens,train,Cwb,"Temperate, dry winter, warm summer",12,Temperate,Asia,"[10, 30)"
Landcover-1744069,53.93569,48.29991,Landcover,Forest,"Tree cover, needleleaved, evergreen, closed to open (>15%)",Rural: Very Low Dens,train,Dfb,"Cold, no dry season, warm summer",26,Cold,Europe,"[30, 60)"
Landcover-1745317,41.211043,47.635688,Landcover,Forest,"Tree cover, needleleaved, evergreen, closed to open (>15%)",Rural: Very Low Dens,train,Dfc,"Cold, no dry season, cold summer",27,Cold,Europe,"[30, 60)"
Landcover-1745548,49.292794,14.502695,Landcover,Forest,"Tree cover, needleleaved, evergreen, closed to open (>15%)",Rural: Very Low Dens,train,Dfb,"Cold, no dry season, warm summer",26,Cold,Europe,"[30, 60)"
Landcover-1747043,52.927919,-74.8663,Landcover,Forest,"Tree cover, needleleaved, evergreen, closed to open (>15%)",Rural: Very Low Dens,train,Dfc,"Cold, no dry season, cold summer",27,Cold,North America,"[30, 60)"
Landcover-1749328,44.792927,-84.228363,Landcover,Forest,"Tree cover, needleleaved, evergreen, closed to open (>15%)",Rural: Very Low Dens,train,Dfb,"Cold, no dry season, warm summer",26,Cold,North America,"[30, 60)"
Landcover-1750984,25.604956,113.984214,Landcover,Forest,"Tree cover, needleleaved, evergreen, closed to open (>15%)",Rural: Very Low Dens,train,Cfa,"Temperate, no dry season, hot summer",14,Temperate,Asia,"[10, 30)"
Landcover-1754802,31.338659,114.350804,Landcover,Forest,"Tree cover, needleleaved, evergreen, closed to open (>15%)",Rural: Low Dens,train,Cfa,"Temperate, no dry season, hot summer",14,Temperate,Asia,"[30, 60)"
Landcover-1755129,33.884413,-82.794563,Landcover,Forest,"Tree cover, needleleaved, evergreen, closed to open (>15%)",Rural: Very Low Dens,train,Cfa,"Temperate, no dry season, hot summer",14,Temperate,North America,"[30, 60)"
Landcover-1756350,66.942384,31.692553,Landcover,Forest,"Tree cover, needleleaved, evergreen, closed to open (>15%)",Rural: Very Low Dens,train,Dfc,"Cold, no dry season, cold summer",27,Cold,Europe,"[60, 90)"
Landcover-1756610,57.434394,80.224337,Landcover,Forest,"Tree cover, needleleaved, evergreen, closed to open (>15%)",Rural: Very Low Dens,train,Dfc,"Cold, no dry season, cold summer",27,Cold,Europe,"[30, 60)"
Landcover-1762395,32.124153,-82.555397,Landcover,Forest,"Tree cover, needleleaved, evergreen, closed to open (>15%)",Rural: Very Low Dens,test,Cfa,"Temperate, no dry season, hot summer",14,Temperate,North America,"[30, 60)"
Landcover-1770139,55.581879,-96.127253,Landcover,Forest,"Tree cover, needleleaved, evergreen, closed (>40%)",Rural: Very Low Dens,train,Dfc,"Cold, no dry season, cold summer",27,Cold,North America,"[30, 60)"
Landcover-1770367,59.710886,-128.47619,Landcover,Forest,"Tree cover, needleleaved, evergreen, closed (>40%)",Rural: Very Low Dens,train,Dfc,"Cold, no dry season, cold summer",27,Cold,North America,"[30, 60)"
Landcover-177073,-31.045626,117.811351,Landcover,Agriculture,Herbaceous cover,Rural: Very Low Dens,train,BSh,"Arid, steppe, hot",6,Arid,Oceania,"[-60, -30)"
Landcover-1772198,58.987283,-120.784472,Landcover,Forest,"Tree cover, needleleaved, evergreen, closed (>40%)",Rural: Very Low Dens,train,Dfc,"Cold, no dry season, cold summer",27,Cold,North America,"[30, 60)"
Landcover-1772350,50.042881,-125.187636,Landcover,Forest,"Tree cover, needleleaved, evergreen, closed (>40%)",Water,train,Cfb,"Temperate, no dry season, warm summer",15,Temperate,North America,"[30, 60)"
Landcover-1774388,66.178796,-145.807159,Landcover,Forest,"Tree cover, needleleaved, evergreen, closed (>40%)",Rural: Very Low Dens,val,Dfc,"Cold, no dry season, cold summer",27,Cold,North America,"[60, 90)"
Landcover-1775852,51.86567,-58.115368,Landcover,Forest,"Tree cover, needleleaved, evergreen, closed (>40%)",Rural: Very Low Dens,train,Dfc,"Cold, no dry season, cold summer",27,Cold,North America,"[30, 60)"
Landcover-1777193,53.342285,-92.297879,Landcover,Forest,"Tree cover, needleleaved, evergreen, closed (>40%)",Rural: Very Low Dens,train,Dfc,"Cold, no dry season, cold summer",27,Cold,North America,"[30, 60)"
Landcover-1778310,53.811283,-65.329269,Landcover,Forest,"Tree cover, needleleaved, evergreen, closed (>40%)",Water,train,Dfc,"Cold, no dry season, cold summer",27,Cold,North America,"[30, 60)"
Landcover-1778469,50.616486,-64.739278,Landcover,Forest,"Tree cover, needleleaved, evergreen, closed (>40%)",Rural: Very Low Dens,train,Dfc,"Cold, no dry season, cold summer",27,Cold,North America,"[30, 60)"
Landcover-177932,-18.423226,34.285362,Landcover,Agriculture,Herbaceous cover,Rural: Very Low Dens,train,Aw,"Tropical, savannah",3,Tropical,Africa,"[-30, -10)"
Landcover-178265,48.310144,3.01294,Landcover,Agriculture,Herbaceous cover,Rural: Very Low Dens,val,Cfb,"Temperate, no dry season, warm summer",15,Temperate,Europe,"[30, 60)"
Landcover-1783140,61.161879,-111.83126,Landcover,Forest,"Tree cover, needleleaved, evergreen, closed (>40%)",Rural: Very Low Dens,train,Dfc,"Cold, no dry season, cold summer",27,Cold,North America,"[60, 90)"
Landcover-1784876,47.937594,-75.940701,Landcover,Forest,"Tree cover, needleleaved, evergreen, closed (>40%)",Rural: Very Low Dens,train,Dfc,"Cold, no dry season, cold summer",27,Cold,North America,"[30, 60)"
Landcover-178548,46.603866,20.203266,Landcover,Agriculture,Herbaceous cover,Rural: Very Low Dens,train,Dfb,"Cold, no dry season, warm summer",26,Cold,Europe,"[30, 60)"
Landcover-1785605,51.559278,-74.192717,Landcover,Forest,"Tree cover, needleleaved, evergreen, closed (>40%)",Rural: Very Low Dens,val,Dfc,"Cold, no dry season, cold summer",27,Cold,North America,"[30, 60)"
Landcover-178658,50.823178,-3.805038,Landcover,Agriculture,Herbaceous cover,Rural: Very Low Dens,train,Cfb,"Temperate, no dry season, warm summer",15,Temperate,Europe,"[30, 60)"
Landcover-1788393,56.497043,-102.486786,Landcover,Forest,"Tree cover, needleleaved, evergreen, closed (>40%)",Rural: Very Low Dens,train,Dfc,"Cold, no dry season, cold summer",27,Cold,North America,"[30, 60)"
Landcover-1788464,52.110219,-57.972725,Landcover,Forest,"Tree cover, needleleaved, evergreen, closed (>40%)",Rural: Very Low Dens,train,Dfc,"Cold, no dry season, cold summer",27,Cold,North America,"[30, 60)"
Landcover-1788547,53.17563,-115.808162,Landcover,Forest,"Tree cover, needleleaved, evergreen, closed (>40%)",Rural: Very Low Dens,train,Dfc,"Cold, no dry season, cold summer",27,Cold,North America,"[30, 60)"
Landcover-1788571,64.372796,-139.311974,Landcover,Forest,"Tree cover, needleleaved, evergreen, closed (>40%)",Rural: Very Low Dens,test,Dfc,"Cold, no dry season, cold summer",27,Cold,North America,"[60, 90)"
Landcover-1788688,61.459512,-121.518343,Landcover,Forest,"Tree cover, needleleaved, evergreen, closed (>40%)",Rural: Very Low Dens,train,Dfc,"Cold, no dry season, cold summer",27,Cold,North America,"[60, 90)"
Landcover-1790894,54.479653,-60.619679,Landcover,Forest,"Tree cover, needleleaved, evergreen, closed (>40%)",Rural: Very Low Dens,train,Dfc,"Cold, no dry season, cold summer",27,Cold,North America,"[30, 60)"
Landcover-1791894,58.063888,-119.918467,Landcover,Forest,"Tree cover, needleleaved, evergreen, closed (>40%)",Rural: Very Low Dens,train,Dfc,"Cold, no dry season, cold summer",27,Cold,North America,"[30, 60)"
Landcover-1792913,66.300259,-155.35637,Landcover,Forest,"Tree cover, needleleaved, evergreen, closed (>40%)",Rural: Very Low Dens,train,Dfc,"Cold, no dry season, cold summer",27,Cold,North America,"[60, 90)"
Landcover-1793613,53.711961,-74.019373,Landcover,Forest,"Tree cover, needleleaved, evergreen, closed (>40%)",Water,train,Dfc,"Cold, no dry season, cold summer",27,Cold,North America,"[30, 60)"
Landcover-1796941,65.428263,-123.479455,Landcover,Forest,"Tree cover, needleleaved, evergreen, closed (>40%)",Rural: Very Low Dens,train,Dfc,"Cold, no dry season, cold summer",27,Cold,North America,"[60, 90)"
Landcover-1797549,55.806057,-108.704435,Landcover,Forest,"Tree cover, needleleaved, evergreen, closed (>40%)",Rural: Very Low Dens,train,Dfc,"Cold, no dry season, cold summer",27,Cold,North America,"[30, 60)"
Landcover-1802405,70.5419,101.21637,Landcover,Forest,"Tree cover, needleleaved, deciduous, closed to open (>15%)",Rural: Very Low Dens,val,Dfc,"Cold, no dry season, cold summer",27,Cold,Europe,"[60, 90)"
Landcover-1802539,58.53301,112.332001,Landcover,Forest,"Tree cover, needleleaved, deciduous, closed to open (>15%)",Rural: Very Low Dens,train,Dfc,"Cold, no dry season, cold summer",27,Cold,Europe,"[30, 60)"
Landcover-1804514,67.089425,94.927768,Landcover,Forest,"Tree cover, needleleaved, deciduous, closed to open (>15%)",Rural: Very Low Dens,train,Dfc,"Cold, no dry season, cold summer",27,Cold,Europe,"[60, 90)"
Landcover-1805100,51.562278,124.932697,Landcover,Forest,"Tree cover, needleleaved, deciduous, closed to open (>15%)",Rural: Very Low Dens,train,Dwc,"Cold, dry winter, cold summer",23,Cold,Asia,"[30, 60)"
Landcover-1807085,66.449507,159.821285,Landcover,Forest,"Tree cover, needleleaved, deciduous, closed to open (>15%)",Rural: Very Low Dens,test,Dfc,"Cold, no dry season, cold summer",27,Cold,Europe,"[60, 90)"
Landcover-1810995,68.801306,140.787899,Landcover,Forest,"Tree cover, needleleaved, deciduous, closed to open (>15%)",Rural: Very Low Dens,train,ET,"Polar, tundra",29,Polar,Europe,"[60, 90)"
Landcover-1813749,66.153698,134.357872,Landcover,Forest,"Tree cover, needleleaved, deciduous, closed to open (>15%)",Rural: Very Low Dens,train,Dfd,"Cold, no dry season, very cold winter",28,Cold,Europe,"[60, 90)"
Landcover-1817915,61.695128,122.926282,Landcover,Forest,"Tree cover, needleleaved, deciduous, closed to open (>15%)",Rural: Very Low Dens,train,Dfc,"Cold, no dry season, cold summer",27,Cold,Europe,"[60, 90)"
Landcover-181823,-1.255423,18.794298,Landcover,Agriculture,Herbaceous cover,Rural: Very Low Dens,train,Af,"Tropical, rainforest",1,Tropical,Africa,"[-10, 10)"
Landcover-1820617,54.681186,112.623082,Landcover,Forest,"Tree cover, needleleaved, deciduous, closed to open (>15%)",Rural: Very Low Dens,train,Dwc,"Cold, dry winter, cold summer",23,Cold,Europe,"[30, 60)"
Landcover-1825196,51.296339,93.327883,Landcover,Forest,"Tree cover, needleleaved, deciduous, closed to open (>15%)",Rural: Very Low Dens,train,Dfc,"Cold, no dry season, cold summer",27,Cold,Europe,"[30, 60)"
Landcover-1825428,55.420464,135.43542,Landcover,Forest,"Tree cover, needleleaved, deciduous, closed to open (>15%)",Rural: Very Low Dens,test,Dfc,"Cold, no dry season, cold summer",27,Cold,Europe,"[30, 60)"
Landcover-1825468,57.753095,137.748183,Landcover,Forest,"Tree cover, needleleaved, deciduous, closed to open (>15%)",Rural: Very Low Dens,train,Dfc,"Cold, no dry season, cold summer",27,Cold,Europe,"[30, 60)"
Landcover-1829255,66.612112,142.468027,Landcover,Forest,"Tree cover, needleleaved, deciduous, closed to open (>15%)",Rural: Very Low Dens,test,Dfc,"Cold, no dry season, cold summer",27,Cold,Europe,"[60, 90)"
Landcover-1831525,62.982519,124.889564,Landcover,Forest,"Tree cover, needleleaved, deciduous, closed to open (>15%)",Rural: Very Low Dens,test,Dfc,"Cold, no dry season, cold summer",27,Cold,Europe,"[60, 90)"
Landcover-1832865,59.980544,117.318699,Landcover,Forest,"Tree cover, needleleaved, deciduous, closed to open (>15%)",Rural: Very Low Dens,test,Dfc,"Cold, no dry season, cold summer",27,Cold,Europe,"[30, 60)"
Landcover-1833184,50.962987,131.890033,Landcover,Forest,"Tree cover, needleleaved, deciduous, closed to open (>15%)",Rural: Very Low Dens,train,Dwc,"Cold, dry winter, cold summer",23,Cold,Europe,"[30, 60)"
Landcover-1833412,70.962044,95.233189,Landcover,Forest,"Tree cover, needleleaved, deciduous, closed to open (>15%)",Rural: Very Low Dens,test,Dfc,"Cold, no dry season, cold summer",27,Cold,Europe,"[60, 90)"
Landcover-1839842,70.036029,112.606421,Landcover,Forest,"Tree cover, needleleaved, deciduous, closed to open (>15%)",Rural: Very Low Dens,test,Dfc,"Cold, no dry season, cold summer",27,Cold,Europe,"[60, 90)"
Landcover-1840240,56.905812,133.000301,Landcover,Forest,"Tree cover, needleleaved, deciduous, closed to open (>15%)",Rural: Very Low Dens,train,Dfc,"Cold, no dry season, cold summer",27,Cold,Europe,"[30, 60)"
Landcover-1843261,54.274713,116.836487,Landcover,Forest,"Tree cover, needleleaved, deciduous, closed to open (>15%)",Rural: Very Low Dens,train,Dwc,"Cold, dry winter, cold summer",23,Cold,Europe,"[30, 60)"
Landcover-1845463,68.945863,110.19348,Landcover,Forest,"Tree cover, needleleaved, deciduous, closed to open (>15%)",Rural: Very Low Dens,val,Dfc,"Cold, no dry season, cold summer",27,Cold,Europe,"[60, 90)"
Landcover-1846975,65.347894,154.481197,Landcover,Forest,"Tree cover, needleleaved, deciduous, closed to open (>15%)",Rural: Very Low Dens,train,Dfc,"Cold, no dry season, cold summer",27,Cold,Europe,"[60, 90)"
Landcover-1847574,59.246902,123.422364,Landcover,Forest,"Tree cover, needleleaved, deciduous, closed to open (>15%)",Rural: Very Low Dens,val,Dfc,"Cold, no dry season, cold summer",27,Cold,Europe,"[30, 60)"
Landcover-1850169,58.88078,105.17432,Landcover,Forest,"Tree cover, needleleaved, deciduous, closed to open (>15%)",Rural: Very Low Dens,train,Dfc,"Cold, no dry season, cold summer",27,Cold,Europe,"[30, 60)"
Landcover-1851542,60.991062,101.209784,Landcover,Forest,"Tree cover, needleleaved, deciduous, closed to open (>15%)",Rural: Very Low Dens,train,Dfc,"Cold, no dry season, cold summer",27,Cold,Europe,"[60, 90)"
Landcover-1851799,53.423782,131.166634,Landcover,Forest,"Tree cover, needleleaved, deciduous, closed to open (>15%)",Rural: Very Low Dens,train,Dwc,"Cold, dry winter, cold summer",23,Cold,Europe,"[30, 60)"
Landcover-1852906,42.797764,81.307836,Landcover,Forest,"Tree cover, needleleaved, deciduous, closed to open (>15%)",Rural: Very Low Dens,train,Dwc,"Cold, dry winter, cold summer",23,Cold,Asia,"[30, 60)"
Landcover-1854180,66.862394,134.29749,Landcover,Forest,"Tree cover, needleleaved, deciduous, closed to open (>15%)",Rural: Very Low Dens,train,Dwd,"Cold, dry winter, very cold winter",24,Cold,Europe,"[60, 90)"
Landcover-1858289,67.318914,133.519337,Landcover,Forest,"Tree cover, needleleaved, deciduous, closed to open (>15%)",Rural: Very Low Dens,train,Dfd,"Cold, no dry season, very cold winter",28,Cold,Europe,"[60, 90)"
Landcover-1858917,60.694677,106.71712,Landcover,Forest,"Tree cover, needleleaved, deciduous, closed to open (>15%)",Rural: Very Low Dens,test,Dfc,"Cold, no dry season, cold summer",27,Cold,Europe,"[60, 90)"
Landcover-1858920,53.023087,137.329319,Landcover,Forest,"Tree cover, needleleaved, deciduous, closed to open (>15%)",Rural: Very Low Dens,val,Dfc,"Cold, no dry season, cold summer",27,Cold,Europe,"[30, 60)"
Landcover-1859860,58.676839,138.47014,Landcover,Forest,"Tree cover, needleleaved, deciduous, closed to open (>15%)",Rural: Very Low Dens,train,Dfc,"Cold, no dry season, cold summer",27,Cold,Europe,"[30, 60)"
Landcover-1861245,62.153342,102.164165,Landcover,Forest,"Tree cover, needleleaved, deciduous, closed to open (>15%)",Rural: Very Low Dens,train,Dfc,"Cold, no dry season, cold summer",27,Cold,Europe,"[60, 90)"
Landcover-1862170,-39.4004,175.560369,Landcover,Forest,"Tree cover, needleleaved, deciduous, closed (>40%)",Rural: Very Low Dens,train,Cfb,"Temperate, no dry season, warm summer",15,Temperate,Oceania,"[-60, -30)"
Landcover-1863564,25.540685,-100.452871,Landcover,Forest,"Tree cover, mixed leaf type (broadleaved and needleleaved)",Rural: Very Low Dens,val,BSk,"Arid, steppe, cold",7,Arid,North America,"[10, 30)"
Landcover-1863947,55.529507,87.761385,Landcover,Forest,"Tree cover, mixed leaf type (broadleaved and needleleaved)",Rural: Very Low Dens,test,Dfc,"Cold, no dry season, cold summer",27,Cold,Europe,"[30, 60)"
Landcover-1864471,47.684307,-65.172612,Landcover,Forest,"Tree cover, mixed leaf type (broadleaved and needleleaved)",Rural: Very Low Dens,train,Dfb,"Cold, no dry season, warm summer",26,Cold,North America,"[30, 60)"
Landcover-1864782,56.563104,81.590235,Landcover,Forest,"Tree cover, mixed leaf type (broadleaved and needleleaved)",Rural: Very Low Dens,train,Dfc,"Cold, no dry season, cold summer",27,Cold,Europe,"[30, 60)"
Landcover-1865521,57.37139,75.322222,Landcover,Forest,"Tree cover, mixed leaf type (broadleaved and needleleaved)",Rural: Very Low Dens,train,Dfc,"Cold, no dry season, cold summer",27,Cold,Europe,"[30, 60)"
Landcover-1865542,47.738674,-79.99261,Landcover,Forest,"Tree cover, mixed leaf type (broadleaved and needleleaved)",Rural: Very Low Dens,train,Dfb,"Cold, no dry season, warm summer",26,Cold,North America,"[30, 60)"
Landcover-1872536,61.034763,47.481682,Landcover,Forest,"Tree cover, mixed leaf type (broadleaved and needleleaved)",Rural: Very Low Dens,train,Dfc,"Cold, no dry season, cold summer",27,Cold,Europe,"[60, 90)"
Landcover-1873362,58.188314,46.511645,Landcover,Forest,"Tree cover, mixed leaf type (broadleaved and needleleaved)",Rural: Very Low Dens,train,Dfb,"Cold, no dry season, warm summer",26,Cold,Europe,"[30, 60)"
Landcover-1876321,60.21869,41.336817,Landcover,Forest,"Tree cover, mixed leaf type (broadleaved and needleleaved)",Rural: Very Low Dens,val,Dfc,"Cold, no dry season, cold summer",27,Cold,Europe,"[60, 90)"
Landcover-1877569,48.245779,-77.69223,Landcover,Forest,"Tree cover, mixed leaf type (broadleaved and needleleaved)",Water,train,Dfb,"Cold, no dry season, warm summer",26,Cold,North America,"[30, 60)"
Landcover-1878855,47.878022,-77.172987,Landcover,Forest,"Tree cover, mixed leaf type (broadleaved and needleleaved)",Rural: Very Low Dens,train,Dfb,"Cold, no dry season, warm summer",26,Cold,North America,"[30, 60)"
Landcover-1880212,53.733912,83.597923,Landcover,Forest,"Tree cover, mixed leaf type (broadleaved and needleleaved)",Rural: Very Low Dens,test,Dfb,"Cold, no dry season, warm summer",26,Cold,Europe,"[30, 60)"
Landcover-1880628,46.807538,-77.368567,Landcover,Forest,"Tree cover, mixed leaf type (broadleaved and needleleaved)",Rural: Very Low Dens,train,Dfb,"Cold, no dry season, warm summer",26,Cold,North America,"[30, 60)"
Landcover-1880994,57.712945,77.200894,Landcover,Forest,"Tree cover, mixed leaf type (broadleaved and needleleaved)",Rural: Very Low Dens,train,Dfc,"Cold, no dry season, cold summer",27,Cold,Europe,"[30, 60)"
Landcover-1882030,57.823789,102.933635,Landcover,Forest,"Tree cover, mixed leaf type (broadleaved and needleleaved)",Rural: Very Low Dens,test,Dfc,"Cold, no dry season, cold summer",27,Cold,Europe,"[30, 60)"
Landcover-1882765,45.160748,-77.176453,Landcover,Forest,"Tree cover, mixed leaf type (broadleaved and needleleaved)",Rural: Very Low Dens,test,Dfb,"Cold, no dry season, warm summer",26,Cold,North America,"[30, 60)"
Landcover-1883555,52.115737,108.153077,Landcover,Forest,"Tree cover, mixed leaf type (broadleaved and needleleaved)",Rural: Very Low Dens,train,Dwc,"Cold, dry winter, cold summer",23,Cold,Europe,"[30, 60)"
Landcover-1885518,58.035496,26.118856,Landcover,Forest,"Tree cover, mixed leaf type (broadleaved and needleleaved)",Rural: Very Low Dens,val,Dfb,"Cold, no dry season, warm summer",26,Cold,Europe,"[30, 60)"
Landcover-1887315,54.892971,-105.259193,Landcover,Forest,"Tree cover, mixed leaf type (broadleaved and needleleaved)",Rural: Very Low Dens,train,Dfc,"Cold, no dry season, cold summer",27,Cold,North America,"[30, 60)"
Landcover-1887341,64.89632,-154.571973,Landcover,Forest,"Tree cover, mixed leaf type (broadleaved and needleleaved)",Rural: Very Low Dens,train,Dfc,"Cold, no dry season, cold summer",27,Cold,North America,"[60, 90)"
Landcover-1888396,58.893985,-127.054922,Landcover,Forest,"Tree cover, mixed leaf type (broadleaved and needleleaved)",Rural: Very Low Dens,train,Dfc,"Cold, no dry season, cold summer",27,Cold,North America,"[30, 60)"
Landcover-1889147,59.311588,72.651685,Landcover,Forest,"Tree cover, mixed leaf type (broadleaved and needleleaved)",Rural: Very Low Dens,train,Dfc,"Cold, no dry season, cold summer",27,Cold,Europe,"[30, 60)"
Landcover-193121,52.944563,12.640452,Landcover,Agriculture,Herbaceous cover,Rural: Low Dens,train,Dfb,"Cold, no dry season, warm summer",26,Cold,Europe,"[30, 60)"
Landcover-194781,35.105002,-102.455927,Landcover,Agriculture,Herbaceous cover,Rural: Very Low Dens,test,BSk,"Arid, steppe, cold",7,Arid,North America,"[30, 60)"
Landcover-195713,53.107033,47.008721,Landcover,Agriculture,Herbaceous cover,Rural: Very Low Dens,train,Dfb,"Cold, no dry season, warm summer",26,Cold,Europe,"[30, 60)"
Landcover-19773,11.887129,39.309789,Landcover,Agriculture,"Cropland, rainfed",Rural: Very Low Dens,test,Cwb,"Temperate, dry winter, warm summer",12,Temperate,Africa,"[10, 30)"
Landcover-201896,43.784726,23.29805,Landcover,Agriculture,Herbaceous cover,Rural: Very Low Dens,train,Dfa,"Cold, no dry season, hot summer",25,Cold,Europe,"[30, 60)"
Landcover-204339,44.26358,-94.433378,Landcover,Agriculture,Herbaceous cover,Rural: Very Low Dens,val,Dfa,"Cold, no dry season, hot summer",25,Cold,North America,"[30, 60)"
Landcover-208906,25.828801,-109.300347,Landcover,Agriculture,Herbaceous cover,Rural: Very Low Dens,train,BWh,"Arid, desert, hot",4,Arid,North America,"[10, 30)"
Landcover-208980,-0.659259,34.653761,Landcover,Agriculture,Herbaceous cover,Rural: cluster,train,Af,"Tropical, rainforest",1,Tropical,Africa,"[-10, 10)"
Landcover-209101,39.288171,-93.48068,Landcover,Agriculture,Herbaceous cover,Rural: Very Low Dens,train,Dfa,"Cold, no dry season, hot summer",25,Cold,North America,"[30, 60)"
Landcover-209395,-25.048958,-56.120058,Landcover,Agriculture,Herbaceous cover,Rural: Very Low Dens,test,Cfa,"Temperate, no dry season, hot summer",14,Temperate,South America,"[-30, -10)"
Landcover-213868,21.89309,-105.397729,Landcover,Agriculture,Herbaceous cover,Rural: Very Low Dens,train,Aw,"Tropical, savannah",3,Tropical,North America,"[10, 30)"
Landcover-215461,53.75946,-1.334232,Landcover,Agriculture,Herbaceous cover,Rural: Very Low Dens,test,Cfb,"Temperate, no dry season, warm summer",15,Temperate,Europe,"[30, 60)"
Landcover-216379,52.246159,9.236326,Landcover,Agriculture,Herbaceous cover,Rural: cluster,train,Cfb,"Temperate, no dry season, warm summer",15,Temperate,Europe,"[30, 60)"
Landcover-217330,50.251651,-111.973913,Landcover,Agriculture,Herbaceous cover,Rural: Very Low Dens,test,BSk,"Arid, steppe, cold",7,Arid,North America,"[30, 60)"
Landcover-218785,42.424062,-97.386062,Landcover,Agriculture,Herbaceous cover,Rural: Very Low Dens,val,Dfa,"Cold, no dry season, hot summer",25,Cold,North America,"[30, 60)"
Landcover-219801,19.738014,-90.398848,Landcover,Agriculture,Herbaceous cover,Rural: Very Low Dens,train,Aw,"Tropical, savannah",3,Tropical,North America,"[10, 30)"
Landcover-220751,50.95367,-107.964127,Landcover,Agriculture,Herbaceous cover,Rural: Very Low Dens,train,BSk,"Arid, steppe, cold",7,Arid,North America,"[30, 60)"
Landcover-221879,39.993172,124.612942,Landcover,Agriculture,Herbaceous cover,Rural: Very Low Dens,train,Dwa,"Cold, dry winter, hot summer",21,Cold,Asia,"[30, 60)"
Landcover-222743,41.234212,-85.461432,Landcover,Agriculture,Herbaceous cover,Rural: Very Low Dens,train,Dfa,"Cold, no dry season, hot summer",25,Cold,North America,"[30, 60)"
Landcover-222927,15.823662,120.875097,Landcover,Agriculture,Herbaceous cover,Rural: cluster,train,Aw,"Tropical, savannah",3,Tropical,Asia,"[10, 30)"
Landcover-230632,49.945213,16.378182,Landcover,Agriculture,Herbaceous cover,Rural: Low Dens,train,Dfb,"Cold, no dry season, warm summer",26,Cold,Europe,"[30, 60)"
Landcover-231288,23.686268,57.804576,Landcover,Agriculture,Herbaceous cover,Rural: Very Low Dens,train,BWh,"Arid, desert, hot",4,Arid,Asia,"[10, 30)"
Landcover-233121,4.385015,23.734677,Landcover,Agriculture,Herbaceous cover,Rural: Very Low Dens,train,Am,"Tropical, monsoon",2,Tropical,Africa,"[-10, 10)"
Landcover-240370,44.53416,126.180761,Landcover,Agriculture,Herbaceous cover,Rural: cluster,test,Dwa,"Cold, dry winter, hot summer",21,Cold,Asia,"[30, 60)"
Landcover-242250,42.39062,25.955756,Landcover,Agriculture,Herbaceous cover,Rural: Very Low Dens,test,Cfa,"Temperate, no dry season, hot summer",14,Temperate,Europe,"[30, 60)"
Landcover-242541,20.18554,44.848956,Landcover,Agriculture,Herbaceous cover,Rural: Very Low Dens,train,BWh,"Arid, desert, hot",4,Arid,Asia,"[10, 30)"
Landcover-242828,-8.86551,-46.271995,Landcover,Agriculture,Herbaceous cover,Rural: Very Low Dens,train,Aw,"Tropical, savannah",3,Tropical,South America,"[-10, 10)"
Landcover-243237,46.58185,-116.539318,Landcover,Agriculture,Herbaceous cover,Rural: Very Low Dens,train,Dsb,"Cold, dry summer, warm summer",18,Cold,North America,"[30, 60)"
Landcover-243896,-16.604749,-48.79516,Landcover,Agriculture,Herbaceous cover,Rural: Very Low Dens,val,Aw,"Tropical, savannah",3,Tropical,South America,"[-30, -10)"
Landcover-246073,-27.253101,-61.102421,Landcover,Agriculture,Herbaceous cover,Rural: Very Low Dens,train,Cfa,"Temperate, no dry season, hot summer",14,Temperate,South America,"[-30, -10)"
Landcover-249224,-11.115363,-46.326591,Landcover,Agriculture,Herbaceous cover,Rural: Very Low Dens,val,Aw,"Tropical, savannah",3,Tropical,South America,"[-30, -10)"
Landcover-249419,-24.60955,147.409097,Landcover,Grassland,Mosaic herbaceous cover (>50%) / tree and shrub (<50%),Rural: Very Low Dens,train,BSh,"Arid, steppe, hot",6,Arid,Oceania,"[-30, -10)"
Landcover-249847,-16.929203,46.525343,Landcover,Grassland,Mosaic herbaceous cover (>50%) / tree and shrub (<50%),Rural: Very Low Dens,train,Aw,"Tropical, savannah",3,Tropical,Africa,"[-30, -10)"
Landcover-250084,57.139489,-4.056876,Landcover,Grassland,Mosaic herbaceous cover (>50%) / tree and shrub (<50%),Rural: Very Low Dens,train,Cfc,"Temperate, no dry season, cold summer",16,Temperate,Europe,"[30, 60)"
Landcover-251703,62.807292,8.593255,Landcover,Grassland,Mosaic herbaceous cover (>50%) / tree and shrub (<50%),Rural: Very Low Dens,train,Dfc,"Cold, no dry season, cold summer",27,Cold,Europe,"[60, 90)"
Landcover-252668,71.152814,124.694636,Landcover,Grassland,Mosaic herbaceous cover (>50%) / tree and shrub (<50%),Rural: Very Low Dens,train,ET,"Polar, tundra",29,Polar,Europe,"[60, 90)"
Landcover-252903,60.724313,8.684425,Landcover,Grassland,Mosaic herbaceous cover (>50%) / tree and shrub (<50%),Rural: Very Low Dens,test,Dfc,"Cold, no dry season, cold summer",27,Cold,Europe,"[60, 90)"
Landcover-253138,15.500543,36.851078,Landcover,Grassland,Mosaic herbaceous cover (>50%) / tree and shrub (<50%),Rural: Very Low Dens,train,BWh,"Arid, desert, hot",4,Arid,Africa,"[10, 30)"
Landcover-253328,9.269982,-65.965464,Landcover,Grassland,Mosaic herbaceous cover (>50%) / tree and shrub (<50%),Rural: Very Low Dens,train,Aw,"Tropical, savannah",3,Tropical,South America,"[-10, 10)"
Landcover-253871,34.17329,69.747641,Landcover,Grassland,Mosaic herbaceous cover (>50%) / tree and shrub (<50%),Rural: Very Low Dens,test,BSk,"Arid, steppe, cold",7,Arid,Asia,"[30, 60)"
Landcover-254890,-20.311567,45.415496,Landcover,Grassland,Mosaic herbaceous cover (>50%) / tree and shrub (<50%),Rural: Very Low Dens,val,Aw,"Tropical, savannah",3,Tropical,Africa,"[-30, -10)"
Landcover-255756,9.864336,48.486698,Landcover,Grassland,Mosaic herbaceous cover (>50%) / tree and shrub (<50%),Rural: Very Low Dens,train,BWh,"Arid, desert, hot",4,Arid,Africa,"[-10, 10)"
Landcover-256879,67.786041,160.073196,Landcover,Grassland,Mosaic herbaceous cover (>50%) / tree and shrub (<50%),Rural: Very Low Dens,train,Dfc,"Cold, no dry season, cold summer",27,Cold,Europe,"[60, 90)"
Landcover-257287,64.806704,14.004462,Landcover,Grassland,Mosaic herbaceous cover (>50%) / tree and shrub (<50%),Rural: Very Low Dens,val,Dfc,"Cold, no dry season, cold summer",27,Cold,Europe,"[60, 90)"
Landcover-257303,65.860946,15.783274,Landcover,Grassland,Mosaic herbaceous cover (>50%) / tree and shrub (<50%),Rural: Very Low Dens,train,Dfc,"Cold, no dry season, cold summer",27,Cold,Europe,"[60, 90)"
Landcover-257604,15.105925,33.942711,Landcover,Grassland,Mosaic herbaceous cover (>50%) / tree and shrub (<50%),Rural: Very Low Dens,val,BWh,"Arid, desert, hot",4,Arid,Africa,"[10, 30)"
Landcover-258168,-22.57977,30.515406,Landcover,Grassland,Mosaic herbaceous cover (>50%) / tree and shrub (<50%),Rural: Very Low Dens,val,BSh,"Arid, steppe, hot",6,Arid,Africa,"[-30, -10)"
Landcover-259229,-14.321812,-44.121238,Landcover,Grassland,Mosaic herbaceous cover (>50%) / tree and shrub (<50%),Rural: Very Low Dens,train,Aw,"Tropical, savannah",3,Tropical,South America,"[-30, -10)"
Landcover-259613,-26.663183,149.120298,Landcover,Grassland,Mosaic herbaceous cover (>50%) / tree and shrub (<50%),Rural: Very Low Dens,train,BSh,"Arid, steppe, hot",6,Arid,Oceania,"[-30, -10)"
Landcover-260028,-23.649051,131.567718,Landcover,Grassland,Mosaic herbaceous cover (>50%) / tree and shrub (<50%),Rural: Very Low Dens,train,BWh,"Arid, desert, hot",4,Arid,Oceania,"[-30, -10)"
Landcover-26017,50.912461,55.849853,Landcover,Agriculture,"Cropland, rainfed",Rural: Very Low Dens,train,BSk,"Arid, steppe, cold",7,Arid,Europe,"[30, 60)"
Landcover-26152,48.135084,39.246257,Landcover,Agriculture,"Cropland, rainfed",Rural: Very Low Dens,train,Dfa,"Cold, no dry season, hot summer",25,Cold,Europe,"[30, 60)"
Landcover-262119,4.121583,35.29461,Landcover,Grassland,Mosaic herbaceous cover (>50%) / tree and shrub (<50%),Rural: Very Low Dens,train,BWh,"Arid, desert, hot",4,Arid,Africa,"[-10, 10)"
Landcover-263127,5.650382,47.038711,Landcover,Grassland,Mosaic herbaceous cover (>50%) / tree and shrub (<50%),Rural: Very Low Dens,train,BWh,"Arid, desert, hot",4,Arid,Africa,"[-10, 10)"
Landcover-263815,-8.503718,118.186639,Landcover,Agriculture,Tree or shrub cover,Rural: Very Low Dens,train,Aw,"Tropical, savannah",3,Tropical,Asia,"[-10, 10)"
Landcover-264458,38.949637,17.126504,Landcover,Agriculture,Tree or shrub cover,Rural: Very Low Dens,val,Csa,"Temperate, dry summer, hot summer",8,Temperate,Europe,"[30, 60)"
Landcover-264608,39.385461,17.12398,Landcover,Agriculture,Tree or shrub cover,Urban: Dense,train,Csa,"Temperate, dry summer, hot summer",8,Temperate,Europe,"[30, 60)"
Landcover-264847,39.39142,-0.800544,Landcover,Agriculture,Tree or shrub cover,Rural: cluster,test,BSk,"Arid, steppe, cold",7,Arid,Europe,"[30, 60)"
Landcover-264977,26.52491,93.777362,Landcover,Agriculture,Tree or shrub cover,Rural: Very Low Dens,train,Cwa,"Temperate, dry winter, hot summer",11,Temperate,Asia,"[10, 30)"
Landcover-265444,-8.417644,115.238663,Landcover,Agriculture,Tree or shrub cover,Urban: Dense,test,Af,"Tropical, rainforest",1,Tropical,Asia,"[-10, 10)"
Landcover-265767,10.720482,-0.919456,Landcover,Other,Shrubland,Rural: Very Low Dens,val,Aw,"Tropical, savannah",3,Tropical,Africa,"[10, 30)"
Landcover-266873,5.052402,47.849919,Landcover,Other,Shrubland,Rural: Very Low Dens,train,BWh,"Arid, desert, hot",4,Arid,Africa,"[-10, 10)"
Landcover-267714,-21.72571,26.504821,Landcover,Other,Shrubland,Rural: Very Low Dens,train,BSh,"Arid, steppe, hot",6,Arid,Africa,"[-30, -10)"
Landcover-267943,-18.758152,-62.707149,Landcover,Other,Shrubland,Rural: Very Low Dens,train,BSh,"Arid, steppe, hot",6,Arid,South America,"[-30, -10)"
Landcover-270285,-36.059729,-64.610246,Landcover,Other,Shrubland,Rural: Very Low Dens,train,Cfa,"Temperate, no dry season, hot summer",14,Temperate,South America,"[-60, -30)"
Landcover-272822,-15.8764,-47.336662,Landcover,Other,Shrubland,Rural: Very Low Dens,val,Aw,"Tropical, savannah",3,Tropical,South America,"[-30, -10)"
Landcover-273495,32.320729,-112.86086,Landcover,Other,Shrubland,Rural: Very Low Dens,train,BWh,"Arid, desert, hot",4,Arid,North America,"[30, 60)"
Landcover-279130,10.339277,43.703492,Landcover,Other,Shrubland,Rural: Very Low Dens,train,BWh,"Arid, desert, hot",4,Arid,Africa,"[10, 30)"
Landcover-279236,-36.244219,-67.427407,Landcover,Other,Shrubland,Rural: Very Low Dens,train,BWk,"Arid, desert, cold",5,Arid,South America,"[-60, -30)"
Landcover-280735,-15.86075,-60.273268,Landcover,Other,Shrubland,Rural: Very Low Dens,train,Aw,"Tropical, savannah",3,Tropical,South America,"[-30, -10)"
Landcover-285751,33.09141,-111.61494,Landcover,Other,Shrubland,Rural: Very Low Dens,train,BWh,"Arid, desert, hot",4,Arid,North America,"[30, 60)"
Landcover-286756,11.878074,107.437611,Landcover,Other,Shrubland,Rural: Very Low Dens,train,Am,"Tropical, monsoon",2,Tropical,Asia,"[10, 30)"
Landcover-287302,57.258367,-95.379943,Landcover,Other,Shrubland,Rural: Very Low Dens,train,Dfc,"Cold, no dry season, cold summer",27,Cold,North America,"[30, 60)"
Landcover-293743,-33.728307,-70.940099,Landcover,Other,Shrubland,Rural: Very Low Dens,train,Csa,"Temperate, dry summer, hot summer",8,Temperate,South America,"[-60, -30)"
Landcover-295090,13.991286,-10.587178,Landcover,Other,Shrubland,Rural: Very Low Dens,val,BSh,"Arid, steppe, hot",6,Arid,Africa,"[10, 30)"
Landcover-302297,60.613172,-105.004691,Landcover,Other,Shrubland,Water,train,Dfc,"Cold, no dry season, cold summer",27,Cold,North America,"[60, 90)"
Landcover-30327,1.626887,44.08513,Landcover,Agriculture,"Cropland, rainfed",Rural: Very Low Dens,test,Aw,"Tropical, savannah",3,Tropical,Africa,"[-10, 10)"
Landcover-307134,-15.390479,-72.122636,Landcover,Other,Shrubland,Rural: Very Low Dens,train,ET,"Polar, tundra",29,Polar,South America,"[-30, -10)"
Landcover-308173,-17.193189,-55.215626,Landcover,Other,Shrubland,Rural: Very Low Dens,train,Aw,"Tropical, savannah",3,Tropical,South America,"[-30, -10)"
Landcover-308441,-13.938963,-47.288039,Landcover,Other,Shrubland,Rural: Very Low Dens,train,Aw,"Tropical, savannah",3,Tropical,South America,"[-30, -10)"
Landcover-31042,33.156551,112.138483,Landcover,Agriculture,"Cropland, rainfed",Rural: Low Dens,train,Cwa,"Temperate, dry winter, hot summer",11,Temperate,Asia,"[30, 60)"
Landcover-311007,53.274684,-80.064264,Landcover,Other,Shrubland,Rural: Very Low Dens,train,Dfc,"Cold, no dry season, cold summer",27,Cold,North America,"[30, 60)"
Landcover-31276,56.025655,64.227633,Landcover,Agriculture,"Cropland, rainfed",Rural: Very Low Dens,val,Dfb,"Cold, no dry season, warm summer",26,Cold,Europe,"[30, 60)"
Landcover-313560,28.430083,-98.165169,Landcover,Other,Shrubland,Rural: Very Low Dens,train,BSh,"Arid, steppe, hot",6,Arid,North America,"[10, 30)"
Landcover-315196,-49.45768,-70.070402,Landcover,Other,Shrubland,Rural: Very Low Dens,test,BWk,"Arid, desert, cold",5,Arid,South America,"[-60, -30)"
Landcover-31746,12.270959,22.018087,Landcover,Agriculture,"Cropland, rainfed",Rural: Very Low Dens,train,BSh,"Arid, steppe, hot",6,Arid,Africa,"[10, 30)"
Landcover-318841,31.370425,-101.541545,Landcover,Other,Shrubland,Rural: Very Low Dens,train,BSk,"Arid, steppe, cold",7,Arid,North America,"[30, 60)"
Landcover-320219,27.374471,-103.483643,Landcover,Other,Shrubland,Rural: Very Low Dens,train,BWh,"Arid, desert, hot",4,Arid,North America,"[10, 30)"
Landcover-322020,35.116998,-117.049509,Landcover,Other,Shrubland,Rural: Very Low Dens,train,BWk,"Arid, desert, cold",5,Arid,North America,"[30, 60)"
Landcover-322281,-31.00861,-59.121753,Landcover,Other,Shrubland,Rural: Very Low Dens,test,Cfa,"Temperate, no dry season, hot summer",14,Temperate,South America,"[-60, -30)"
Landcover-32416,8.923753,9.044378,Landcover,Agriculture,"Cropland, rainfed",Rural: Very Low Dens,train,Aw,"Tropical, savannah",3,Tropical,Africa,"[-10, 10)"
Landcover-324595,-33.91828,-67.340695,Landcover,Other,Shrubland,Rural: Very Low Dens,train,BWk,"Arid, desert, cold",5,Arid,South America,"[-60, -30)"
Landcover-329448,-17.136607,-53.767608,Landcover,Other,Shrubland,Rural: Very Low Dens,train,Aw,"Tropical, savannah",3,Tropical,South America,"[-30, -10)"
Landcover-329772,62.683383,174.50606,Landcover,Other,Shrubland,Rural: Very Low Dens,train,Dfc,"Cold, no dry season, cold summer",27,Cold,Europe,"[60, 90)"
Landcover-334044,34.803707,-1.248149,Landcover,Other,Shrubland,Rural: Very Low Dens,train,Csa,"Temperate, dry summer, hot summer",8,Temperate,Africa,"[30, 60)"
Landcover-336386,1.062527,42.687172,Landcover,Other,Shrubland,Rural: Very Low Dens,train,BSh,"Arid, steppe, hot",6,Arid,Africa,"[-10, 10)"
Landcover-336772,26.360978,-104.472945,Landcover,Other,Shrubland,Rural: Very Low Dens,train,BWh,"Arid, desert, hot",4,Arid,North America,"[10, 30)"
Landcover-342036,-32.56,123.886818,Landcover,Other,Shrubland,Rural: Very Low Dens,train,BWk,"Arid, desert, cold",5,Arid,Oceania,"[-60, -30)"
Landcover-347255,-12.923222,39.698784,Landcover,Other,Shrubland,Rural: Very Low Dens,train,Aw,"Tropical, savannah",3,Tropical,Africa,"[-30, -10)"
Landcover-347434,31.015854,-116.064476,Landcover,Other,Shrubland,Rural: Very Low Dens,train,BSk,"Arid, steppe, cold",7,Arid,North America,"[30, 60)"
Landcover-349915,24.519063,-98.821294,Landcover,Other,Shrubland,Rural: Very Low Dens,train,Cfa,"Temperate, no dry season, hot summer",14,Temperate,North America,"[10, 30)"
Landcover-350442,38.713667,-109.755027,Landcover,Other,Shrubland,Rural: Very Low Dens,train,BWk,"Arid, desert, cold",5,Arid,North America,"[30, 60)"
Landcover-35116,10.552957,2.43494,Landcover,Agriculture,"Cropland, rainfed",Rural: Very Low Dens,val,Aw,"Tropical, savannah",3,Tropical,Africa,"[10, 30)"
Landcover-35500,14.033622,-90.025177,Landcover,Agriculture,"Cropland, rainfed",Rural: Very Low Dens,train,Aw,"Tropical, savannah",3,Tropical,North America,"[10, 30)"
Landcover-355764,-32.264924,21.678243,Landcover,Other,Shrubland,Rural: Very Low Dens,train,BWk,"Arid, desert, cold",5,Arid,Africa,"[-60, -30)"
Landcover-356633,-22.726007,22.029228,Landcover,Other,Shrubland,Rural: Very Low Dens,train,BWh,"Arid, desert, hot",4,Arid,Africa,"[-30, -10)"
Landcover-357310,-14.209286,-54.480961,Landcover,Other,Shrubland,Rural: Very Low Dens,train,Aw,"Tropical, savannah",3,Tropical,South America,"[-30, -10)"
Landcover-358697,10.604318,11.972422,Landcover,Other,Shrubland,Rural: Very Low Dens,train,Aw,"Tropical, savannah",3,Tropical,Africa,"[10, 30)"
Landcover-359715,30.875022,-115.844357,Landcover,Other,Shrubland,Rural: Very Low Dens,train,BSk,"Arid, steppe, cold",7,Arid,North America,"[30, 60)"
Landcover-359896,-5.4807,-79.524935,Landcover,Other,Shrubland,Rural: Very Low Dens,train,BSh,"Arid, steppe, hot",6,Arid,South America,"[-10, 10)"
Landcover-361545,-48.288554,-69.572126,Landcover,Other,Shrubland,Rural: Very Low Dens,train,BWk,"Arid, desert, cold",5,Arid,South America,"[-60, -30)"
Landcover-363569,9.993228,-6.467472,Landcover,Other,Shrubland,Rural: Very Low Dens,train,Aw,"Tropical, savannah",3,Tropical,Africa,"[-10, 10)"
Landcover-365203,-1.083767,35.944536,Landcover,Other,Shrubland,Rural: Very Low Dens,train,Csb,"Temperate, dry summer, warm summer",9,Temperate,Africa,"[-10, 10)"
Landcover-369954,-31.210962,27.612251,Landcover,Other,Shrubland,Rural: Very Low Dens,train,Cfb,"Temperate, no dry season, warm summer",15,Temperate,Africa,"[-60, -30)"
Landcover-372357,28.227777,-97.781768,Landcover,Other,Shrubland,Rural: Very Low Dens,test,Cfa,"Temperate, no dry season, hot summer",14,Temperate,North America,"[10, 30)"
Landcover-374287,-18.266578,12.914719,Landcover,Other,Shrubland,Rural: Very Low Dens,train,BWh,"Arid, desert, hot",4,Arid,Africa,"[-30, -10)"
Landcover-376322,-14.672712,36.736363,Landcover,Other,Shrubland,Rural: Very Low Dens,val,Aw,"Tropical, savannah",3,Tropical,Africa,"[-30, -10)"
Landcover-379840,-21.976572,23.965598,Landcover,Other,Shrubland,Rural: Very Low Dens,train,BWh,"Arid, desert, hot",4,Arid,Africa,"[-30, -10)"
Landcover-384763,12.714076,-9.577945,Landcover,Other,Shrubland,Rural: Very Low Dens,val,Aw,"Tropical, savannah",3,Tropical,Africa,"[10, 30)"
Landcover-387086,41.337198,-117.502137,Landcover,Other,Shrubland,Rural: Very Low Dens,train,BWk,"Arid, desert, cold",5,Arid,North America,"[30, 60)"
Landcover-387497,-30.995558,-67.209569,Landcover,Other,Shrubland,Rural: Very Low Dens,train,BWh,"Arid, desert, hot",4,Arid,South America,"[-60, -30)"
Landcover-391101,-25.348001,23.673359,Landcover,Other,Shrubland,Rural: Very Low Dens,test,BSh,"Arid, steppe, hot",6,Arid,Africa,"[-30, -10)"
Landcover-394716,9.887772,44.119782,Landcover,Other,Shrubland,Rural: Very Low Dens,train,BWh,"Arid, desert, hot",4,Arid,Africa,"[-10, 10)"
Landcover-395980,23.311569,-99.404157,Landcover,Other,Shrubland,Rural: Very Low Dens,train,Cwa,"Temperate, dry winter, hot summer",11,Temperate,North America,"[10, 30)"
Landcover-396746,3.349721,41.861866,Landcover,Other,Shrubland,Rural: Very Low Dens,train,BWh,"Arid, desert, hot",4,Arid,Africa,"[-10, 10)"
Landcover-39717,59.416365,9.293703,Landcover,Agriculture,"Cropland, rainfed",Rural: Very Low Dens,train,Dfb,"Cold, no dry season, warm summer",26,Cold,Europe,"[30, 60)"
Landcover-399031,-17.196606,21.305845,Landcover,Other,Shrubland,Rural: Very Low Dens,train,BSh,"Arid, steppe, hot",6,Arid,Africa,"[-30, -10)"
Landcover-401132,-23.646812,31.691138,Landcover,Other,Shrubland,Rural: Very Low Dens,train,BSh,"Arid, steppe, hot",6,Arid,Africa,"[-30, -10)"
Landcover-403229,61.461902,-151.471008,Landcover,Other,Shrubland,Rural: Very Low Dens,train,Dsc,"Cold, dry summer, cold summer",19,Cold,North America,"[60, 90)"
Landcover-403323,-51.77904,-69.689458,Landcover,Other,Shrubland,Rural: Very Low Dens,val,BSk,"Arid, steppe, cold",7,Arid,South America,"[-60, -30)"
Landcover-403718,-12.586188,15.62479,Landcover,Other,Shrubland,Rural: Very Low Dens,train,Cwb,"Temperate, dry winter, warm summer",12,Temperate,Africa,"[-30, -10)"
Landcover-406681,19.129542,96.710851,Landcover,Other,Evergreen shrubland,Rural: Very Low Dens,test,Aw,"Tropical, savannah",3,Tropical,Asia,"[10, 30)"
Landcover-407654,15.173779,106.189129,Landcover,Other,Evergreen shrubland,Rural: Very Low Dens,train,Cwa,"Temperate, dry winter, hot summer",11,Temperate,Asia,"[10, 30)"
Landcover-407661,17.912793,96.972782,Landcover,Other,Evergreen shrubland,Rural: Very Low Dens,train,Am,"Tropical, monsoon",2,Tropical,Asia,"[10, 30)"
Landcover-407860,21.44357,107.591775,Landcover,Other,Evergreen shrubland,Rural: Very Low Dens,train,Cwa,"Temperate, dry winter, hot summer",11,Temperate,Asia,"[10, 30)"
Landcover-407982,14.996006,98.355185,Landcover,Other,Evergreen shrubland,Rural: Very Low Dens,train,Am,"Tropical, monsoon",2,Tropical,Asia,"[10, 30)"
Landcover-408113,23.909603,114.26536,Landcover,Other,Evergreen shrubland,Rural: Very Low Dens,test,Cwa,"Temperate, dry winter, hot summer",11,Temperate,Asia,"[10, 30)"
Landcover-408385,62.029777,153.816638,Landcover,Other,Evergreen shrubland,Rural: Very Low Dens,train,Dfc,"Cold, no dry season, cold summer",27,Cold,Europe,"[60, 90)"
Landcover-408750,18.318121,100.885281,Landcover,Other,Evergreen shrubland,Rural: Very Low Dens,train,Aw,"Tropical, savannah",3,Tropical,Asia,"[10, 30)"
Landcover-408909,22.52516,92.17461,Landcover,Other,Evergreen shrubland,Rural: Very Low Dens,test,Am,"Tropical, monsoon",2,Tropical,Asia,"[10, 30)"
Landcover-410825,-24.11937,142.214359,Landcover,Other,Deciduous shrubland,Rural: Very Low Dens,train,BWh,"Arid, desert, hot",4,Arid,Oceania,"[-30, -10)"
Landcover-410874,64.738788,111.186185,Landcover,Other,Deciduous shrubland,Rural: Very Low Dens,train,Dfc,"Cold, no dry season, cold summer",27,Cold,Europe,"[60, 90)"
Landcover-411103,61.422557,166.691802,Landcover,Other,Deciduous shrubland,Rural: Very Low Dens,train,Dfc,"Cold, no dry season, cold summer",27,Cold,Europe,"[60, 90)"
Landcover-41262,36.301137,114.855204,Landcover,Agriculture,"Cropland, rainfed",Urban: Suburban,test,BSk,"Arid, steppe, cold",7,Arid,Asia,"[30, 60)"
Landcover-415038,-16.591675,134.089706,Landcover,Other,Deciduous shrubland,Rural: Very Low Dens,train,BSh,"Arid, steppe, hot",6,Arid,Oceania,"[-30, -10)"
Landcover-415242,67.015806,83.994847,Landcover,Other,Deciduous shrubland,Rural: Very Low Dens,train,Dfc,"Cold, no dry season, cold summer",27,Cold,Europe,"[60, 90)"
Landcover-416256,-17.191795,135.348219,Landcover,Other,Deciduous shrubland,Rural: Very Low Dens,train,BSh,"Arid, steppe, hot",6,Arid,Oceania,"[-30, -10)"
Landcover-417290,-18.733915,143.513733,Landcover,Other,Deciduous shrubland,Rural: Very Low Dens,train,Aw,"Tropical, savannah",3,Tropical,Oceania,"[-30, -10)"
Landcover-418192,-14.243083,142.67873,Landcover,Other,Deciduous shrubland,Rural: Very Low Dens,train,Aw,"Tropical, savannah",3,Tropical,Oceania,"[-30, -10)"
Landcover-418264,-18.209867,145.285622,Landcover,Other,Deciduous shrubland,Rural: Very Low Dens,train,Cwa,"Temperate, dry winter, hot summer",11,Temperate,Oceania,"[-30, -10)"
Landcover-419470,68.030909,139.333294,Landcover,Other,Deciduous shrubland,Rural: Very Low Dens,train,Dfd,"Cold, no dry season, very cold winter",28,Cold,Europe,"[60, 90)"
Landcover-419664,-17.958512,127.694286,Landcover,Other,Deciduous shrubland,Rural: Very Low Dens,train,BSh,"Arid, steppe, hot",6,Arid,Oceania,"[-30, -10)"
Landcover-420163,-26.58023,120.124495,Landcover,Other,Deciduous shrubland,Rural: Very Low Dens,train,BWh,"Arid, desert, hot",4,Arid,Oceania,"[-30, -10)"
Landcover-420213,-26.805962,151.599936,Landcover,Other,Deciduous shrubland,Rural: Very Low Dens,train,Cfa,"Temperate, no dry season, hot summer",14,Temperate,Oceania,"[-30, -10)"
Landcover-420366,-15.384657,130.20447,Landcover,Other,Deciduous shrubland,Rural: Very Low Dens,train,Aw,"Tropical, savannah",3,Tropical,Oceania,"[-30, -10)"
Landcover-421719,-34.983007,141.022296,Landcover,Other,Deciduous shrubland,Rural: Very Low Dens,train,BSk,"Arid, steppe, cold",7,Arid,Oceania,"[-60, -30)"
Landcover-423278,64.685208,137.132266,Landcover,Other,Deciduous shrubland,Rural: Very Low Dens,train,Dwd,"Cold, dry winter, very cold winter",24,Cold,Europe,"[60, 90)"
Landcover-424465,66.410487,137.929163,Landcover,Other,Deciduous shrubland,Rural: Very Low Dens,train,Dwc,"Cold, dry winter, cold summer",23,Cold,Europe,"[60, 90)"
Landcover-425222,-22.197596,146.760995,Landcover,Other,Deciduous shrubland,Rural: Very Low Dens,train,BSh,"Arid, steppe, hot",6,Arid,Oceania,"[-30, -10)"
Landcover-426159,-16.693774,144.640033,Landcover,Other,Deciduous shrubland,Rural: Very Low Dens,train,Aw,"Tropical, savannah",3,Tropical,Oceania,"[-30, -10)"
Landcover-427931,-14.482928,134.304049,Landcover,Other,Deciduous shrubland,Rural: Very Low Dens,train,Aw,"Tropical, savannah",3,Tropical,Oceania,"[-30, -10)"
Landcover-429529,57.924382,158.452501,Landcover,Other,Deciduous shrubland,Rural: Very Low Dens,val,Dsc,"Cold, dry summer, cold summer",19,Cold,Europe,"[30, 60)"
Landcover-431158,-16.233646,128.992584,Landcover,Other,Deciduous shrubland,Rural: Very Low Dens,test,BSh,"Arid, steppe, hot",6,Arid,Oceania,"[-30, -10)"
Landcover-43150,6.344692,-71.947407,Landcover,Agriculture,"Cropland, rainfed",Rural: Very Low Dens,train,Am,"Tropical, monsoon",2,Tropical,South America,"[-10, 10)"
Landcover-432655,-17.97478,124.455534,Landcover,Other,Deciduous shrubland,Rural: Very Low Dens,train,BSh,"Arid, steppe, hot",6,Arid,Oceania,"[-30, -10)"
Landcover-433623,-15.254876,141.935712,Landcover,Other,Deciduous shrubland,Rural: Very Low Dens,test,Aw,"Tropical, savannah",3,Tropical,Oceania,"[-30, -10)"
Landcover-434108,56.273477,111.148176,Landcover,Other,Deciduous shrubland,Rural: Very Low Dens,train,Dfc,"Cold, no dry season, cold summer",27,Cold,Europe,"[30, 60)"
Landcover-434989,57.577998,131.781159,Landcover,Other,Deciduous shrubland,Rural: Very Low Dens,train,Dfc,"Cold, no dry season, cold summer",27,Cold,Europe,"[30, 60)"
Landcover-435607,61.988307,168.336487,Landcover,Other,Deciduous shrubland,Rural: Very Low Dens,train,Dfc,"Cold, no dry season, cold summer",27,Cold,Europe,"[60, 90)"
Landcover-435978,-17.503309,136.282703,Landcover,Other,Deciduous shrubland,Rural: Very Low Dens,train,BSh,"Arid, steppe, hot",6,Arid,Oceania,"[-30, -10)"
Landcover-439069,51.537428,74.772511,Landcover,Grassland,Grassland,Rural: Very Low Dens,train,BSk,"Arid, steppe, cold",7,Arid,Asia,"[30, 60)"
Landcover-439214,-16.286598,13.643798,Landcover,Grassland,Grassland,Rural: Very Low Dens,train,BSh,"Arid, steppe, hot",6,Arid,Africa,"[-30, -10)"
Landcover-440762,33.506609,62.578469,Landcover,Grassland,Grassland,Rural: Very Low Dens,val,BSk,"Arid, steppe, cold",7,Arid,Asia,"[30, 60)"
Landcover-443512,16.248196,-10.453398,Landcover,Grassland,Grassland,Rural: Very Low Dens,test,BWh,"Arid, desert, hot",4,Arid,Africa,"[10, 30)"
Landcover-448500,46.878718,-103.220119,Landcover,Grassland,Grassland,Rural: Very Low Dens,train,BSk,"Arid, steppe, cold",7,Arid,North America,"[30, 60)"
Landcover-451845,-21.864647,-43.087172,Landcover,Grassland,Grassland,Rural: Very Low Dens,train,Cwa,"Temperate, dry winter, hot summer",11,Temperate,South America,"[-30, -10)"
Landcover-453809,49.336591,4.840486,Landcover,Grassland,Grassland,Rural: Very Low Dens,train,Cfb,"Temperate, no dry season, warm summer",15,Temperate,Europe,"[30, 60)"
Landcover-456429,3.48885,36.827983,Landcover,Grassland,Grassland,Rural: Very Low Dens,train,BWh,"Arid, desert, hot",4,Arid,Africa,"[-10, 10)"
Landcover-457726,33.647995,93.449899,Landcover,Grassland,Grassland,Rural: Very Low Dens,train,ET,"Polar, tundra",29,Polar,Asia,"[30, 60)"
Landcover-461460,38.395382,-86.985085,Landcover,Grassland,Grassland,Urban: Semi-dense,train,Dfa,"Cold, no dry season, hot summer",25,Cold,North America,"[30, 60)"
Landcover-463162,48.532271,118.223493,Landcover,Grassland,Grassland,Rural: Very Low Dens,test,Dwb,"Cold, dry winter, warm summer",22,Cold,Asia,"[30, 60)"
Landcover-46368,-9.467764,-40.831932,Landcover,Agriculture,"Cropland, rainfed",Urban: Dense,train,BSh,"Arid, steppe, hot",6,Arid,South America,"[-10, 10)"
Landcover-464017,34.216893,-94.330811,Landcover,Grassland,Grassland,Rural: Very Low Dens,train,Cfa,"Temperate, no dry season, hot summer",14,Temperate,North America,"[30, 60)"
Landcover-465639,16.159628,-12.736314,Landcover,Grassland,Grassland,Rural: Very Low Dens,test,BWh,"Arid, desert, hot",4,Arid,Africa,"[10, 30)"
Landcover-467351,-31.463304,131.067905,Landcover,Grassland,Grassland,Rural: Very Low Dens,train,BWk,"Arid, desert, cold",5,Arid,Oceania,"[-60, -30)"
Landcover-467707,5.003315,-69.14461,Landcover,Grassland,Grassland,Rural: Very Low Dens,train,Am,"Tropical, monsoon",2,Tropical,South America,"[-10, 10)"
Landcover-471402,53.305448,6.880493,Landcover,Grassland,Grassland,Rural: Very Low Dens,train,Cfb,"Temperate, no dry season, warm summer",15,Temperate,Europe,"[30, 60)"
Landcover-478665,-19.831677,15.371918,Landcover,Grassland,Grassland,Rural: Very Low Dens,train,BWh,"Arid, desert, hot",4,Arid,Africa,"[-30, -10)"
Landcover-480432,-22.903433,116.465735,Landcover,Grassland,Grassland,Rural: Very Low Dens,train,BWh,"Arid, desert, hot",4,Arid,Oceania,"[-30, -10)"
Landcover-484965,17.034517,-13.60978,Landcover,Grassland,Grassland,Rural: Very Low Dens,train,BWh,"Arid, desert, hot",4,Arid,Africa,"[10, 30)"
Landcover-485204,13.578825,28.641214,Landcover,Grassland,Grassland,Rural: Very Low Dens,train,BWh,"Arid, desert, hot",4,Arid,Africa,"[10, 30)"
Landcover-485345,51.808412,42.402332,Landcover,Grassland,Grassland,Rural: Very Low Dens,train,Dfb,"Cold, no dry season, warm summer",26,Cold,Europe,"[30, 60)"
Landcover-490317,47.593753,-104.545822,Landcover,Grassland,Grassland,Rural: Very Low Dens,test,BSk,"Arid, steppe, cold",7,Arid,North America,"[30, 60)"
Landcover-491912,45.767345,1.122081,Landcover,Grassland,Grassland,Rural: Very Low Dens,train,Cfb,"Temperate, no dry season, warm summer",15,Temperate,Europe,"[30, 60)"
Landcover-492483,-25.679666,127.240006,Landcover,Grassland,Grassland,Rural: Very Low Dens,train,BWh,"Arid, desert, hot",4,Arid,Oceania,"[-30, -10)"
Landcover-497894,57.184822,72.838452,Landcover,Grassland,Grassland,Rural: Very Low Dens,train,Dfc,"Cold, no dry season, cold summer",27,Cold,Europe,"[30, 60)"
Landcover-498713,35.135946,-87.850216,Landcover,Grassland,Grassland,Rural: Very Low Dens,train,Cfa,"Temperate, no dry season, hot summer",14,Temperate,North America,"[30, 60)"
Landcover-500397,54.141883,10.594338,Landcover,Grassland,Grassland,Urban: Dense,val,Cfb,"Temperate, no dry season, warm summer",15,Temperate,Europe,"[30, 60)"
Landcover-50436,6.846046,100.531925,Landcover,Agriculture,"Cropland, rainfed",Rural: Very Low Dens,train,Am,"Tropical, monsoon",2,Tropical,Asia,"[-10, 10)"
Landcover-507046,37.790181,32.651562,Landcover,Grassland,Grassland,Rural: Very Low Dens,train,BSk,"Arid, steppe, cold",7,Arid,Asia,"[30, 60)"
Landcover-508376,45.066008,2.642872,Landcover,Grassland,Grassland,Rural: Very Low Dens,train,Dfb,"Cold, no dry season, warm summer",26,Cold,Europe,"[30, 60)"
Landcover-509724,69.945543,-159.026694,Landcover,Grassland,Grassland,Rural: Very Low Dens,train,Dsc,"Cold, dry summer, cold summer",19,Cold,North America,"[60, 90)"
Landcover-510210,-9.150622,35.123948,Landcover,Grassland,Grassland,Rural: Very Low Dens,train,Cwb,"Temperate, dry winter, warm summer",12,Temperate,Africa,"[-10, 10)"
Landcover-510797,-20.093429,25.676897,Landcover,Grassland,Grassland,Rural: Very Low Dens,train,BSh,"Arid, steppe, hot",6,Arid,Africa,"[-30, -10)"
Landcover-51671,12.540811,3.119646,Landcover,Agriculture,"Cropland, rainfed",Rural: Very Low Dens,test,BSh,"Arid, steppe, hot",6,Arid,Africa,"[10, 30)"
Landcover-518688,41.839815,42.669308,Landcover,Grassland,Grassland,Rural: Very Low Dens,train,Dfb,"Cold, no dry season, warm summer",26,Cold,Asia,"[30, 60)"
Landcover-519652,27.535839,87.470402,Landcover,Grassland,Grassland,Rural: Very Low Dens,train,ET,"Polar, tundra",29,Polar,Asia,"[10, 30)"
Landcover-52148,22.776171,86.069185,Landcover,Agriculture,"Cropland, rainfed",Rural: Very Low Dens,test,Aw,"Tropical, savannah",3,Tropical,Asia,"[10, 30)"
Landcover-524154,-19.618331,20.214287,Landcover,Grassland,Grassland,Rural: Very Low Dens,train,BSh,"Arid, steppe, hot",6,Arid,Africa,"[-30, -10)"
Landcover-526127,-24.677122,122.763016,Landcover,Grassland,Grassland,Rural: Very Low Dens,train,BWh,"Arid, desert, hot",4,Arid,Oceania,"[-30, -10)"
Landcover-531966,39.706031,-98.780304,Landcover,Grassland,Grassland,Rural: Very Low Dens,train,Dfa,"Cold, no dry season, hot summer",25,Cold,North America,"[30, 60)"
Landcover-532565,-25.558098,122.019458,Landcover,Grassland,Grassland,Rural: Very Low Dens,train,BWh,"Arid, desert, hot",4,Arid,Oceania,"[-30, -10)"
Landcover-533445,36.485715,80.099385,Landcover,Grassland,Grassland,Rural: Very Low Dens,train,BWk,"Arid, desert, cold",5,Arid,Asia,"[30, 60)"
Landcover-533774,51.547675,60.067949,Landcover,Grassland,Grassland,Rural: Very Low Dens,train,BSk,"Arid, steppe, cold",7,Arid,Europe,"[30, 60)"
Landcover-536622,-23.716296,-51.025287,Landcover,Grassland,Grassland,Rural: Very Low Dens,train,Cfa,"Temperate, no dry season, hot summer",14,Temperate,South America,"[-30, -10)"
Landcover-53808,27.502133,58.39869,Landcover,Agriculture,"Cropland, rainfed",Rural: Very Low Dens,train,BWh,"Arid, desert, hot",4,Arid,Asia,"[10, 30)"
Landcover-539168,52.104325,-8.229647,Landcover,Grassland,Grassland,Rural: Very Low Dens,val,Cfb,"Temperate, no dry season, warm summer",15,Temperate,Europe,"[30, 60)"
Landcover-541146,-12.275971,22.439559,Landcover,Grassland,Grassland,Rural: Very Low Dens,val,Aw,"Tropical, savannah",3,Tropical,Africa,"[-30, -10)"
Landcover-543304,36.131387,94.015935,Landcover,Grassland,Grassland,Rural: Very Low Dens,train,ET,"Polar, tundra",29,Polar,Asia,"[30, 60)"
Landcover-544894,16.573828,-12.608059,Landcover,Grassland,Grassland,Rural: Very Low Dens,val,BWh,"Arid, desert, hot",4,Arid,Africa,"[10, 30)"
Landcover-545549,44.141208,-100.109354,Landcover,Grassland,Grassland,Rural: Very Low Dens,train,Dfa,"Cold, no dry season, hot summer",25,Cold,North America,"[30, 60)"
Landcover-552630,47.866881,132.41721,Landcover,Grassland,Grassland,Rural: Very Low Dens,test,Dwa,"Cold, dry winter, hot summer",21,Cold,Europe,"[30, 60)"
Landcover-552862,13.756777,24.706757,Landcover,Grassland,Grassland,Rural: Low Dens,train,BWh,"Arid, desert, hot",4,Arid,Africa,"[10, 30)"
Landcover-558207,-28.977182,145.121806,Landcover,Grassland,Grassland,Rural: Very Low Dens,val,BWh,"Arid, desert, hot",4,Arid,Oceania,"[-30, -10)"
Landcover-561361,13.74273,2.413645,Landcover,Grassland,Grassland,Rural: Very Low Dens,train,BSh,"Arid, steppe, hot",6,Arid,Africa,"[10, 30)"
Landcover-564734,8.360594,-65.344008,Landcover,Grassland,Grassland,Rural: Very Low Dens,val,Aw,"Tropical, savannah",3,Tropical,South America,"[-10, 10)"
Landcover-56527,32.54232,13.154558,Landcover,Agriculture,"Cropland, rainfed",Rural: Very Low Dens,train,BSh,"Arid, steppe, hot",6,Arid,Africa,"[30, 60)"
Landcover-56939,14.888734,-11.490653,Landcover,Agriculture,"Cropland, rainfed",Rural: Very Low Dens,train,BSh,"Arid, steppe, hot",6,Arid,Africa,"[10, 30)"
Landcover-572052,35.432148,-84.465023,Landcover,Grassland,Grassland,Rural: Very Low Dens,test,Cfa,"Temperate, no dry season, hot summer",14,Temperate,North America,"[30, 60)"
Landcover-575669,37.81486,118.058568,Landcover,Grassland,Grassland,Rural: Very Low Dens,test,Dwa,"Cold, dry winter, hot summer",21,Cold,Asia,"[30, 60)"
Landcover-575678,48.771397,51.135178,Landcover,Grassland,Grassland,Rural: Very Low Dens,train,BWk,"Arid, desert, cold",5,Arid,Asia,"[30, 60)"
Landcover-577033,42.921408,117.138082,Landcover,Grassland,Grassland,Rural: Very Low Dens,train,Dwb,"Cold, dry winter, warm summer",22,Cold,Asia,"[30, 60)"
Landcover-578968,-26.28531,149.144057,Landcover,Grassland,Grassland,Rural: Very Low Dens,train,BSh,"Arid, steppe, hot",6,Arid,Oceania,"[-30, -10)"
Landcover-579295,-20.280164,142.864779,Landcover,Grassland,Grassland,Rural: Very Low Dens,train,BSh,"Arid, steppe, hot",6,Arid,Oceania,"[-30, -10)"
Landcover-584115,37.397869,-103.076426,Landcover,Grassland,Grassland,Rural: Very Low Dens,train,BSk,"Arid, steppe, cold",7,Arid,North America,"[30, 60)"
Landcover-584734,66.518684,167.182054,Landcover,Grassland,Grassland,Rural: Very Low Dens,train,Dfc,"Cold, no dry season, cold summer",27,Cold,Europe,"[60, 90)"
Landcover-588518,33.160012,87.859432,Landcover,Grassland,Grassland,Rural: Very Low Dens,train,BSk,"Arid, steppe, cold",7,Arid,Asia,"[30, 60)"
Landcover-588912,36.800898,111.475263,Landcover,Grassland,Grassland,Rural: Very Low Dens,train,Dwa,"Cold, dry winter, hot summer",21,Cold,Asia,"[30, 60)"
Landcover-592294,-29.109815,29.888392,Landcover,Grassland,Grassland,Rural: Very Low Dens,train,Cwb,"Temperate, dry winter, warm summer",12,Temperate,Africa,"[-30, -10)"
Landcover-593094,-13.393738,-67.105059,Landcover,Grassland,Grassland,Rural: Very Low Dens,train,Am,"Tropical, monsoon",2,Tropical,South America,"[-30, -10)"
Landcover-595605,36.386742,-88.330989,Landcover,Grassland,Grassland,Rural: Very Low Dens,train,Cfa,"Temperate, no dry season, hot summer",14,Temperate,North America,"[30, 60)"
Landcover-597826,49.551882,46.338051,Landcover,Grassland,Grassland,Rural: Very Low Dens,train,BSk,"Arid, steppe, cold",7,Arid,Europe,"[30, 60)"
Landcover-599093,67.279889,-71.255974,Landcover,Other,Lichens and mosses,Rural: Very Low Dens,train,ET,"Polar, tundra",29,Polar,North America,"[60, 90)"
Landcover-600240,65.807361,-167.241984,Landcover,Other,Lichens and mosses,Rural: Very Low Dens,train,ET,"Polar, tundra",29,Polar,North America,"[60, 90)"
Landcover-601227,63.946812,-99.045636,Landcover,Other,Lichens and mosses,Rural: Very Low Dens,train,Dfc,"Cold, no dry season, cold summer",27,Cold,North America,"[60, 90)"
Landcover-602705,75.244811,138.581056,Landcover,Other,Lichens and mosses,Rural: Very Low Dens,train,ET,"Polar, tundra",29,Polar,Europe,"[60, 90)"
Landcover-604127,69.804684,-107.122146,Landcover,Other,Lichens and mosses,Rural: Very Low Dens,val,ET,"Polar, tundra",29,Polar,North America,"[60, 90)"
Landcover-604673,60.116026,-69.75566,Landcover,Other,Lichens and mosses,Rural: Very Low Dens,train,ET,"Polar, tundra",29,Polar,North America,"[60, 90)"
Landcover-604821,70.911225,-76.39548,Landcover,Other,Lichens and mosses,Rural: Very Low Dens,test,ET,"Polar, tundra",29,Polar,North America,"[60, 90)"
Landcover-605509,71.944467,-115.9178,Landcover,Other,Lichens and mosses,Rural: Very Low Dens,train,ET,"Polar, tundra",29,Polar,North America,"[60, 90)"
Landcover-605578,70.207857,-71.752953,Landcover,Other,Lichens and mosses,Rural: Very Low Dens,train,ET,"Polar, tundra",29,Polar,North America,"[60, 90)"
Landcover-606295,70.001715,-106.564628,Landcover,Other,Lichens and mosses,Water,train,ET,"Polar, tundra",29,Polar,North America,"[60, 90)"
Landcover-607672,80.80194,-87.973302,Landcover,Other,Lichens and mosses,Rural: Very Low Dens,train,ET,"Polar, tundra",29,Polar,North America,"[60, 90)"
Landcover-607741,66.214575,-89.933058,Landcover,Other,Lichens and mosses,Rural: Very Low Dens,train,ET,"Polar, tundra",29,Polar,North America,"[60, 90)"
Landcover-609309,73.756174,-121.015711,Landcover,Other,Lichens and mosses,Rural: Very Low Dens,test,ET,"Polar, tundra",29,Polar,North America,"[60, 90)"
Landcover-609918,69.005293,-73.744348,Landcover,Other,Lichens and mosses,Rural: Very Low Dens,train,ET,"Polar, tundra",29,Polar,North America,"[60, 90)"
Landcover-611000,67.206361,175.892028,Landcover,Other,Lichens and mosses,Rural: Very Low Dens,test,Dsc,"Cold, dry summer, cold summer",19,Cold,Europe,"[60, 90)"
Landcover-611207,65.256894,-100.131114,Landcover,Other,Lichens and mosses,Rural: Very Low Dens,train,Dsc,"Cold, dry summer, cold summer",19,Cold,North America,"[60, 90)"
Landcover-611417,69.723151,-107.717265,Landcover,Other,Lichens and mosses,Rural: Very Low Dens,train,ET,"Polar, tundra",29,Polar,North America,"[60, 90)"
Landcover-612967,67.538356,-85.284601,Landcover,Other,Lichens and mosses,Rural: Very Low Dens,train,ET,"Polar, tundra",29,Polar,North America,"[60, 90)"
Landcover-613267,75.199771,100.997347,Landcover,Other,Lichens and mosses,Rural: Very Low Dens,train,ET,"Polar, tundra",29,Polar,Europe,"[60, 90)"
Landcover-613328,60.567799,-72.278522,Landcover,Other,Lichens and mosses,Rural: Very Low Dens,train,ET,"Polar, tundra",29,Polar,North America,"[60, 90)"
Landcover-613467,71.160286,-79.718034,Landcover,Other,Lichens and mosses,Rural: Very Low Dens,train,ET,"Polar, tundra",29,Polar,North America,"[60, 90)"
Landcover-614366,67.451019,-92.825142,Landcover,Other,Lichens and mosses,Rural: Very Low Dens,train,ET,"Polar, tundra",29,Polar,North America,"[60, 90)"
Landcover-616966,63.812577,-83.773293,Landcover,Other,Lichens and mosses,Rural: Very Low Dens,train,ET,"Polar, tundra",29,Polar,North America,"[60, 90)"
Landcover-620852,-20.04987,125.86272,Landcover,Other,"Sparse vegetation (tree, shrub, herbaceous cover) (<15%)",Rural: Very Low Dens,train,BWh,"Arid, desert, hot",4,Arid,Oceania,"[-30, -10)"
Landcover-622063,-22.3635,123.175026,Landcover,Other,"Sparse vegetation (tree, shrub, herbaceous cover) (<15%)",Rural: Very Low Dens,train,BWh,"Arid, desert, hot",4,Arid,Oceania,"[-30, -10)"
Landcover-622782,-24.324179,115.101257,Landcover,Other,"Sparse vegetation (tree, shrub, herbaceous cover) (<15%)",Rural: Very Low Dens,train,BWh,"Arid, desert, hot",4,Arid,Oceania,"[-30, -10)"
Landcover-622801,-23.407769,138.006515,Landcover,Other,"Sparse vegetation (tree, shrub, herbaceous cover) (<15%)",Rural: Very Low Dens,train,BWh,"Arid, desert, hot",4,Arid,Oceania,"[-30, -10)"
Landcover-62499,39.055094,36.696513,Landcover,Agriculture,"Cropland, rainfed",Rural: Very Low Dens,train,Dsb,"Cold, dry summer, warm summer",18,Cold,Asia,"[30, 60)"
Landcover-625319,-50.090132,-68.16141,Landcover,Other,"Sparse vegetation (tree, shrub, herbaceous cover) (<15%)",Rural: Very Low Dens,train,BWk,"Arid, desert, cold",5,Arid,South America,"[-60, -30)"
Landcover-626987,-17.664511,125.340667,Landcover,Other,"Sparse vegetation (tree, shrub, herbaceous cover) (<15%)",Rural: Very Low Dens,train,BSh,"Arid, steppe, hot",6,Arid,Oceania,"[-30, -10)"
Landcover-629165,14.829044,16.504487,Landcover,Other,"Sparse vegetation (tree, shrub, herbaceous cover) (<15%)",Rural: Very Low Dens,train,BWh,"Arid, desert, hot",4,Arid,Africa,"[10, 30)"
Landcover-632301,42.282883,68.594359,Landcover,Other,"Sparse vegetation (tree, shrub, herbaceous cover) (<15%)",Rural: Very Low Dens,val,Dsa,"Cold, dry summer, hot summer",17,Cold,Asia,"[30, 60)"
Landcover-634340,-30.216034,127.670975,Landcover,Other,"Sparse vegetation (tree, shrub, herbaceous cover) (<15%)",Rural: Very Low Dens,train,BWh,"Arid, desert, hot",4,Arid,Oceania,"[-60, -30)"
Landcover-635262,71.821648,-24.592384,Landcover,Other,"Sparse vegetation (tree, shrub, herbaceous cover) (<15%)",Rural: Very Low Dens,train,ET,"Polar, tundra",29,Polar,North America,"[60, 90)"
Landcover-636175,-23.315218,130.82722,Landcover,Other,"Sparse vegetation (tree, shrub, herbaceous cover) (<15%)",Rural: Very Low Dens,train,BWh,"Arid, desert, hot",4,Arid,Oceania,"[-30, -10)"
Landcover-646012,47.629465,75.697153,Landcover,Other,"Sparse vegetation (tree, shrub, herbaceous cover) (<15%)",Rural: Very Low Dens,train,BWk,"Arid, desert, cold",5,Arid,Asia,"[30, 60)"
Landcover-646516,-26.3578,140.851681,Landcover,Other,"Sparse vegetation (tree, shrub, herbaceous cover) (<15%)",Rural: Very Low Dens,train,BWh,"Arid, desert, hot",4,Arid,Oceania,"[-30, -10)"
Landcover-65106,49.16434,39.616561,Landcover,Agriculture,"Cropland, rainfed",Rural: Very Low Dens,train,Dfa,"Cold, no dry season, hot summer",25,Cold,Europe,"[30, 60)"
Landcover-653152,-25.932488,116.346776,Landcover,Other,"Sparse vegetation (tree, shrub, herbaceous cover) (<15%)",Rural: Very Low Dens,train,BWh,"Arid, desert, hot",4,Arid,Oceania,"[-30, -10)"
Landcover-65382,48.059395,32.290484,Landcover,Agriculture,"Cropland, rainfed",Rural: Very Low Dens,train,Dfa,"Cold, no dry season, hot summer",25,Cold,Europe,"[30, 60)"
Landcover-655675,-19.833849,127.811281,Landcover,Other,"Sparse vegetation (tree, shrub, herbaceous cover) (<15%)",Rural: Very Low Dens,train,BWh,"Arid, desert, hot",4,Arid,Oceania,"[-30, -10)"
Landcover-655687,-24.119884,137.992128,Landcover,Other,"Sparse vegetation (tree, shrub, herbaceous cover) (<15%)",Rural: Very Low Dens,train,BWh,"Arid, desert, hot",4,Arid,Oceania,"[-30, -10)"
Landcover-655933,-46.796958,-71.612424,Landcover,Other,"Sparse vegetation (tree, shrub, herbaceous cover) (<15%)",Rural: Very Low Dens,test,ET,"Polar, tundra",29,Polar,South America,"[-60, -30)"
Landcover-656948,47.301856,117.31939,Landcover,Other,"Sparse vegetation (tree, shrub, herbaceous cover) (<15%)",Rural: Very Low Dens,train,BSk,"Arid, steppe, cold",7,Arid,Asia,"[30, 60)"
Landcover-661654,72.779735,81.443986,Landcover,Other,"Sparse vegetation (tree, shrub, herbaceous cover) (<15%)",Rural: Very Low Dens,train,ET,"Polar, tundra",29,Polar,Europe,"[60, 90)"
Landcover-662303,67.782847,-114.349278,Landcover,Other,"Sparse vegetation (tree, shrub, herbaceous cover) (<15%)",Water,test,ET,"Polar, tundra",29,Polar,North America,"[60, 90)"
Landcover-664916,45.774836,72.046173,Landcover,Other,"Sparse vegetation (tree, shrub, herbaceous cover) (<15%)",Rural: Very Low Dens,val,BWk,"Arid, desert, cold",5,Arid,Asia,"[30, 60)"
Landcover-665772,-22.543623,139.566654,Landcover,Other,"Sparse vegetation (tree, shrub, herbaceous cover) (<15%)",Rural: Very Low Dens,train,BWh,"Arid, desert, hot",4,Arid,Oceania,"[-30, -10)"
Landcover-667899,62.13267,-102.58903,Landcover,Other,"Sparse vegetation (tree, shrub, herbaceous cover) (<15%)",Rural: Very Low Dens,train,Dfc,"Cold, no dry season, cold summer",27,Cold,North America,"[60, 90)"
Landcover-669183,72.548003,75.158692,Landcover,Other,"Sparse vegetation (tree, shrub, herbaceous cover) (<15%)",Rural: Very Low Dens,val,ET,"Polar, tundra",29,Polar,Europe,"[60, 90)"
Landcover-672550,69.760507,-23.988403,Landcover,Other,"Sparse vegetation (tree, shrub, herbaceous cover) (<15%)",Water,test,ET,"Polar, tundra",29,Polar,North America,"[60, 90)"
Landcover-673677,15.249463,5.457641,Landcover,Other,"Sparse vegetation (tree, shrub, herbaceous cover) (<15%)",Rural: Very Low Dens,train,BWh,"Arid, desert, hot",4,Arid,Africa,"[10, 30)"
Landcover-675618,47.77237,116.128333,Landcover,Other,"Sparse vegetation (tree, shrub, herbaceous cover) (<15%)",Rural: Very Low Dens,train,BSk,"Arid, steppe, cold",7,Arid,Asia,"[30, 60)"
Landcover-682065,71.562743,-28.845798,Landcover,Other,"Sparse vegetation (tree, shrub, herbaceous cover) (<15%)",Rural: Very Low Dens,train,EF,"Polar, frost",30,Polar,North America,"[60, 90)"
Landcover-682490,-33.088501,-69.544265,Landcover,Other,"Sparse vegetation (tree, shrub, herbaceous cover) (<15%)",Rural: Very Low Dens,train,ET,"Polar, tundra",29,Polar,South America,"[-60, -30)"
Landcover-682943,-20.604728,128.538212,Landcover,Other,"Sparse vegetation (tree, shrub, herbaceous cover) (<15%)",Rural: Very Low Dens,val,BWh,"Arid, desert, hot",4,Arid,Oceania,"[-30, -10)"
Landcover-685907,-18.132243,-69.423771,Landcover,Other,"Sparse vegetation (tree, shrub, herbaceous cover) (<15%)",Rural: Very Low Dens,val,ET,"Polar, tundra",29,Polar,South America,"[-30, -10)"
Landcover-689237,69.942436,97.338072,Landcover,Other,"Sparse vegetation (tree, shrub, herbaceous cover) (<15%)",Rural: Very Low Dens,train,ET,"Polar, tundra",29,Polar,Europe,"[60, 90)"
Landcover-689360,-22.800627,144.75968,Landcover,Other,"Sparse vegetation (tree, shrub, herbaceous cover) (<15%)",Rural: Very Low Dens,train,BSh,"Arid, steppe, hot",6,Arid,Oceania,"[-30, -10)"
Landcover-691825,13.966389,16.088064,Landcover,Other,"Sparse vegetation (tree, shrub, herbaceous cover) (<15%)",Rural: Very Low Dens,train,BWh,"Arid, desert, hot",4,Arid,Africa,"[10, 30)"
Landcover-692235,65.977465,-98.532629,Landcover,Other,"Sparse vegetation (tree, shrub, herbaceous cover) (<15%)",Rural: Very Low Dens,train,ET,"Polar, tundra",29,Polar,North America,"[60, 90)"
Landcover-692735,67.489311,-99.924317,Landcover,Other,"Sparse vegetation (tree, shrub, herbaceous cover) (<15%)",Rural: Very Low Dens,train,ET,"Polar, tundra",29,Polar,North America,"[60, 90)"
Landcover-69292,10.189015,-74.844686,Landcover,Agriculture,"Cropland, rainfed",Rural: Very Low Dens,train,Aw,"Tropical, savannah",3,Tropical,South America,"[10, 30)"
Landcover-693691,-19.465276,13.438879,Landcover,Other,"Sparse vegetation (tree, shrub, herbaceous cover) (<15%)",Rural: Very Low Dens,train,BWh,"Arid, desert, hot",4,Arid,Africa,"[-30, -10)"
Landcover-696006,-37.738647,-69.601702,Landcover,Other,"Sparse vegetation (tree, shrub, herbaceous cover) (<15%)",Rural: Very Low Dens,train,BWk,"Arid, desert, cold",5,Arid,South America,"[-60, -30)"
Landcover-697170,68.989368,-120.761168,Landcover,Other,"Sparse vegetation (tree, shrub, herbaceous cover) (<15%)",Rural: Very Low Dens,train,ET,"Polar, tundra",29,Polar,North America,"[60, 90)"
Landcover-697241,67.002004,65.61081,Landcover,Other,"Sparse vegetation (tree, shrub, herbaceous cover) (<15%)",Rural: Very Low Dens,train,Dfc,"Cold, no dry season, cold summer",27,Cold,Europe,"[60, 90)"
Landcover-70313,21.78214,78.442428,Landcover,Agriculture,"Cropland, rainfed",Rural: Low Dens,train,Aw,"Tropical, savannah",3,Tropical,Asia,"[10, 30)"
Landcover-710633,47.846419,45.826845,Landcover,Other,"Sparse vegetation (tree, shrub, herbaceous cover) (<15%)",Rural: Very Low Dens,train,BSk,"Arid, steppe, cold",7,Arid,Europe,"[30, 60)"
Landcover-710856,63.95575,-103.086989,Landcover,Other,"Sparse vegetation (tree, shrub, herbaceous cover) (<15%)",Rural: Very Low Dens,train,Dfc,"Cold, no dry season, cold summer",27,Cold,North America,"[60, 90)"
Landcover-711297,11.490836,50.249714,Landcover,Other,"Sparse vegetation (tree, shrub, herbaceous cover) (<15%)",Rural: Very Low Dens,test,BWh,"Arid, desert, hot",4,Arid,Africa,"[10, 30)"
Landcover-714290,-31.014681,132.29879,Landcover,Other,"Sparse vegetation (tree, shrub, herbaceous cover) (<15%)",Rural: Very Low Dens,train,BWh,"Arid, desert, hot",4,Arid,Oceania,"[-60, -30)"
Landcover-715968,70.869408,103.5483,Landcover,Other,"Sparse vegetation (tree, shrub, herbaceous cover) (<15%)",Rural: Very Low Dens,val,Dfc,"Cold, no dry season, cold summer",27,Cold,Europe,"[60, 90)"
Landcover-716014,72.757587,82.920892,Landcover,Other,"Sparse vegetation (tree, shrub, herbaceous cover) (<15%)",Rural: Very Low Dens,train,ET,"Polar, tundra",29,Polar,Europe,"[60, 90)"
Landcover-717636,47.042873,63.24291,Landcover,Other,"Sparse vegetation (tree, shrub, herbaceous cover) (<15%)",Rural: Very Low Dens,train,BWk,"Arid, desert, cold",5,Arid,Asia,"[30, 60)"
Landcover-720444,-26.691756,144.568843,Landcover,Other,"Sparse vegetation (tree, shrub, herbaceous cover) (<15%)",Rural: Very Low Dens,train,BWh,"Arid, desert, hot",4,Arid,Oceania,"[-30, -10)"
Landcover-720673,-19.51237,124.889862,Landcover,Other,"Sparse vegetation (tree, shrub, herbaceous cover) (<15%)",Rural: Very Low Dens,train,BWh,"Arid, desert, hot",4,Arid,Oceania,"[-30, -10)"
Landcover-721656,69.851715,67.175408,Landcover,Other,"Sparse vegetation (tree, shrub, herbaceous cover) (<15%)",Rural: Very Low Dens,train,ET,"Polar, tundra",29,Polar,Europe,"[60, 90)"
Landcover-722382,27.133136,42.216549,Landcover,Other,"Sparse vegetation (tree, shrub, herbaceous cover) (<15%)",Rural: Very Low Dens,train,BWh,"Arid, desert, hot",4,Arid,Asia,"[10, 30)"
Landcover-723520,-23.040149,136.86135,Landcover,Other,"Sparse vegetation (tree, shrub, herbaceous cover) (<15%)",Rural: Very Low Dens,train,BWh,"Arid, desert, hot",4,Arid,Oceania,"[-30, -10)"
Landcover-724110,-22.933033,137.660293,Landcover,Other,"Sparse vegetation (tree, shrub, herbaceous cover) (<15%)",Rural: Very Low Dens,train,BWh,"Arid, desert, hot",4,Arid,Oceania,"[-30, -10)"
Landcover-72474,24.371394,76.881072,Landcover,Agriculture,"Cropland, rainfed",Rural: Very Low Dens,train,Aw,"Tropical, savannah",3,Tropical,Asia,"[10, 30)"
Landcover-724842,-21.987374,124.410999,Landcover,Other,"Sparse vegetation (tree, shrub, herbaceous cover) (<15%)",Rural: Very Low Dens,test,BWh,"Arid, desert, hot",4,Arid,Oceania,"[-30, -10)"
Landcover-726068,8.536557,47.909911,Landcover,Other,Sparse shrub (<15%),Rural: Very Low Dens,train,BWh,"Arid, desert, hot",4,Arid,Africa,"[-10, 10)"
Landcover-726136,5.999047,47.488199,Landcover,Other,Sparse shrub (<15%),Rural: Very Low Dens,test,BWh,"Arid, desert, hot",4,Arid,Africa,"[-10, 10)"
Landcover-726269,68.859116,53.717324,Landcover,Other,Sparse shrub (<15%),Rural: Very Low Dens,train,ET,"Polar, tundra",29,Polar,Europe,"[60, 90)"
Landcover-726318,7.208165,49.494449,Landcover,Other,Sparse shrub (<15%),Water,train,BWh,"Arid, desert, hot",4,Arid,Africa,"[-10, 10)"
Landcover-726326,7.34576,49.497312,Landcover,Other,Sparse shrub (<15%),Rural: Very Low Dens,train,BWh,"Arid, desert, hot",4,Arid,Africa,"[-10, 10)"
Landcover-726973,-23.231331,-67.776723,Landcover,Other,Sparse herbaceous cover (<15%),Rural: Very Low Dens,train,BWk,"Arid, desert, cold",5,Arid,South America,"[-30, -10)"
Landcover-727236,29.122037,-10.40613,Landcover,Other,Sparse herbaceous cover (<15%),Rural: Very Low Dens,test,BWh,"Arid, desert, hot",4,Arid,Africa,"[10, 30)"
Landcover-728104,17.001888,-7.193922,Landcover,Other,Sparse herbaceous cover (<15%),Rural: Very Low Dens,train,BWh,"Arid, desert, hot",4,Arid,Africa,"[10, 30)"
Landcover-728411,15.41073,20.952934,Landcover,Other,Sparse herbaceous cover (<15%),Rural: Very Low Dens,train,BWh,"Arid, desert, hot",4,Arid,Africa,"[10, 30)"
Landcover-728605,34.922138,7.905751,Landcover,Other,Sparse herbaceous cover (<15%),Rural: Very Low Dens,train,BSk,"Arid, steppe, cold",7,Arid,Africa,"[30, 60)"
Landcover-729117,16.67656,-8.966799,Landcover,Other,Sparse herbaceous cover (<15%),Rural: Very Low Dens,val,BWh,"Arid, desert, hot",4,Arid,Africa,"[10, 30)"
Landcover-729404,28.60054,-10.298044,Landcover,Other,Sparse herbaceous cover (<15%),Rural: Very Low Dens,train,BWh,"Arid, desert, hot",4,Arid,Africa,"[10, 30)"
Landcover-729469,34.956558,1.858137,Landcover,Other,Sparse herbaceous cover (<15%),Rural: Very Low Dens,val,BSk,"Arid, steppe, cold",7,Arid,Africa,"[30, 60)"
Landcover-730059,32.027215,-9.216051,Landcover,Other,Sparse herbaceous cover (<15%),Rural: Low Dens,train,BSh,"Arid, steppe, hot",6,Arid,Africa,"[30, 60)"
Landcover-730227,33.208135,-2.649308,Landcover,Other,Sparse herbaceous cover (<15%),Rural: Very Low Dens,train,BWk,"Arid, desert, cold",5,Arid,Africa,"[30, 60)"
Landcover-730846,55.056364,-114.646973,Landcover,Forest,"Tree cover, flooded, fresh or brakish water",Rural: Very Low Dens,train,Dfc,"Cold, no dry season, cold summer",27,Cold,North America,"[30, 60)"
Landcover-730953,-1.393505,16.922341,Landcover,Forest,"Tree cover, flooded, fresh or brakish water",Rural: Very Low Dens,train,Aw,"Tropical, savannah",3,Tropical,Africa,"[-10, 10)"
Landcover-731394,7.581022,-69.302653,Landcover,Forest,"Tree cover, flooded, fresh or brakish water",Rural: Very Low Dens,train,Aw,"Tropical, savannah",3,Tropical,South America,"[-10, 10)"
Landcover-731898,35.061401,-91.973285,Landcover,Forest,"Tree cover, flooded, fresh or brakish water",Rural: Very Low Dens,train,Cfa,"Temperate, no dry season, hot summer",14,Temperate,North America,"[30, 60)"
Landcover-732230,36.123295,-77.271755,Landcover,Forest,"Tree cover, flooded, fresh or brakish water",Rural: Very Low Dens,train,Cfa,"Temperate, no dry season, hot summer",14,Temperate,North America,"[30, 60)"
Landcover-732844,44.249852,-88.695133,Landcover,Forest,"Tree cover, flooded, fresh or brakish water",Rural: Very Low Dens,val,Dfa,"Cold, no dry season, hot summer",25,Cold,North America,"[30, 60)"
Landcover-733193,51.895073,-83.897179,Landcover,Forest,"Tree cover, flooded, fresh or brakish water",Rural: Very Low Dens,train,Dfc,"Cold, no dry season, cold summer",27,Cold,North America,"[30, 60)"
Landcover-737794,30.827474,-93.58892,Landcover,Forest,"Tree cover, flooded, fresh or brakish water",Rural: Very Low Dens,train,Cfa,"Temperate, no dry season, hot summer",14,Temperate,North America,"[30, 60)"
Landcover-738071,-0.835282,17.660649,Landcover,Forest,"Tree cover, flooded, fresh or brakish water",Rural: Very Low Dens,train,Am,"Tropical, monsoon",2,Tropical,Africa,"[-10, 10)"
Landcover-739646,66.440707,78.795596,Landcover,Forest,"Tree cover, flooded, fresh or brakish water",Rural: Very Low Dens,train,Dfc,"Cold, no dry season, cold summer",27,Cold,Europe,"[60, 90)"
Landcover-739728,-3.571762,-69.235912,Landcover,Forest,"Tree cover, flooded, fresh or brakish water",Rural: Very Low Dens,train,Af,"Tropical, rainforest",1,Tropical,South America,"[-10, 10)"
Landcover-740491,32.212939,-94.212231,Landcover,Forest,"Tree cover, flooded, fresh or brakish water",Rural: Very Low Dens,train,Cfa,"Temperate, no dry season, hot summer",14,Temperate,North America,"[30, 60)"
Landcover-740603,57.195293,-97.212306,Landcover,Forest,"Tree cover, flooded, fresh or brakish water",Rural: Very Low Dens,train,Dfc,"Cold, no dry season, cold summer",27,Cold,North America,"[30, 60)"
Landcover-740664,38.904095,-90.720346,Landcover,Forest,"Tree cover, flooded, fresh or brakish water",Rural: Very Low Dens,test,Dfa,"Cold, no dry season, hot summer",25,Cold,North America,"[30, 60)"
Landcover-742030,-17.754043,140.561768,Landcover,Forest,"Tree cover, flooded, saline water",Rural: Very Low Dens,train,BSh,"Arid, steppe, hot",6,Arid,Oceania,"[-30, -10)"
Landcover-742331,4.811571,6.831587,Landcover,Forest,"Tree cover, flooded, saline water",Rural: cluster,train,Am,"Tropical, monsoon",2,Tropical,Africa,"[-10, 10)"
Landcover-743110,5.84951,5.295322,Landcover,Forest,"Tree cover, flooded, saline water",Rural: Very Low Dens,train,Am,"Tropical, monsoon",2,Tropical,Africa,"[-10, 10)"
Landcover-743192,-15.779193,136.558571,Landcover,Forest,"Tree cover, flooded, saline water",Rural: Very Low Dens,train,Aw,"Tropical, savannah",3,Tropical,Oceania,"[-30, -10)"
Landcover-743346,-11.681829,40.427043,Landcover,Forest,"Tree cover, flooded, saline water",Rural: Very Low Dens,train,Aw,"Tropical, savannah",3,Tropical,Africa,"[-30, -10)"
Landcover-743840,21.460147,-87.090684,Landcover,Forest,"Tree cover, flooded, saline water",Rural: Very Low Dens,train,Aw,"Tropical, savannah",3,Tropical,North America,"[10, 30)"
Landcover-744745,61.93984,10.288005,Landcover,Wetland,"Shrub or herbaceous cover, flooded, fresh/saline/brakish water",Rural: Very Low Dens,train,Dfc,"Cold, no dry season, cold summer",27,Cold,Europe,"[60, 90)"
Landcover-746405,23.801885,69.094139,Landcover,Wetland,"Shrub or herbaceous cover, flooded, fresh/saline/brakish water",Rural: Very Low Dens,train,BWh,"Arid, desert, hot",4,Arid,Asia,"[10, 30)"
Landcover-750496,59.2918,78.7377,Landcover,Wetland,"Shrub or herbaceous cover, flooded, fresh/saline/brakish water",Rural: Very Low Dens,train,Dfc,"Cold, no dry season, cold summer",27,Cold,Europe,"[30, 60)"
Landcover-752963,67.443768,37.921172,Landcover,Wetland,"Shrub or herbaceous cover, flooded, fresh/saline/brakish water",Rural: Very Low Dens,train,Dfc,"Cold, no dry season, cold summer",27,Cold,Europe,"[60, 90)"
Landcover-754143,63.600974,57.011102,Landcover,Wetland,"Shrub or herbaceous cover, flooded, fresh/saline/brakish water",Rural: Very Low Dens,train,Dfc,"Cold, no dry season, cold summer",27,Cold,Europe,"[60, 90)"
Landcover-755082,-33.829756,-59.182152,Landcover,Wetland,"Shrub or herbaceous cover, flooded, fresh/saline/brakish water",Rural: Very Low Dens,val,Cfa,"Temperate, no dry season, hot summer",14,Temperate,South America,"[-60, -30)"
Landcover-755325,60.905245,69.127896,Landcover,Wetland,"Shrub or herbaceous cover, flooded, fresh/saline/brakish water",Rural: Very Low Dens,train,Dfc,"Cold, no dry season, cold summer",27,Cold,Europe,"[60, 90)"
Landcover-755976,49.34248,135.475604,Landcover,Wetland,"Shrub or herbaceous cover, flooded, fresh/saline/brakish water",Rural: Very Low Dens,train,Dwb,"Cold, dry winter, warm summer",22,Cold,Europe,"[30, 60)"
Landcover-757797,-23.286999,122.684916,Landcover,Wetland,"Shrub or herbaceous cover, flooded, fresh/saline/brakish water",Rural: Very Low Dens,train,BWh,"Arid, desert, hot",4,Arid,Oceania,"[-30, -10)"
Landcover-76322,-1.425645,37.917694,Landcover,Agriculture,"Cropland, rainfed",Rural: Low Dens,train,Aw,"Tropical, savannah",3,Tropical,Africa,"[-10, 10)"
Landcover-76406,11.56837,-4.035858,Landcover,Agriculture,"Cropland, rainfed",Rural: Very Low Dens,train,Aw,"Tropical, savannah",3,Tropical,Africa,"[10, 30)"
Landcover-766519,-4.543769,33.99981,Landcover,Wetland,"Shrub or herbaceous cover, flooded, fresh/saline/brakish water",Rural: Very Low Dens,train,BSh,"Arid, steppe, hot",6,Arid,Africa,"[-10, 10)"
Landcover-766638,67.338538,48.39289,Landcover,Wetland,"Shrub or herbaceous cover, flooded, fresh/saline/brakish water",Rural: Very Low Dens,train,Dfc,"Cold, no dry season, cold summer",27,Cold,Europe,"[60, 90)"
Landcover-767178,-9.162199,37.726913,Landcover,Wetland,"Shrub or herbaceous cover, flooded, fresh/saline/brakish water",Rural: Very Low Dens,train,Aw,"Tropical, savannah",3,Tropical,Africa,"[-10, 10)"
Landcover-768727,31.575916,121.261439,Landcover,Settlement,Urban areas,Urban: Dense,train,Cfa,"Temperate, no dry season, hot summer",14,Temperate,Asia,"[30, 60)"
Landcover-768728,18.40211,77.706695,Landcover,Settlement,Urban areas,Rural: Low Dens,train,Aw,"Tropical, savannah",3,Tropical,Asia,"[10, 30)"
Landcover-768744,-7.709175,109.829604,Landcover,Settlement,Urban areas,Rural: cluster,train,Am,"Tropical, monsoon",2,Tropical,Asia,"[-10, 10)"
Landcover-768750,55.876915,48.318818,Landcover,Settlement,Urban areas,Urban: Dense,train,Dfb,"Cold, no dry season, warm summer",26,Cold,Europe,"[30, 60)"
Landcover-768751,52.625293,45.812624,Landcover,Settlement,Urban areas,Urban: Semi-dense,train,Dfb,"Cold, no dry season, warm summer",26,Cold,Europe,"[30, 60)"
Landcover-768753,40.653932,-84.960554,Landcover,Settlement,Urban areas,Rural: Very Low Dens,test,Dfa,"Cold, no dry season, hot summer",25,Cold,North America,"[30, 60)"
Landcover-768757,-26.15803,27.815156,Landcover,Settlement,Urban areas,Urban: Centre,test,Cwb,"Temperate, dry winter, warm summer",12,Temperate,Africa,"[-30, -10)"
Landcover-768762,37.206885,-93.359847,Landcover,Settlement,Urban areas,Urban: Suburban,train,Dfa,"Cold, no dry season, hot summer",25,Cold,North America,"[30, 60)"
Landcover-768768,-27.4473,-59.041529,Landcover,Settlement,Urban areas,Urban: Centre,train,Cfa,"Temperate, no dry season, hot summer",14,Temperate,South America,"[-30, -10)"
Landcover-768781,50.146626,-122.97348,Landcover,Settlement,Urban areas,Rural: Very Low Dens,train,Dsb,"Cold, dry summer, warm summer",18,Cold,North America,"[30, 60)"
Landcover-768793,21.737812,84.047195,Landcover,Settlement,Urban areas,Rural: Low Dens,train,Aw,"Tropical, savannah",3,Tropical,Asia,"[10, 30)"
Landcover-768797,37.036685,119.757871,Landcover,Settlement,Urban areas,Urban: Dense,train,Dwa,"Cold, dry winter, hot summer",21,Cold,Asia,"[30, 60)"
Landcover-768820,31.930556,35.986564,Landcover,Settlement,Urban areas,Urban: Suburban,train,BSk,"Arid, steppe, cold",7,Arid,Asia,"[30, 60)"
Landcover-768822,62.080333,129.684747,Landcover,Settlement,Urban areas,Urban: Suburban,train,Dfd,"Cold, no dry season, very cold winter",28,Cold,Europe,"[60, 90)"
Landcover-768836,45.193829,8.098703,Landcover,Settlement,Urban areas,Urban: Semi-dense,train,Cfa,"Temperate, no dry season, hot summer",14,Temperate,Europe,"[30, 60)"
Landcover-768847,37.438853,-77.457389,Landcover,Settlement,Urban areas,Urban: Suburban,train,Cfa,"Temperate, no dry season, hot summer",14,Temperate,North America,"[30, 60)"
Landcover-768855,47.90059,7.345581,Landcover,Settlement,Urban areas,Rural: Low Dens,val,Cfb,"Temperate, no dry season, warm summer",15,Temperate,Europe,"[30, 60)"
Landcover-768865,47.409185,-122.042128,Landcover,Settlement,Urban areas,Rural: cluster,train,Csb,"Temperate, dry summer, warm summer",9,Temperate,North America,"[30, 60)"
Landcover-768880,39.793385,119.369774,Landcover,Settlement,Urban areas,Urban: Suburban,train,Dwa,"Cold, dry winter, hot summer",21,Cold,Asia,"[30, 60)"
Landcover-768882,23.987075,97.898149,Landcover,Settlement,Urban areas,Urban: Centre,train,Cwa,"Temperate, dry winter, hot summer",11,Temperate,Asia,"[10, 30)"
Landcover-768904,-8.949921,33.240436,Landcover,Settlement,Urban areas,Urban: Dense,test,Aw,"Tropical, savannah",3,Tropical,Africa,"[-10, 10)"
Landcover-768922,-35.43278,-58.810847,Landcover,Settlement,Urban areas,Urban: Dense,val,Cfa,"Temperate, no dry season, hot summer",14,Temperate,South America,"[-60, -30)"
Landcover-768927,49.040769,16.518643,Landcover,Settlement,Urban areas,Rural: Very Low Dens,train,Dfb,"Cold, no dry season, warm summer",26,Cold,Europe,"[30, 60)"
Landcover-768930,41.352924,-82.085382,Landcover,Settlement,Urban areas,Urban: Dense,train,Dfa,"Cold, no dry season, hot summer",25,Cold,North America,"[30, 60)"
Landcover-768934,43.663111,-79.458549,Landcover,Settlement,Urban areas,Urban: Centre,train,Dfa,"Cold, no dry season, hot summer",25,Cold,North America,"[30, 60)"
Landcover-768937,50.685021,30.39043,Landcover,Settlement,Urban areas,Rural: cluster,train,Dfb,"Cold, no dry season, warm summer",26,Cold,Europe,"[30, 60)"
Landcover-768945,17.76814,95.2186,Landcover,Settlement,Urban areas,Rural: cluster,train,Aw,"Tropical, savannah",3,Tropical,Asia,"[10, 30)"
Landcover-768951,49.16801,17.51852,Landcover,Settlement,Urban areas,Urban: Suburban,train,Dfb,"Cold, no dry season, warm summer",26,Cold,Europe,"[30, 60)"
Landcover-768955,50.425597,25.791123,Landcover,Settlement,Urban areas,Urban: Suburban,train,Dfb,"Cold, no dry season, warm summer",26,Cold,Europe,"[30, 60)"
Landcover-768961,40.634539,-73.9874,Landcover,Settlement,Urban areas,Urban: Centre,train,Dfa,"Cold, no dry season, hot summer",25,Cold,North America,"[30, 60)"
Landcover-768969,41.335196,117.718168,Landcover,Settlement,Urban areas,Urban: Suburban,train,Dwa,"Cold, dry winter, hot summer",21,Cold,Asia,"[30, 60)"
Landcover-768983,53.466381,58.95806,Landcover,Settlement,Urban areas,Rural: Low Dens,train,Dfb,"Cold, no dry season, warm summer",26,Cold,Europe,"[30, 60)"
Landcover-769000,49.82372,31.825037,Landcover,Settlement,Urban areas,Rural: cluster,train,Dfb,"Cold, no dry season, warm summer",26,Cold,Europe,"[30, 60)"
Landcover-769015,38.275547,116.849626,Landcover,Settlement,Urban areas,Urban: Centre,train,Dwa,"Cold, dry winter, hot summer",21,Cold,Asia,"[30, 60)"
Landcover-769019,37.823053,-122.286286,Landcover,Settlement,Urban areas,Urban: Centre,val,Csb,"Temperate, dry summer, warm summer",9,Temperate,North America,"[30, 60)"
Landcover-769024,-49.973856,-68.909651,Landcover,Settlement,Urban areas,Urban: Dense,test,BWk,"Arid, desert, cold",5,Arid,South America,"[-60, -30)"
Landcover-769026,45.205492,4.031602,Landcover,Settlement,Urban areas,Rural: Low Dens,train,Cfb,"Temperate, no dry season, warm summer",15,Temperate,Europe,"[30, 60)"
Landcover-769031,41.449657,-82.730811,Landcover,Settlement,Urban areas,Urban: Dense,train,Dfa,"Cold, no dry season, hot summer",25,Cold,North America,"[30, 60)"
Landcover-769046,42.301713,-83.235614,Landcover,Settlement,Urban areas,Urban: Centre,train,Dfa,"Cold, no dry season, hot summer",25,Cold,North America,"[30, 60)"
Landcover-769048,12.916649,80.172333,Landcover,Settlement,Urban areas,Urban: Centre,train,Aw,"Tropical, savannah",3,Tropical,Asia,"[10, 30)"
Landcover-769065,0.599207,24.715534,Landcover,Settlement,Urban areas,Urban: Dense,train,Af,"Tropical, rainforest",1,Tropical,Africa,"[-10, 10)"
Landcover-769074,47.154734,13.737692,Landcover,Settlement,Urban areas,Rural: cluster,val,Dfc,"Cold, no dry season, cold summer",27,Cold,Europe,"[30, 60)"
Landcover-769082,49.478872,34.586482,Landcover,Settlement,Urban areas,Rural: Low Dens,train,Dfb,"Cold, no dry season, warm summer",26,Cold,Europe,"[30, 60)"
Landcover-769085,-24.968684,25.313905,Landcover,Settlement,Urban areas,Urban: Centre,train,BSh,"Arid, steppe, hot",6,Arid,Africa,"[-30, -10)"
Landcover-769092,-33.303383,117.334881,Landcover,Settlement,Urban areas,Rural: Low Dens,val,Csa,"Temperate, dry summer, hot summer",8,Temperate,Oceania,"[-60, -30)"
Landcover-769096,38.636618,-75.623954,Landcover,Settlement,Urban areas,Urban: Suburban,train,Cfa,"Temperate, no dry season, hot summer",14,Temperate,North America,"[30, 60)"
Landcover-769104,-14.975492,-57.595657,Landcover,Settlement,Urban areas,Rural: Very Low Dens,train,Aw,"Tropical, savannah",3,Tropical,South America,"[-30, -10)"
Landcover-769110,-8.844434,13.312205,Landcover,Settlement,Urban areas,Urban: Centre,train,BSh,"Arid, steppe, hot",6,Arid,Africa,"[-10, 10)"
Landcover-769119,31.774371,117.494902,Landcover,Settlement,Urban areas,Urban: Semi-dense,train,Cfa,"Temperate, no dry season, hot summer",14,Temperate,Asia,"[30, 60)"
Landcover-769123,33.750689,-116.976625,Landcover,Settlement,Urban areas,Urban: Centre,train,BSh,"Arid, steppe, hot",6,Arid,North America,"[30, 60)"
Landcover-769132,31.989278,-81.219353,Landcover,Settlement,Urban areas,Rural: Very Low Dens,train,Cfa,"Temperate, no dry season, hot summer",14,Temperate,North America,"[30, 60)"
Landcover-769145,35.86848,-95.52267,Landcover,Settlement,Urban areas,Rural: Very Low Dens,train,Cfa,"Temperate, no dry season, hot summer",14,Temperate,North America,"[30, 60)"
Landcover-769157,55.994838,40.02521,Landcover,Settlement,Urban areas,Urban: Semi-dense,train,Dfb,"Cold, no dry season, warm summer",26,Cold,Europe,"[30, 60)"
Landcover-769158,57.265683,103.744163,Landcover,Settlement,Urban areas,Rural: Low Dens,train,Dfc,"Cold, no dry season, cold summer",27,Cold,Europe,"[30, 60)"
Landcover-769161,43.551513,7.123949,Landcover,Settlement,Urban areas,Urban: Suburban,train,Csa,"Temperate, dry summer, hot summer",8,Temperate,Europe,"[30, 60)"
Landcover-769168,46.548641,-119.545572,Landcover,Settlement,Urban areas,Rural: Very Low Dens,train,BWk,"Arid, desert, cold",5,Arid,North America,"[30, 60)"
Landcover-769183,37.558441,59.31998,Landcover,Settlement,Urban areas,Rural: cluster,train,BWk,"Arid, desert, cold",5,Arid,Asia,"[30, 60)"
Landcover-769186,44.920294,-123.052731,Landcover,Settlement,Urban areas,Urban: Centre,train,Csb,"Temperate, dry summer, warm summer",9,Temperate,North America,"[30, 60)"
Landcover-769190,56.207763,33.495093,Landcover,Settlement,Urban areas,Rural: cluster,train,Dfb,"Cold, no dry season, warm summer",26,Cold,Europe,"[30, 60)"
Landcover-769191,41.527484,-81.614105,Landcover,Settlement,Urban areas,Urban: Centre,train,Dfa,"Cold, no dry season, hot summer",25,Cold,North America,"[30, 60)"
Landcover-769196,48.71002,25.644918,Landcover,Settlement,Urban areas,Rural: Very Low Dens,train,Dfb,"Cold, no dry season, warm summer",26,Cold,Europe,"[30, 60)"
Landcover-769201,45.499844,8.989817,Landcover,Settlement,Urban areas,Urban: Dense,train,Cfa,"Temperate, no dry season, hot summer",14,Temperate,Europe,"[30, 60)"
Landcover-769202,49.330979,39.389735,Landcover,Settlement,Urban areas,Rural: Low Dens,train,Dfa,"Cold, no dry season, hot summer",25,Cold,Europe,"[30, 60)"
Landcover-769203,31.257723,121.635571,Landcover,Settlement,Urban areas,Urban: Centre,train,Cfa,"Temperate, no dry season, hot summer",14,Temperate,Asia,"[30, 60)"
Landcover-769210,40.109917,-82.825342,Landcover,Settlement,Urban areas,Rural: Low Dens,train,Dfa,"Cold, no dry season, hot summer",25,Cold,North America,"[30, 60)"
Landcover-769212,59.891179,11.553082,Landcover,Settlement,Urban areas,Rural: cluster,train,Dfc,"Cold, no dry season, cold summer",27,Cold,Europe,"[30, 60)"
Landcover-769227,30.93138,76.832561,Landcover,Settlement,Urban areas,Urban: Centre,train,Cwa,"Temperate, dry winter, hot summer",11,Temperate,Asia,"[30, 60)"
Landcover-769240,25.705215,-80.384044,Landcover,Settlement,Urban areas,Urban: Centre,test,Am,"Tropical, monsoon",2,Tropical,North America,"[10, 30)"
Landcover-769241,30.520586,-86.473518,Landcover,Settlement,Urban areas,Urban: Dense,train,Cfa,"Temperate, no dry season, hot summer",14,Temperate,North America,"[30, 60)"
Landcover-769245,43.401553,-3.820917,Landcover,Settlement,Urban areas,Rural: Low Dens,test,Cfb,"Temperate, no dry season, warm summer",15,Temperate,Europe,"[30, 60)"
Landcover-769246,33.962161,118.270562,Landcover,Settlement,Urban areas,Urban: Centre,val,Cwa,"Temperate, dry winter, hot summer",11,Temperate,Asia,"[30, 60)"
Landcover-769259,49.065949,2.672494,Landcover,Settlement,Urban areas,Urban: Semi-dense,val,Cfb,"Temperate, no dry season, warm summer",15,Temperate,Europe,"[30, 60)"
Landcover-769283,17.695072,74.003842,Landcover,Settlement,Urban areas,Urban: Centre,train,Aw,"Tropical, savannah",3,Tropical,Asia,"[10, 30)"
Landcover-769284,51.738652,18.552922,Landcover,Settlement,Urban areas,Rural: Low Dens,train,Dfb,"Cold, no dry season, warm summer",26,Cold,Europe,"[30, 60)"
Landcover-769296,7.39882,3.743904,Landcover,Settlement,Urban areas,Urban: Dense,train,Aw,"Tropical, savannah",3,Tropical,Africa,"[-10, 10)"
Landcover-769300,41.932024,25.501525,Landcover,Settlement,Urban areas,Rural: cluster,train,Cfa,"Temperate, no dry season, hot summer",14,Temperate,Europe,"[30, 60)"
Landcover-769305,43.979575,25.317034,Landcover,Settlement,Urban areas,Urban: Dense,train,Dfa,"Cold, no dry season, hot summer",25,Cold,Europe,"[30, 60)"
Landcover-769308,35.002456,109.406297,Landcover,Settlement,Urban areas,Urban: Suburban,train,Dwa,"Cold, dry winter, hot summer",21,Cold,Asia,"[30, 60)"
Landcover-769312,41.739921,-81.257904,Landcover,Settlement,Urban areas,Urban: Suburban,train,Dfa,"Cold, no dry season, hot summer",25,Cold,North America,"[30, 60)"
Landcover-769313,41.026264,71.845435,Landcover,Settlement,Urban areas,Urban: Centre,val,BWk,"Arid, desert, cold",5,Arid,Asia,"[30, 60)"
Landcover-769317,-34.052239,150.808171,Landcover,Settlement,Urban areas,Urban: Centre,train,Cfa,"Temperate, no dry season, hot summer",14,Temperate,Oceania,"[-60, -30)"
Landcover-769321,23.695052,90.53755,Landcover,Settlement,Urban areas,Urban: Centre,test,Aw,"Tropical, savannah",3,Tropical,Asia,"[10, 30)"
Landcover-769323,43.814079,10.894234,Landcover,Settlement,Urban areas,Rural: Low Dens,train,Csa,"Temperate, dry summer, hot summer",8,Temperate,Europe,"[30, 60)"
Landcover-769325,53.38332,10.555361,Landcover,Settlement,Urban areas,Urban: Dense,train,Cfb,"Temperate, no dry season, warm summer",15,Temperate,Europe,"[30, 60)"
Landcover-769326,27.715961,-114.882137,Landcover,Settlement,Urban areas,Rural: Very Low Dens,train,BWh,"Arid, desert, hot",4,Arid,North America,"[10, 30)"
Landcover-769329,-22.950156,-43.610661,Landcover,Settlement,Urban areas,Urban: Centre,val,Aw,"Tropical, savannah",3,Tropical,South America,"[-30, -10)"
Landcover-769333,30.502792,114.374167,Landcover,Settlement,Urban areas,Urban: Centre,train,Cfa,"Temperate, no dry season, hot summer",14,Temperate,Asia,"[30, 60)"
Landcover-769347,-38.708864,-62.401252,Landcover,Settlement,Urban areas,Urban: Dense,train,BSk,"Arid, steppe, cold",7,Arid,South America,"[-60, -30)"
Landcover-769356,39.006926,117.447965,Landcover,Settlement,Urban areas,Rural: Low Dens,test,Dwa,"Cold, dry winter, hot summer",21,Cold,Asia,"[30, 60)"
Landcover-769361,44.661531,4.75862,Landcover,Settlement,Urban areas,Rural: cluster,train,Csa,"Temperate, dry summer, hot summer",8,Temperate,Europe,"[30, 60)"
Landcover-769369,39.366078,-74.42149,Landcover,Settlement,Urban areas,Water,val,Cfa,"Temperate, no dry season, hot summer",14,Temperate,North America,"[30, 60)"
Landcover-769378,13.012104,77.750749,Landcover,Settlement,Urban areas,Urban: Suburban,train,BSh,"Arid, steppe, hot",6,Arid,Asia,"[10, 30)"
Landcover-769387,51.433326,16.159539,Landcover,Settlement,Urban areas,Rural: Low Dens,train,Dfb,"Cold, no dry season, warm summer",26,Cold,Europe,"[30, 60)"
Landcover-769404,50.733181,25.37695,Landcover,Settlement,Urban areas,Urban: Suburban,train,Dfb,"Cold, no dry season, warm summer",26,Cold,Europe,"[30, 60)"
Landcover-769418,47.683515,11.578791,Landcover,Settlement,Urban areas,Urban: Semi-dense,train,Dfb,"Cold, no dry season, warm summer",26,Cold,Europe,"[30, 60)"
Landcover-769428,38.110161,140.030648,Landcover,Settlement,Urban areas,Urban: Dense,train,Dfa,"Cold, no dry season, hot summer",25,Cold,Asia,"[30, 60)"
Landcover-769446,52.109656,20.726699,Landcover,Settlement,Urban areas,Rural: Low Dens,train,Dfb,"Cold, no dry season, warm summer",26,Cold,Europe,"[30, 60)"
Landcover-769452,21.142461,-100.323225,Landcover,Settlement,Urban areas,Rural: Very Low Dens,train,BSk,"Arid, steppe, cold",7,Arid,North America,"[10, 30)"
Landcover-769464,49.197189,15.710201,Landcover,Settlement,Urban areas,Rural: Very Low Dens,train,Dfb,"Cold, no dry season, warm summer",26,Cold,Europe,"[30, 60)"
Landcover-769472,59.250747,10.91789,Landcover,Settlement,Urban areas,Urban: Suburban,train,Dfb,"Cold, no dry season, warm summer",26,Cold,Europe,"[30, 60)"
Landcover-769473,23.171488,72.822339,Landcover,Settlement,Urban areas,Rural: cluster,train,BSh,"Arid, steppe, hot",6,Arid,Asia,"[10, 30)"
Landcover-769482,39.052695,115.583029,Landcover,Settlement,Urban areas,Urban: Suburban,train,Dwa,"Cold, dry winter, hot summer",21,Cold,Asia,"[30, 60)"
Landcover-769486,37.442383,15.048107,Landcover,Settlement,Urban areas,Rural: Very Low Dens,train,Csa,"Temperate, dry summer, hot summer",8,Temperate,Europe,"[30, 60)"
Landcover-769492,26.69792,-81.849161,Landcover,Settlement,Urban areas,Water,train,Aw,"Tropical, savannah",3,Tropical,North America,"[10, 30)"
Landcover-769501,50.131211,19.429998,Landcover,Settlement,Urban areas,Rural: Low Dens,train,Dfb,"Cold, no dry season, warm summer",26,Cold,Europe,"[30, 60)"
Landcover-769502,33.885653,-94.82797,Landcover,Settlement,Urban areas,Rural: cluster,train,Cfa,"Temperate, no dry season, hot summer",14,Temperate,North America,"[30, 60)"
Landcover-769506,7.967119,-74.053154,Landcover,Settlement,Urban areas,Rural: cluster,train,Am,"Tropical, monsoon",2,Tropical,South America,"[-10, 10)"
Landcover-769514,46.409431,47.997912,Landcover,Settlement,Urban areas,Urban: Centre,train,BWk,"Arid, desert, cold",5,Arid,Europe,"[30, 60)"
Landcover-769524,52.502001,103.948107,Landcover,Settlement,Urban areas,Rural: Very Low Dens,train,Dwc,"Cold, dry winter, cold summer",23,Cold,Europe,"[30, 60)"
Landcover-769527,50.275931,8.340928,Landcover,Settlement,Urban areas,Rural: Very Low Dens,train,Dfb,"Cold, no dry season, warm summer",26,Cold,Europe,"[30, 60)"
Landcover-769529,24.118789,115.793304,Landcover,Settlement,Urban areas,Urban: Dense,val,Cwa,"Temperate, dry winter, hot summer",11,Temperate,Asia,"[10, 30)"
Landcover-769539,43.433424,-4.041197,Landcover,Settlement,Urban areas,Rural: Low Dens,train,Cfb,"Temperate, no dry season, warm summer",15,Temperate,Europe,"[30, 60)"
Landcover-769563,33.926457,-118.074132,Landcover,Settlement,Urban areas,Urban: Centre,train,Csa,"Temperate, dry summer, hot summer",8,Temperate,North America,"[30, 60)"
Landcover-769567,39.438402,78.194865,Landcover,Settlement,Urban areas,Rural: cluster,train,BWk,"Arid, desert, cold",5,Arid,Asia,"[30, 60)"
Landcover-769585,39.192144,-76.823864,Landcover,Settlement,Urban areas,Urban: Centre,train,Cfa,"Temperate, no dry season, hot summer",14,Temperate,North America,"[30, 60)"
Landcover-769598,10.207345,-64.703856,Landcover,Settlement,Urban areas,Urban: Centre,test,BSh,"Arid, steppe, hot",6,Arid,South America,"[10, 30)"
Landcover-769603,42.093078,-71.633296,Landcover,Settlement,Urban areas,Urban: Semi-dense,train,Dfa,"Cold, no dry season, hot summer",25,Cold,North America,"[30, 60)"
Landcover-769614,12.261015,-2.360156,Landcover,Settlement,Urban areas,Urban: Centre,test,BSh,"Arid, steppe, hot",6,Arid,Africa,"[10, 30)"
Landcover-769617,50.43542,10.723659,Landcover,Settlement,Urban areas,Urban: Semi-dense,train,Dfb,"Cold, no dry season, warm summer",26,Cold,Europe,"[30, 60)"
Landcover-769621,35.492362,51.066177,Landcover,Settlement,Urban areas,Urban: Dense,test,BSk,"Arid, steppe, cold",7,Arid,Asia,"[30, 60)"
Landcover-769627,28.358,-81.426501,Landcover,Settlement,Urban areas,Urban: Centre,train,Cfa,"Temperate, no dry season, hot summer",14,Temperate,North America,"[10, 30)"
Landcover-769629,-9.560963,16.326403,Landcover,Settlement,Urban areas,Urban: Centre,train,Aw,"Tropical, savannah",3,Tropical,Africa,"[-10, 10)"
Landcover-769641,-33.257872,-70.754169,Landcover,Settlement,Urban areas,Rural: Low Dens,train,Csb,"Temperate, dry summer, warm summer",9,Temperate,South America,"[-60, -30)"
Landcover-769647,45.874682,15.82602,Landcover,Settlement,Urban areas,Rural: Low Dens,train,Dfb,"Cold, no dry season, warm summer",26,Cold,Europe,"[30, 60)"
Landcover-769662,51.990092,41.1513,Landcover,Settlement,Urban areas,Urban: Suburban,train,Dfb,"Cold, no dry season, warm summer",26,Cold,Europe,"[30, 60)"
Landcover-769666,41.121964,108.253595,Landcover,Settlement,Urban areas,Urban: Centre,train,BWk,"Arid, desert, cold",5,Arid,Asia,"[30, 60)"
Landcover-769669,45.505167,8.857114,Landcover,Settlement,Urban areas,Urban: Suburban,train,Cfa,"Temperate, no dry season, hot summer",14,Temperate,Europe,"[30, 60)"
Landcover-769673,69.370186,20.025711,Landcover,Settlement,Urban areas,Water,train,Dfc,"Cold, no dry season, cold summer",27,Cold,Europe,"[60, 90)"
Landcover-769675,35.694536,-5.330653,Landcover,Settlement,Urban areas,Urban: Dense,train,Csa,"Temperate, dry summer, hot summer",8,Temperate,Africa,"[30, 60)"
Landcover-769676,54.521627,-1.286222,Landcover,Settlement,Urban areas,Rural: Low Dens,train,Cfb,"Temperate, no dry season, warm summer",15,Temperate,Europe,"[30, 60)"
Landcover-769685,37.454222,114.596687,Landcover,Settlement,Urban areas,Rural: Low Dens,train,BSk,"Arid, steppe, cold",7,Arid,Asia,"[30, 60)"
Landcover-769706,-7.54283,110.741013,Landcover,Settlement,Urban areas,Urban: Centre,train,Am,"Tropical, monsoon",2,Tropical,Asia,"[-10, 10)"
Landcover-769715,39.728072,64.560951,Landcover,Settlement,Urban areas,Urban: Suburban,train,BWk,"Arid, desert, cold",5,Arid,Asia,"[30, 60)"
Landcover-769720,54.978995,33.346042,Landcover,Settlement,Urban areas,Rural: Low Dens,train,Dfb,"Cold, no dry season, warm summer",26,Cold,Europe,"[30, 60)"
Landcover-769752,29.931682,-95.357119,Landcover,Settlement,Urban areas,Urban: Centre,train,Cfa,"Temperate, no dry season, hot summer",14,Temperate,North America,"[10, 30)"
Landcover-769754,27.92644,-97.179345,Landcover,Settlement,Urban areas,Urban: Semi-dense,train,Cfa,"Temperate, no dry season, hot summer",14,Temperate,North America,"[10, 30)"
Landcover-769757,53.588139,21.51737,Landcover,Settlement,Urban areas,Water,test,Dfb,"Cold, no dry season, warm summer",26,Cold,Europe,"[30, 60)"
Landcover-769766,60.611605,6.426042,Landcover,Settlement,Urban areas,Rural: Very Low Dens,train,Dfc,"Cold, no dry season, cold summer",27,Cold,Europe,"[60, 90)"
Landcover-769772,37.761337,127.226068,Landcover,Settlement,Urban areas,Urban: Centre,test,Dwa,"Cold, dry winter, hot summer",21,Cold,Asia,"[30, 60)"
Landcover-769781,6.943818,79.925221,Landcover,Settlement,Urban areas,Urban: Centre,test,Af,"Tropical, rainforest",1,Tropical,Asia,"[-10, 10)"
Landcover-769793,40.302425,71.506318,Landcover,Settlement,Urban areas,Urban: Dense,train,BWk,"Arid, desert, cold",5,Arid,Asia,"[30, 60)"
Landcover-769795,42.471933,-71.151228,Landcover,Settlement,Urban areas,Urban: Centre,train,Dfa,"Cold, no dry season, hot summer",25,Cold,North America,"[30, 60)"
Landcover-769800,41.167229,121.456705,Landcover,Settlement,Urban areas,Rural: Low Dens,train,Dwa,"Cold, dry winter, hot summer",21,Cold,Asia,"[30, 60)"
Landcover-769809,42.04793,59.397947,Landcover,Settlement,Urban areas,Rural: Low Dens,val,BWk,"Arid, desert, cold",5,Arid,Asia,"[30, 60)"
Landcover-769811,41.533656,-90.492342,Landcover,Settlement,Urban areas,Urban: Centre,train,Dfa,"Cold, no dry season, hot summer",25,Cold,North America,"[30, 60)"
Landcover-769830,27.540963,109.969963,Landcover,Settlement,Urban areas,Urban: Centre,train,Cfa,"Temperate, no dry season, hot summer",14,Temperate,Asia,"[10, 30)"
Landcover-769837,49.883104,34.011389,Landcover,Settlement,Urban areas,Rural: cluster,train,Dfb,"Cold, no dry season, warm summer",26,Cold,Europe,"[30, 60)"
Landcover-769844,7.192157,80.105162,Landcover,Settlement,Urban areas,Urban: Dense,train,Af,"Tropical, rainforest",1,Tropical,Asia,"[-10, 10)"
Landcover-769848,51.390767,11.862097,Landcover,Settlement,Urban areas,Rural: cluster,train,Dfb,"Cold, no dry season, warm summer",26,Cold,Europe,"[30, 60)"
Landcover-769850,41.846945,2.2409,Landcover,Settlement,Urban areas,Rural: Low Dens,train,Cfb,"Temperate, no dry season, warm summer",15,Temperate,Europe,"[30, 60)"
Landcover-769851,26.674831,-82.060671,Landcover,Settlement,Urban areas,Urban: Suburban,train,Aw,"Tropical, savannah",3,Tropical,North America,"[10, 30)"
Landcover-769852,-7.666784,-36.875675,Landcover,Settlement,Urban areas,Rural: Low Dens,val,BSh,"Arid, steppe, hot",6,Arid,South America,"[-10, 10)"
Landcover-769855,36.138363,114.046527,Landcover,Settlement,Urban areas,Rural: Low Dens,val,Dwa,"Cold, dry winter, hot summer",21,Cold,Asia,"[30, 60)"
Landcover-769859,-15.440058,28.241914,Landcover,Settlement,Urban areas,Urban: Centre,train,Cwa,"Temperate, dry winter, hot summer",11,Temperate,Africa,"[-30, -10)"
Landcover-769862,46.771772,23.592299,Landcover,Settlement,Urban areas,Urban: Centre,train,Dfb,"Cold, no dry season, warm summer",26,Cold,Europe,"[30, 60)"
Landcover-769874,19.374697,72.895163,Landcover,Settlement,Urban areas,Urban: Dense,test,Am,"Tropical, monsoon",2,Tropical,Asia,"[10, 30)"
Landcover-769876,53.308941,-9.002948,Landcover,Settlement,Urban areas,Rural: Low Dens,train,Cfb,"Temperate, no dry season, warm summer",15,Temperate,Europe,"[30, 60)"
Landcover-769879,50.004802,24.363845,Landcover,Settlement,Urban areas,Rural: Very Low Dens,train,Dfb,"Cold, no dry season, warm summer",26,Cold,Europe,"[30, 60)"
Landcover-769881,44.142584,-79.880321,Landcover,Settlement,Urban areas,Rural: Very Low Dens,val,Dfb,"Cold, no dry season, warm summer",26,Cold,North America,"[30, 60)"
Landcover-769902,-31.290479,-64.317863,Landcover,Settlement,Urban areas,Urban: Centre,train,Cwa,"Temperate, dry winter, hot summer",11,Temperate,South America,"[-60, -30)"
Landcover-769921,32.048159,120.880649,Landcover,Settlement,Urban areas,Urban: Centre,train,Cfa,"Temperate, no dry season, hot summer",14,Temperate,Asia,"[30, 60)"
Landcover-769928,10.738287,106.670548,Landcover,Settlement,Urban areas,Urban: Centre,train,Aw,"Tropical, savannah",3,Tropical,Asia,"[10, 30)"
Landcover-769931,44.767672,39.868133,Landcover,Settlement,Urban areas,Urban: Dense,train,Cfa,"Temperate, no dry season, hot summer",14,Temperate,Europe,"[30, 60)"
Landcover-769944,28.541695,-82.526804,Landcover,Settlement,Urban areas,Rural: Low Dens,train,Cfa,"Temperate, no dry season, hot summer",14,Temperate,North America,"[10, 30)"
Landcover-769947,14.166269,100.615892,Landcover,Settlement,Urban areas,Urban: Suburban,train,Aw,"Tropical, savannah",3,Tropical,Asia,"[10, 30)"
Landcover-769948,50.076729,20.069703,Landcover,Settlement,Urban areas,Urban: Centre,train,Dfb,"Cold, no dry season, warm summer",26,Cold,Europe,"[30, 60)"
Landcover-769949,-37.560927,144.730238,Landcover,Settlement,Urban areas,Urban: Suburban,train,Cfb,"Temperate, no dry season, warm summer",15,Temperate,Oceania,"[-60, -30)"
Landcover-769950,-23.02177,-43.487808,Landcover,Settlement,Urban areas,Urban: Centre,train,Aw,"Tropical, savannah",3,Tropical,South America,"[-30, -10)"
Landcover-769954,34.477305,114.298368,Landcover,Settlement,Urban areas,Rural: Low Dens,train,Cwa,"Temperate, dry winter, hot summer",11,Temperate,Asia,"[30, 60)"
Landcover-769966,41.245846,31.984675,Landcover,Settlement,Urban areas,Urban: Suburban,train,Cfb,"Temperate, no dry season, warm summer",15,Temperate,Asia,"[30, 60)"
Landcover-769970,42.884154,-80.752554,Landcover,Settlement,Urban areas,Urban: Suburban,train,Dfb,"Cold, no dry season, warm summer",26,Cold,North America,"[30, 60)"
Landcover-769978,45.216056,-93.620402,Landcover,Settlement,Urban areas,Urban: Semi-dense,train,Dfa,"Cold, no dry season, hot summer",25,Cold,North America,"[30, 60)"
Landcover-769979,45.277172,36.182868,Landcover,Settlement,Urban areas,Rural: Low Dens,train,BSk,"Arid, steppe, cold",7,Arid,Europe,"[30, 60)"
Landcover-769981,38.821659,115.500301,Landcover,Settlement,Urban areas,Urban: Centre,train,BSk,"Arid, steppe, cold",7,Arid,Asia,"[30, 60)"
Landcover-769991,30.376881,113.460682,Landcover,Settlement,Urban areas,Urban: Centre,train,Cfa,"Temperate, no dry season, hot summer",14,Temperate,Asia,"[30, 60)"
Landcover-769997,39.868041,-83.072112,Landcover,Settlement,Urban areas,Urban: Suburban,train,Dfa,"Cold, no dry season, hot summer",25,Cold,North America,"[30, 60)"
Landcover-769999,-2.313048,-80.860322,Landcover,Settlement,Urban areas,Rural: Low Dens,train,BWh,"Arid, desert, hot",4,Arid,South America,"[-10, 10)"
Landcover-770000,12.531297,-8.023689,Landcover,Settlement,Urban areas,Urban: Centre,train,Aw,"Tropical, savannah",3,Tropical,Africa,"[10, 30)"
Landcover-770005,41.133021,121.133863,Landcover,Settlement,Urban areas,Urban: Centre,train,Dwa,"Cold, dry winter, hot summer",21,Cold,Asia,"[30, 60)"
Landcover-770006,0.477459,32.615248,Landcover,Settlement,Urban areas,Rural: cluster,train,Af,"Tropical, rainforest",1,Tropical,Africa,"[-10, 10)"
Landcover-770013,-33.432374,-70.606598,Landcover,Settlement,Urban areas,Urban: Centre,train,Csa,"Temperate, dry summer, hot summer",8,Temperate,South America,"[-60, -30)"
Landcover-770019,-14.750273,-50.569765,Landcover,Settlement,Urban areas,Rural: Very Low Dens,train,Aw,"Tropical, savannah",3,Tropical,South America,"[-30, -10)"
Landcover-770021,39.754476,-8.929813,Landcover,Settlement,Urban areas,Urban: Dense,train,Csb,"Temperate, dry summer, warm summer",9,Temperate,Europe,"[30, 60)"
Landcover-770023,46.770243,130.354441,Landcover,Settlement,Urban areas,Urban: Suburban,train,Dwa,"Cold, dry winter, hot summer",21,Cold,Asia,"[30, 60)"
Landcover-770024,49.099425,2.53795,Landcover,Settlement,Urban areas,Urban: Suburban,train,Cfb,"Temperate, no dry season, warm summer",15,Temperate,Europe,"[30, 60)"
Landcover-770025,50.596942,-113.898112,Landcover,Settlement,Urban areas,Urban: Semi-dense,train,Dfb,"Cold, no dry season, warm summer",26,Cold,North America,"[30, 60)"
Landcover-770031,34.260826,-118.86341,Landcover,Settlement,Urban areas,Rural: Very Low Dens,train,Csa,"Temperate, dry summer, hot summer",8,Temperate,North America,"[30, 60)"
Landcover-770032,36.656607,140.675519,Landcover,Settlement,Urban areas,Urban: Suburban,train,Cfa,"Temperate, no dry season, hot summer",14,Temperate,Asia,"[30, 60)"
Landcover-770033,50.804723,6.89383,Landcover,Settlement,Urban areas,Urban: Suburban,val,Cfb,"Temperate, no dry season, warm summer",15,Temperate,Europe,"[30, 60)"
Landcover-770046,36.807309,114.872119,Landcover,Settlement,Urban areas,Urban: Suburban,train,BSk,"Arid, steppe, cold",7,Arid,Asia,"[30, 60)"
Landcover-770048,45.412333,4.374691,Landcover,Settlement,Urban areas,Rural: Very Low Dens,train,Cfb,"Temperate, no dry season, warm summer",15,Temperate,Europe,"[30, 60)"
Landcover-770063,50.078298,8.540564,Landcover,Settlement,Urban areas,Urban: Suburban,train,Cfb,"Temperate, no dry season, warm summer",15,Temperate,Europe,"[30, 60)"
Landcover-770075,40.558022,110.53208,Landcover,Settlement,Urban areas,Urban: Centre,train,BSk,"Arid, steppe, cold",7,Arid,Asia,"[30, 60)"
Landcover-770080,18.73127,-90.906058,Landcover,Settlement,Urban areas,Rural: Very Low Dens,val,Aw,"Tropical, savannah",3,Tropical,North America,"[10, 30)"
Landcover-770085,34.025431,-84.599112,Landcover,Settlement,Urban areas,Urban: Centre,train,Cfa,"Temperate, no dry season, hot summer",14,Temperate,North America,"[30, 60)"
Landcover-770096,48.08707,37.775832,Landcover,Settlement,Urban areas,Urban: Suburban,train,Dfb,"Cold, no dry season, warm summer",26,Cold,Europe,"[30, 60)"
Landcover-770099,38.75945,-9.114193,Landcover,Settlement,Urban areas,Urban: Centre,train,Csa,"Temperate, dry summer, hot summer",8,Temperate,Europe,"[30, 60)"
Landcover-770101,44.987023,16.735036,Landcover,Settlement,Urban areas,Urban: Dense,train,Cfa,"Temperate, no dry season, hot summer",14,Temperate,Europe,"[30, 60)"
Landcover-770115,35.324286,119.431835,Landcover,Settlement,Urban areas,Urban: Suburban,val,Dwa,"Cold, dry winter, hot summer",21,Cold,Asia,"[30, 60)"
Landcover-770137,35.064891,138.361144,Landcover,Settlement,Urban areas,Urban: Suburban,train,Cfa,"Temperate, no dry season, hot summer",14,Temperate,Asia,"[30, 60)"
Landcover-770154,-25.190514,-50.811588,Landcover,Settlement,Urban areas,Rural: Very Low Dens,train,Cfb,"Temperate, no dry season, warm summer",15,Temperate,South America,"[-30, -10)"
Landcover-770156,43.268824,28.031694,Landcover,Settlement,Urban areas,Water,train,BSk,"Arid, steppe, cold",7,Arid,Europe,"[30, 60)"
Landcover-770157,33.161644,115.46827,Landcover,Settlement,Urban areas,Urban: Suburban,train,Cwa,"Temperate, dry winter, hot summer",11,Temperate,Asia,"[30, 60)"
Landcover-770160,33.427822,-82.14821,Landcover,Settlement,Urban areas,Urban: Semi-dense,val,Cfa,"Temperate, no dry season, hot summer",14,Temperate,North America,"[30, 60)"
Landcover-770165,34.545394,118.770435,Landcover,Settlement,Urban areas,Urban: Centre,train,Dwa,"Cold, dry winter, hot summer",21,Cold,Asia,"[30, 60)"
Landcover-770166,46.824657,34.368458,Landcover,Settlement,Urban areas,Rural: Very Low Dens,train,BSk,"Arid, steppe, cold",7,Arid,Europe,"[30, 60)"
Landcover-770170,-27.462307,153.186984,Landcover,Settlement,Urban areas,Rural: Low Dens,train,Cfa,"Temperate, no dry season, hot summer",14,Temperate,Oceania,"[-30, -10)"
Landcover-770179,57.986374,53.009369,Landcover,Settlement,Urban areas,Urban: Dense,train,Dfb,"Cold, no dry season, warm summer",26,Cold,Europe,"[30, 60)"
Landcover-770186,32.888117,35.422759,Landcover,Settlement,Urban areas,Urban: Semi-dense,train,Csa,"Temperate, dry summer, hot summer",8,Temperate,Asia,"[30, 60)"
Landcover-770190,42.610373,-83.351742,Landcover,Settlement,Urban areas,Urban: Dense,train,Dfa,"Cold, no dry season, hot summer",25,Cold,North America,"[30, 60)"
Landcover-770198,-24.652755,25.946974,Landcover,Settlement,Urban areas,Urban: Suburban,train,BSh,"Arid, steppe, hot",6,Arid,Africa,"[-30, -10)"
Landcover-770201,25.10496,118.532934,Landcover,Settlement,Urban areas,Urban: Suburban,train,Cwa,"Temperate, dry winter, hot summer",11,Temperate,Asia,"[10, 30)"
Landcover-770203,37.011419,-94.740792,Landcover,Settlement,Urban areas,Rural: Low Dens,train,Cfa,"Temperate, no dry season, hot summer",14,Temperate,North America,"[30, 60)"
Landcover-770206,-35.494981,-72.522575,Landcover,Settlement,Urban areas,Rural: cluster,train,Csb,"Temperate, dry summer, warm summer",9,Temperate,South America,"[-60, -30)"
Landcover-770220,44.243948,21.186108,Landcover,Settlement,Urban areas,Urban: Semi-dense,train,Dfb,"Cold, no dry season, warm summer",26,Cold,Europe,"[30, 60)"
Landcover-770233,-38.461426,145.299944,Landcover,Settlement,Urban areas,Water,train,Cfb,"Temperate, no dry season, warm summer",15,Temperate,Oceania,"[-60, -30)"
Landcover-770236,51.046123,5.170722,Landcover,Settlement,Urban areas,Urban: Dense,train,Cfb,"Temperate, no dry season, warm summer",15,Temperate,Europe,"[30, 60)"
Landcover-770251,34.326667,108.982813,Landcover,Settlement,Urban areas,Urban: Centre,train,BSk,"Arid, steppe, cold",7,Arid,Asia,"[30, 60)"
Landcover-770255,45.191449,25.758506,Landcover,Settlement,Urban areas,Rural: Low Dens,train,Dfb,"Cold, no dry season, warm summer",26,Cold,Europe,"[30, 60)"
Landcover-770263,34.819745,136.98414,Landcover,Settlement,Urban areas,Water,test,Cfa,"Temperate, no dry season, hot summer",14,Temperate,Asia,"[30, 60)"
Landcover-770265,27.949972,42.021836,Landcover,Settlement,Urban areas,Rural: Very Low Dens,train,BWh,"Arid, desert, hot",4,Arid,Asia,"[10, 30)"
Landcover-770267,45.189838,10.793541,Landcover,Settlement,Urban areas,Urban: Suburban,train,Cfa,"Temperate, no dry season, hot summer",14,Temperate,Europe,"[30, 60)"
Landcover-770280,28.181173,-80.597383,Landcover,Settlement,Urban areas,Water,train,Cfa,"Temperate, no dry season, hot summer",14,Temperate,North America,"[10, 30)"
Landcover-770288,49.823245,73.117345,Landcover,Settlement,Urban areas,Urban: Centre,train,BSk,"Arid, steppe, cold",7,Arid,Asia,"[30, 60)"
Landcover-770313,42.37346,-77.689946,Landcover,Settlement,Urban areas,Rural: Low Dens,train,Dfb,"Cold, no dry season, warm summer",26,Cold,North America,"[30, 60)"
Landcover-770317,50.419492,16.687838,Landcover,Settlement,Urban areas,Rural: Low Dens,train,Dfb,"Cold, no dry season, warm summer",26,Cold,Europe,"[30, 60)"
Landcover-770323,-23.540923,-46.527492,Landcover,Settlement,Urban areas,Urban: Centre,train,Cfa,"Temperate, no dry season, hot summer",14,Temperate,South America,"[-30, -10)"
Landcover-770326,41.353744,-83.129422,Landcover,Settlement,Urban areas,Urban: Dense,val,Dfa,"Cold, no dry season, hot summer",25,Cold,North America,"[30, 60)"
Landcover-770330,35.010976,136.07995,Landcover,Settlement,Urban areas,Urban: Dense,val,Cfa,"Temperate, no dry season, hot summer",14,Temperate,Asia,"[30, 60)"
Landcover-770347,19.07343,73.067821,Landcover,Settlement,Urban areas,Urban: Centre,train,Am,"Tropical, monsoon",2,Tropical,Asia,"[10, 30)"
Landcover-770352,34.673395,118.827686,Landcover,Settlement,Urban areas,Urban: Semi-dense,train,Dwa,"Cold, dry winter, hot summer",21,Cold,Asia,"[30, 60)"
Landcover-770355,53.626739,9.904253,Landcover,Settlement,Urban areas,Urban: Centre,train,Cfb,"Temperate, no dry season, warm summer",15,Temperate,Europe,"[30, 60)"
Landcover-770359,49.739856,34.962767,Landcover,Settlement,Urban areas,Rural: Very Low Dens,train,Dfb,"Cold, no dry season, warm summer",26,Cold,Europe,"[30, 60)"
Landcover-770370,-33.113787,-60.563614,Landcover,Settlement,Urban areas,Rural: Very Low Dens,train,Cfa,"Temperate, no dry season, hot summer",14,Temperate,South America,"[-60, -30)"
Landcover-770371,-32.188083,-64.482771,Landcover,Settlement,Urban areas,Rural: Low Dens,val,Cwa,"Temperate, dry winter, hot summer",11,Temperate,South America,"[-60, -30)"
Landcover-770381,26.008077,-80.315862,Landcover,Settlement,Urban areas,Urban: Centre,train,Am,"Tropical, monsoon",2,Tropical,North America,"[10, 30)"
Landcover-770383,59.84581,29.990828,Landcover,Settlement,Urban areas,Urban: Suburban,train,Dfb,"Cold, no dry season, warm summer",26,Cold,Europe,"[30, 60)"
Landcover-770384,51.45386,20.470597,Landcover,Settlement,Urban areas,Urban: Semi-dense,test,Dfb,"Cold, no dry season, warm summer",26,Cold,Europe,"[30, 60)"
Landcover-770387,30.337168,-97.692766,Landcover,Settlement,Urban areas,Urban: Centre,train,Cfa,"Temperate, no dry season, hot summer",14,Temperate,North America,"[30, 60)"
Landcover-770388,29.598806,-95.218764,Landcover,Settlement,Urban areas,Urban: Centre,val,Cfa,"Temperate, no dry season, hot summer",14,Temperate,North America,"[10, 30)"
Landcover-770391,-19.203067,146.683591,Landcover,Settlement,Urban areas,Rural: Very Low Dens,test,Aw,"Tropical, savannah",3,Tropical,Oceania,"[-30, -10)"
Landcover-770393,37.70975,-122.398606,Landcover,Settlement,Urban areas,Water,train,Csb,"Temperate, dry summer, warm summer",9,Temperate,North America,"[30, 60)"
Landcover-770397,21.3607,-97.692663,Landcover,Settlement,Urban areas,Urban: Dense,train,Aw,"Tropical, savannah",3,Tropical,North America,"[10, 30)"
Landcover-770403,20.634565,-103.348422,Landcover,Settlement,Urban areas,Urban: Centre,train,Cwa,"Temperate, dry winter, hot summer",11,Temperate,North America,"[10, 30)"
Landcover-770409,33.537191,-112.173102,Landcover,Settlement,Urban areas,Urban: Centre,train,BWh,"Arid, desert, hot",4,Arid,North America,"[30, 60)"
Landcover-770421,-12.00748,-76.820945,Landcover,Settlement,Urban areas,Rural: Low Dens,train,BWk,"Arid, desert, cold",5,Arid,South America,"[-30, -10)"
Landcover-770428,52.533309,17.623073,Landcover,Settlement,Urban areas,Urban: Suburban,val,Dfb,"Cold, no dry season, warm summer",26,Cold,Europe,"[30, 60)"
Landcover-770431,53.344251,6.916607,Landcover,Settlement,Urban areas,Urban: Dense,val,Cfb,"Temperate, no dry season, warm summer",15,Temperate,Europe,"[30, 60)"
Landcover-770441,19.09252,72.914457,Landcover,Settlement,Urban areas,Urban: Centre,train,Am,"Tropical, monsoon",2,Tropical,Asia,"[10, 30)"
Landcover-770444,46.390127,-75.969329,Landcover,Settlement,Urban areas,Rural: Low Dens,train,Dfb,"Cold, no dry season, warm summer",26,Cold,North America,"[30, 60)"
Landcover-770446,23.622284,85.667191,Landcover,Settlement,Urban areas,Urban: Centre,train,Aw,"Tropical, savannah",3,Tropical,Asia,"[10, 30)"
Landcover-770448,23.748611,86.38477,Landcover,Settlement,Urban areas,Urban: Centre,train,Aw,"Tropical, savannah",3,Tropical,Asia,"[10, 30)"
Landcover-770453,32.320108,-102.550894,Landcover,Settlement,Urban areas,Rural: Low Dens,val,BSk,"Arid, steppe, cold",7,Arid,North America,"[30, 60)"
Landcover-770459,-9.414663,-61.985256,Landcover,Settlement,Urban areas,Rural: Very Low Dens,train,Am,"Tropical, monsoon",2,Tropical,South America,"[-10, 10)"
Landcover-770474,37.445715,117.594528,Landcover,Settlement,Urban areas,Rural: cluster,train,Dwa,"Cold, dry winter, hot summer",21,Cold,Asia,"[30, 60)"
Landcover-770484,23.050406,120.247137,Landcover,Settlement,Urban areas,Urban: Centre,train,Aw,"Tropical, savannah",3,Tropical,Asia,"[10, 30)"
Landcover-770495,13.853282,109.067431,Landcover,Settlement,Urban areas,Urban: Dense,train,Aw,"Tropical, savannah",3,Tropical,Asia,"[10, 30)"
Landcover-770506,32.775102,-96.577896,Landcover,Settlement,Urban areas,Urban: Centre,train,Cfa,"Temperate, no dry season, hot summer",14,Temperate,North America,"[30, 60)"
Landcover-770507,29.969013,-7.556772,Landcover,Settlement,Urban areas,Rural: Very Low Dens,train,BWh,"Arid, desert, hot",4,Arid,Africa,"[10, 30)"
Landcover-770509,26.775814,74.961351,Landcover,Settlement,Urban areas,Rural: Low Dens,val,BSh,"Arid, steppe, hot",6,Arid,Asia,"[10, 30)"
Landcover-770516,49.507005,8.44304,Landcover,Settlement,Urban areas,Urban: Centre,test,Cfb,"Temperate, no dry season, warm summer",15,Temperate,Europe,"[30, 60)"
Landcover-770525,23.770555,102.394,Landcover,Settlement,Urban areas,Urban: Suburban,train,Cwa,"Temperate, dry winter, hot summer",11,Temperate,Asia,"[10, 30)"
Landcover-770529,49.15114,9.118669,Landcover,Settlement,Urban areas,Urban: Dense,train,Cfb,"Temperate, no dry season, warm summer",15,Temperate,Europe,"[30, 60)"
Landcover-770541,39.230897,117.822675,Landcover,Settlement,Urban areas,Water,train,Dwa,"Cold, dry winter, hot summer",21,Cold,Asia,"[30, 60)"
Landcover-770543,36.828509,-119.712306,Landcover,Settlement,Urban areas,Urban: Centre,train,BSk,"Arid, steppe, cold",7,Arid,North America,"[30, 60)"
Landcover-770544,-22.671583,-47.615416,Landcover,Settlement,Urban areas,Rural: Low Dens,train,Cfa,"Temperate, no dry season, hot summer",14,Temperate,South America,"[-30, -10)"
Landcover-770555,53.340604,-6.443963,Landcover,Settlement,Urban areas,Urban: Centre,val,Cfb,"Temperate, no dry season, warm summer",15,Temperate,Europe,"[30, 60)"
Landcover-770556,38.409583,-75.063901,Landcover,Settlement,Urban areas,Water,train,Cfa,"Temperate, no dry season, hot summer",14,Temperate,North America,"[30, 60)"
Landcover-770557,-5.327413,-49.094304,Landcover,Settlement,Urban areas,Urban: Centre,train,Am,"Tropical, monsoon",2,Tropical,South America,"[-10, 10)"
Landcover-770564,39.26623,-74.598739,Landcover,Settlement,Urban areas,Water,test,Cfa,"Temperate, no dry season, hot summer",14,Temperate,North America,"[30, 60)"
Landcover-770572,42.10351,-71.343548,Landcover,Settlement,Urban areas,Urban: Semi-dense,train,Dfa,"Cold, no dry season, hot summer",25,Cold,North America,"[30, 60)"
Landcover-770574,49.59972,37.641157,Landcover,Settlement,Urban areas,Rural: Very Low Dens,train,Dfb,"Cold, no dry season, warm summer",26,Cold,Europe,"[30, 60)"
Landcover-770580,40.465612,-88.102301,Landcover,Settlement,Urban areas,Rural: cluster,train,Dfa,"Cold, no dry season, hot summer",25,Cold,North America,"[30, 60)"
Landcover-770582,43.594335,124.250743,Landcover,Settlement,Urban areas,Rural: cluster,train,Dwa,"Cold, dry winter, hot summer",21,Cold,Asia,"[30, 60)"
Landcover-770583,30.279955,-91.232424,Landcover,Settlement,Urban areas,Urban: Semi-dense,train,Cfa,"Temperate, no dry season, hot summer",14,Temperate,North America,"[30, 60)"
Landcover-770586,50.302677,8.249622,Landcover,Settlement,Urban areas,Urban: Dense,train,Cfb,"Temperate, no dry season, warm summer",15,Temperate,Europe,"[30, 60)"
Landcover-770588,50.977596,7.004995,Landcover,Settlement,Urban areas,Urban: Centre,train,Cfb,"Temperate, no dry season, warm summer",15,Temperate,Europe,"[30, 60)"
Landcover-770591,45.337058,10.089016,Landcover,Settlement,Urban areas,Rural: Very Low Dens,train,Cfa,"Temperate, no dry season, hot summer",14,Temperate,Europe,"[30, 60)"
Landcover-770594,48.470613,9.22275,Landcover,Settlement,Urban areas,Urban: Centre,train,Dfb,"Cold, no dry season, warm summer",26,Cold,Europe,"[30, 60)"
Landcover-770595,50.176947,8.694641,Landcover,Settlement,Urban areas,Urban: Suburban,val,Cfb,"Temperate, no dry season, warm summer",15,Temperate,Europe,"[30, 60)"
Landcover-770597,46.680221,32.582393,Landcover,Settlement,Urban areas,Urban: Centre,train,BSk,"Arid, steppe, cold",7,Arid,Europe,"[30, 60)"
Landcover-770606,-30.917845,-55.539399,Landcover,Settlement,Urban areas,Urban: Centre,train,Cfa,"Temperate, no dry season, hot summer",14,Temperate,South America,"[-60, -30)"
Landcover-770611,22.641806,-101.718091,Landcover,Settlement,Urban areas,Urban: Dense,train,BSk,"Arid, steppe, cold",7,Arid,North America,"[10, 30)"
Landcover-770614,40.702854,140.461387,Landcover,Settlement,Urban areas,Urban: Semi-dense,test,Dfa,"Cold, no dry season, hot summer",25,Cold,Asia,"[30, 60)"
Landcover-770617,46.275328,14.31436,Landcover,Settlement,Urban areas,Urban: Suburban,train,Dfb,"Cold, no dry season, warm summer",26,Cold,Europe,"[30, 60)"
Landcover-770621,49.076879,3.536883,Landcover,Settlement,Urban areas,Rural: Very Low Dens,test,Cfb,"Temperate, no dry season, warm summer",15,Temperate,Europe,"[30, 60)"
Landcover-770624,29.964668,-81.312852,Landcover,Settlement,Urban areas,Water,train,Cfa,"Temperate, no dry season, hot summer",14,Temperate,North America,"[10, 30)"
Landcover-770626,51.528738,-3.332237,Landcover,Settlement,Urban areas,Rural: cluster,test,Cfb,"Temperate, no dry season, warm summer",15,Temperate,Europe,"[30, 60)"
Landcover-770627,-30.037538,-70.511482,Landcover,Settlement,Urban areas,Rural: Very Low Dens,train,BWk,"Arid, desert, cold",5,Arid,South America,"[-60, -30)"
Landcover-770630,42.530783,-114.483271,Landcover,Settlement,Urban areas,Rural: Low Dens,train,BWk,"Arid, desert, cold",5,Arid,North America,"[30, 60)"
Landcover-770641,33.001741,112.56386,Landcover,Settlement,Urban areas,Urban: Centre,val,Cwa,"Temperate, dry winter, hot summer",11,Temperate,Asia,"[30, 60)"
Landcover-770643,38.570149,-90.23821,Landcover,Settlement,Urban areas,Rural: Very Low Dens,train,Dfa,"Cold, no dry season, hot summer",25,Cold,North America,"[30, 60)"
Landcover-770650,5.449472,-4.178926,Landcover,Settlement,Urban areas,Rural: Very Low Dens,train,Am,"Tropical, monsoon",2,Tropical,Africa,"[-10, 10)"
Landcover-770656,-14.853136,-59.649945,Landcover,Settlement,Urban areas,Rural: Very Low Dens,test,Aw,"Tropical, savannah",3,Tropical,South America,"[-30, -10)"
Landcover-770707,42.949257,47.563395,Landcover,Settlement,Urban areas,Urban: Centre,val,BSk,"Arid, steppe, cold",7,Arid,Europe,"[30, 60)"
Landcover-770709,38.21395,140.317433,Landcover,Settlement,Urban areas,Urban: Centre,train,Dfa,"Cold, no dry season, hot summer",25,Cold,Asia,"[30, 60)"
Landcover-770715,18.29036,-99.464769,Landcover,Settlement,Urban areas,Rural: Low Dens,train,Aw,"Tropical, savannah",3,Tropical,North America,"[10, 30)"
Landcover-770723,30.571155,104.263315,Landcover,Settlement,Urban areas,Urban: Centre,train,Cwa,"Temperate, dry winter, hot summer",11,Temperate,Asia,"[30, 60)"
Landcover-770726,40.605686,-74.001395,Landcover,Settlement,Urban areas,Urban: Centre,train,Dfa,"Cold, no dry season, hot summer",25,Cold,North America,"[30, 60)"
Landcover-770728,-12.69035,-43.179037,Landcover,Settlement,Urban areas,Rural: Very Low Dens,train,Aw,"Tropical, savannah",3,Tropical,South America,"[-30, -10)"
Landcover-770730,-29.704579,-51.189445,Landcover,Settlement,Urban areas,Urban: Suburban,train,Cfa,"Temperate, no dry season, hot summer",14,Temperate,South America,"[-30, -10)"
Landcover-770735,50.719836,3.86243,Landcover,Settlement,Urban areas,Urban: Suburban,test,Cfb,"Temperate, no dry season, warm summer",15,Temperate,Europe,"[30, 60)"
Landcover-770738,-8.551273,116.648471,Landcover,Settlement,Urban areas,Rural: cluster,train,Aw,"Tropical, savannah",3,Tropical,Asia,"[-10, 10)"
Landcover-770743,34.299422,134.135235,Landcover,Settlement,Urban areas,Urban: Centre,train,Cfa,"Temperate, no dry season, hot summer",14,Temperate,Asia,"[30, 60)"
Landcover-770748,-19.989451,148.219126,Landcover,Settlement,Urban areas,Urban: Semi-dense,train,Aw,"Tropical, savannah",3,Tropical,Oceania,"[-30, -10)"
Landcover-770753,45.454223,-73.469645,Landcover,Settlement,Urban areas,Urban: Centre,train,Dfb,"Cold, no dry season, warm summer",26,Cold,North America,"[30, 60)"
Landcover-770774,40.935868,113.117357,Landcover,Settlement,Urban areas,Urban: Suburban,test,BSk,"Arid, steppe, cold",7,Arid,Asia,"[30, 60)"
Landcover-770776,-25.917271,-54.591581,Landcover,Settlement,Urban areas,Urban: Semi-dense,train,Cfa,"Temperate, no dry season, hot summer",14,Temperate,South America,"[-30, -10)"
Landcover-770794,19.407604,-98.911613,Landcover,Settlement,Urban areas,Urban: Centre,val,Cwb,"Temperate, dry winter, warm summer",12,Temperate,North America,"[10, 30)"
Landcover-770797,30.633283,114.049547,Landcover,Settlement,Urban areas,Rural: Low Dens,train,Cfa,"Temperate, no dry season, hot summer",14,Temperate,Asia,"[30, 60)"
Landcover-770802,47.246567,17.327077,Landcover,Settlement,Urban areas,Rural: Very Low Dens,train,Dfb,"Cold, no dry season, warm summer",26,Cold,Europe,"[30, 60)"
Landcover-770806,37.73545,126.761673,Landcover,Settlement,Urban areas,Urban: Centre,train,Dwa,"Cold, dry winter, hot summer",21,Cold,Asia,"[30, 60)"
Landcover-770840,39.807362,117.936664,Landcover,Settlement,Urban areas,Urban: Suburban,train,Dwa,"Cold, dry winter, hot summer",21,Cold,Asia,"[30, 60)"
Landcover-770845,18.629802,-68.740969,Landcover,Settlement,Urban areas,Urban: Centre,train,Af,"Tropical, rainforest",1,Tropical,North America,"[10, 30)"
Landcover-770846,42.025133,12.376031,Landcover,Settlement,Urban areas,Urban: Suburban,train,Csa,"Temperate, dry summer, hot summer",8,Temperate,Europe,"[30, 60)"
Landcover-770855,29.932601,121.51233,Landcover,Settlement,Urban areas,Urban: Centre,train,Cfa,"Temperate, no dry season, hot summer",14,Temperate,Asia,"[10, 30)"
Landcover-770872,53.811978,-1.636518,Landcover,Settlement,Urban areas,Urban: Centre,train,Cfb,"Temperate, no dry season, warm summer",15,Temperate,Europe,"[30, 60)"
Landcover-770884,44.850558,24.866646,Landcover,Settlement,Urban areas,Urban: Centre,train,Dfa,"Cold, no dry season, hot summer",25,Cold,Europe,"[30, 60)"
Landcover-770886,31.656582,-106.427056,Landcover,Settlement,Urban areas,Urban: Centre,val,BWk,"Arid, desert, cold",5,Arid,North America,"[30, 60)"
Landcover-770888,20.861909,-77.997209,Landcover,Settlement,Urban areas,Rural: Very Low Dens,train,Aw,"Tropical, savannah",3,Tropical,North America,"[10, 30)"
Landcover-770889,54.938754,60.761423,Landcover,Settlement,Urban areas,Rural: cluster,test,Dfb,"Cold, no dry season, warm summer",26,Cold,Europe,"[30, 60)"
Landcover-770893,53.833252,-2.235349,Landcover,Settlement,Urban areas,Urban: Centre,val,Cfb,"Temperate, no dry season, warm summer",15,Temperate,Europe,"[30, 60)"
Landcover-770902,40.824024,140.788499,Landcover,Settlement,Urban areas,Urban: Centre,train,Dfa,"Cold, no dry season, hot summer",25,Cold,Asia,"[30, 60)"
Landcover-770919,-18.897276,-41.983354,Landcover,Settlement,Urban areas,Urban: Centre,test,Aw,"Tropical, savannah",3,Tropical,South America,"[-30, -10)"
Landcover-770920,25.785789,100.125986,Landcover,Settlement,Urban areas,Urban: Suburban,train,Cwb,"Temperate, dry winter, warm summer",12,Temperate,Asia,"[10, 30)"
Landcover-770937,50.551919,4.181702,Landcover,Settlement,Urban areas,Urban: Suburban,train,Cfb,"Temperate, no dry season, warm summer",15,Temperate,Europe,"[30, 60)"
Landcover-770940,46.219616,27.66645,Landcover,Settlement,Urban areas,Urban: Suburban,train,Dfa,"Cold, no dry season, hot summer",25,Cold,Europe,"[30, 60)"
Landcover-770954,47.883702,27.064757,Landcover,Settlement,Urban areas,Rural: cluster,val,Dfb,"Cold, no dry season, warm summer",26,Cold,Europe,"[30, 60)"
Landcover-770957,35.213033,114.258017,Landcover,Settlement,Urban areas,Urban: Suburban,train,Dwa,"Cold, dry winter, hot summer",21,Cold,Asia,"[30, 60)"
Landcover-770964,51.309746,7.100642,Landcover,Settlement,Urban areas,Rural: Very Low Dens,train,Cfb,"Temperate, no dry season, warm summer",15,Temperate,Europe,"[30, 60)"
Landcover-770976,42.029933,-93.625021,Landcover,Settlement,Urban areas,Urban: Centre,train,Dfa,"Cold, no dry season, hot summer",25,Cold,North America,"[30, 60)"
Landcover-770989,-16.001273,-72.49657,Landcover,Settlement,Urban areas,Rural: cluster,val,BWh,"Arid, desert, hot",4,Arid,South America,"[-30, -10)"
Landcover-771042,56.10348,30.473688,Landcover,Settlement,Urban areas,Rural: Low Dens,train,Dfb,"Cold, no dry season, warm summer",26,Cold,Europe,"[30, 60)"
Landcover-771052,41.184063,114.851323,Landcover,Settlement,Urban areas,Rural: cluster,train,Dwb,"Cold, dry winter, warm summer",22,Cold,Asia,"[30, 60)"
Landcover-771059,-17.30719,-48.284729,Landcover,Settlement,Urban areas,Urban: Suburban,train,Aw,"Tropical, savannah",3,Tropical,South America,"[-30, -10)"
Landcover-771067,48.390799,13.880376,Landcover,Settlement,Urban areas,Rural: Very Low Dens,train,Dfb,"Cold, no dry season, warm summer",26,Cold,Europe,"[30, 60)"
Landcover-771074,36.510603,139.919397,Landcover,Settlement,Urban areas,Urban: Dense,train,Cfa,"Temperate, no dry season, hot summer",14,Temperate,Asia,"[30, 60)"
Landcover-771094,-26.106633,28.017879,Landcover,Settlement,Urban areas,Urban: Centre,train,Cwb,"Temperate, dry winter, warm summer",12,Temperate,Africa,"[-30, -10)"
Landcover-771131,48.228861,37.874104,Landcover,Settlement,Urban areas,Rural: Low Dens,train,Dfa,"Cold, no dry season, hot summer",25,Cold,Europe,"[30, 60)"
Landcover-771134,36.910183,7.419732,Landcover,Settlement,Urban areas,Urban: Semi-dense,train,Csa,"Temperate, dry summer, hot summer",8,Temperate,Africa,"[30, 60)"
Landcover-771139,53.654981,10.060494,Landcover,Settlement,Urban areas,Urban: Centre,train,Cfb,"Temperate, no dry season, warm summer",15,Temperate,Europe,"[30, 60)"
Landcover-771142,14.909128,120.68426,Landcover,Settlement,Urban areas,Rural: Low Dens,train,Aw,"Tropical, savannah",3,Tropical,Asia,"[10, 30)"
Landcover-771145,-7.420621,108.645645,Landcover,Settlement,Urban areas,Urban: Suburban,train,Af,"Tropical, rainforest",1,Tropical,Asia,"[-10, 10)"
Landcover-771156,36.841997,-119.740015,Landcover,Settlement,Urban areas,Urban: Centre,train,BSk,"Arid, steppe, cold",7,Arid,North America,"[30, 60)"
Landcover-771157,40.838558,29.352873,Landcover,Settlement,Urban areas,Urban: Centre,train,Csa,"Temperate, dry summer, hot summer",8,Temperate,Asia,"[30, 60)"
Landcover-771158,32.197654,48.248319,Landcover,Settlement,Urban areas,Rural: Very Low Dens,train,BSh,"Arid, steppe, hot",6,Arid,Asia,"[30, 60)"
Landcover-771178,40.171051,127.627854,Landcover,Settlement,Urban areas,Rural: cluster,train,Dwb,"Cold, dry winter, warm summer",22,Cold,Asia,"[30, 60)"
Landcover-771200,-32.990034,151.599153,Landcover,Settlement,Urban areas,Urban: Suburban,train,Cfa,"Temperate, no dry season, hot summer",14,Temperate,Oceania,"[-60, -30)"
Landcover-771211,32.501352,119.973552,Landcover,Settlement,Urban areas,Urban: Centre,train,Cfa,"Temperate, no dry season, hot summer",14,Temperate,Asia,"[30, 60)"
Landcover-771231,36.628423,119.618068,Landcover,Settlement,Urban areas,Urban: Semi-dense,val,Dwa,"Cold, dry winter, hot summer",21,Cold,Asia,"[30, 60)"
Landcover-771250,49.473902,25.894618,Landcover,Settlement,Urban areas,Rural: cluster,train,Dfb,"Cold, no dry season, warm summer",26,Cold,Europe,"[30, 60)"
Landcover-771259,46.167831,30.371428,Landcover,Settlement,Urban areas,Water,train,BSk,"Arid, steppe, cold",7,Arid,Europe,"[30, 60)"
Landcover-771267,40.153639,116.371808,Landcover,Settlement,Urban areas,Urban: Dense,train,Dwa,"Cold, dry winter, hot summer",21,Cold,Asia,"[30, 60)"
Landcover-771270,42.348948,119.285527,Landcover,Settlement,Urban areas,Rural: Low Dens,train,BSk,"Arid, steppe, cold",7,Arid,Asia,"[30, 60)"
Landcover-771273,36.608993,138.182503,Landcover,Settlement,Urban areas,Urban: Centre,train,Cfa,"Temperate, no dry season, hot summer",14,Temperate,Asia,"[30, 60)"
Landcover-771274,40.054891,113.203966,Landcover,Settlement,Urban areas,Urban: Centre,train,BSk,"Arid, steppe, cold",7,Arid,Asia,"[30, 60)"
Landcover-771275,40.676796,-74.20808,Landcover,Settlement,Urban areas,Urban: Centre,train,Dfa,"Cold, no dry season, hot summer",25,Cold,North America,"[30, 60)"
Landcover-771287,5.509188,95.267523,Landcover,Settlement,Urban areas,Urban: Suburban,train,Af,"Tropical, rainforest",1,Tropical,Asia,"[-10, 10)"
Landcover-771293,49.154294,16.989217,Landcover,Settlement,Urban areas,Urban: Semi-dense,train,Dfb,"Cold, no dry season, warm summer",26,Cold,Europe,"[30, 60)"
Landcover-771300,-22.962216,-42.917935,Landcover,Settlement,Urban areas,Urban: Dense,test,Am,"Tropical, monsoon",2,Tropical,South America,"[-30, -10)"
Landcover-771310,33.535962,-117.146216,Landcover,Settlement,Urban areas,Urban: Centre,train,BSh,"Arid, steppe, hot",6,Arid,North America,"[30, 60)"
Landcover-771315,49.657421,3.285715,Landcover,Settlement,Urban areas,Rural: Low Dens,train,Cfb,"Temperate, no dry season, warm summer",15,Temperate,Europe,"[30, 60)"
Landcover-771322,41.461725,13.666457,Landcover,Settlement,Urban areas,Urban: Semi-dense,test,Csa,"Temperate, dry summer, hot summer",8,Temperate,Europe,"[30, 60)"
Landcover-771333,21.511422,111.296609,Landcover,Settlement,Urban areas,Urban: Centre,train,Cwa,"Temperate, dry winter, hot summer",11,Temperate,Asia,"[10, 30)"
Landcover-771336,-23.020621,-47.018141,Landcover,Settlement,Urban areas,Rural: Low Dens,train,Cfa,"Temperate, no dry season, hot summer",14,Temperate,South America,"[-30, -10)"
Landcover-771339,42.726958,-83.232154,Landcover,Settlement,Urban areas,Urban: Suburban,train,Dfa,"Cold, no dry season, hot summer",25,Cold,North America,"[30, 60)"
Landcover-771344,33.879165,-117.922836,Landcover,Settlement,Urban areas,Urban: Centre,val,BSh,"Arid, steppe, hot",6,Arid,North America,"[30, 60)"
Landcover-771348,19.680124,-99.072964,Landcover,Settlement,Urban areas,Urban: Centre,train,Cwb,"Temperate, dry winter, warm summer",12,Temperate,North America,"[10, 30)"
Landcover-771354,45.028504,33.621728,Landcover,Settlement,Urban areas,Rural: cluster,train,BSk,"Arid, steppe, cold",7,Arid,Europe,"[30, 60)"
Landcover-771355,50.67755,18.210136,Landcover,Settlement,Urban areas,Urban: Suburban,train,Dfb,"Cold, no dry season, warm summer",26,Cold,Europe,"[30, 60)"
Landcover-771368,45.53267,-122.919005,Landcover,Settlement,Urban areas,Urban: Centre,train,Csb,"Temperate, dry summer, warm summer",9,Temperate,North America,"[30, 60)"
Landcover-771385,42.194045,-71.315968,Landcover,Settlement,Urban areas,Urban: Semi-dense,train,Dfa,"Cold, no dry season, hot summer",25,Cold,North America,"[30, 60)"
Landcover-771389,38.114054,115.354267,Landcover,Settlement,Urban areas,Rural: Low Dens,val,BSk,"Arid, steppe, cold",7,Arid,Asia,"[30, 60)"
Landcover-771396,-23.693588,-46.58793,Landcover,Settlement,Urban areas,Urban: Centre,val,Cfb,"Temperate, no dry season, warm summer",15,Temperate,South America,"[-30, -10)"
Landcover-771400,25.007992,103.2182,Landcover,Settlement,Urban areas,Urban: Suburban,train,Cwa,"Temperate, dry winter, hot summer",11,Temperate,Asia,"[10, 30)"
Landcover-771406,43.757782,26.783026,Landcover,Settlement,Urban areas,Rural: Very Low Dens,train,Dfa,"Cold, no dry season, hot summer",25,Cold,Europe,"[30, 60)"
Landcover-771411,33.495773,126.500176,Landcover,Settlement,Urban areas,Urban: Centre,train,Cfa,"Temperate, no dry season, hot summer",14,Temperate,Asia,"[30, 60)"
Landcover-771419,51.007751,5.493167,Landcover,Settlement,Urban areas,Urban: Dense,train,Cfb,"Temperate, no dry season, warm summer",15,Temperate,Europe,"[30, 60)"
Landcover-771425,-6.561868,106.826409,Landcover,Settlement,Urban areas,Urban: Centre,train,Af,"Tropical, rainforest",1,Tropical,Asia,"[-10, 10)"
Landcover-771433,40.469681,-74.468971,Landcover,Settlement,Urban areas,Urban: Centre,train,Dfa,"Cold, no dry season, hot summer",25,Cold,North America,"[30, 60)"
Landcover-771435,40.693331,29.598697,Landcover,Settlement,Urban areas,Urban: Suburban,train,Csa,"Temperate, dry summer, hot summer",8,Temperate,Asia,"[30, 60)"
Landcover-771442,37.95768,23.628392,Landcover,Settlement,Urban areas,Urban: Centre,test,Csa,"Temperate, dry summer, hot summer",8,Temperate,Europe,"[30, 60)"
Landcover-771443,37.937937,-0.827485,Landcover,Settlement,Urban areas,Rural: Low Dens,train,BWh,"Arid, desert, hot",4,Arid,Europe,"[30, 60)"
Landcover-771451,51.923864,0.924486,Landcover,Settlement,Urban areas,Rural: Low Dens,train,Cfb,"Temperate, no dry season, warm summer",15,Temperate,Europe,"[30, 60)"
Landcover-771455,13.096958,103.197385,Landcover,Settlement,Urban areas,Urban: Centre,train,Aw,"Tropical, savannah",3,Tropical,Asia,"[10, 30)"
Landcover-771461,18.687047,-103.737357,Landcover,Settlement,Urban areas,Rural: Very Low Dens,train,Aw,"Tropical, savannah",3,Tropical,North America,"[10, 30)"
Landcover-771464,43.565847,43.563564,Landcover,Settlement,Urban areas,Rural: Very Low Dens,train,Dfb,"Cold, no dry season, warm summer",26,Cold,Europe,"[30, 60)"
Landcover-771477,56.756792,37.135403,Landcover,Settlement,Urban areas,Urban: Dense,train,Dfb,"Cold, no dry season, warm summer",26,Cold,Europe,"[30, 60)"
Landcover-771480,43.685762,10.478455,Landcover,Settlement,Urban areas,Urban: Dense,train,Csa,"Temperate, dry summer, hot summer",8,Temperate,Europe,"[30, 60)"
Landcover-771484,38.808393,-94.462576,Landcover,Settlement,Urban areas,Urban: Suburban,val,Dfa,"Cold, no dry season, hot summer",25,Cold,North America,"[30, 60)"
Landcover-771485,34.798412,60.509823,Landcover,Settlement,Urban areas,Urban: Semi-dense,train,BSk,"Arid, steppe, cold",7,Arid,Asia,"[30, 60)"
Landcover-771489,57.006383,41.02219,Landcover,Settlement,Urban areas,Urban: Centre,train,Dfb,"Cold, no dry season, warm summer",26,Cold,Europe,"[30, 60)"
Landcover-771497,-4.897769,-80.69389,Landcover,Settlement,Urban areas,Urban: Centre,train,BWh,"Arid, desert, hot",4,Arid,South America,"[-10, 10)"
Landcover-771501,20.455869,-100.615228,Landcover,Settlement,Urban areas,Urban: Suburban,train,BSh,"Arid, steppe, hot",6,Arid,North America,"[10, 30)"
Landcover-771513,38.539574,140.946005,Landcover,Settlement,Urban areas,Urban: Suburban,train,Dfa,"Cold, no dry season, hot summer",25,Cold,Asia,"[30, 60)"
Landcover-771521,49.309497,20.673129,Landcover,Settlement,Urban areas,Urban: Dense,train,Dfb,"Cold, no dry season, warm summer",26,Cold,Europe,"[30, 60)"
Landcover-771531,29.205969,119.44757,Landcover,Settlement,Urban areas,Rural: Low Dens,train,Cfa,"Temperate, no dry season, hot summer",14,Temperate,Asia,"[10, 30)"
Landcover-771536,39.687912,116.114245,Landcover,Settlement,Urban areas,Urban: Dense,train,Dwa,"Cold, dry winter, hot summer",21,Cold,Asia,"[30, 60)"
Landcover-771547,38.07534,45.061287,Landcover,Settlement,Urban areas,Rural: cluster,train,BSk,"Arid, steppe, cold",7,Arid,Asia,"[30, 60)"
Landcover-771550,52.340159,5.52004,Landcover,Settlement,Urban areas,Urban: Dense,train,Cfb,"Temperate, no dry season, warm summer",15,Temperate,Europe,"[30, 60)"
Landcover-771557,45.287831,9.135282,Landcover,Settlement,Urban areas,Rural: cluster,train,Cfa,"Temperate, no dry season, hot summer",14,Temperate,Europe,"[30, 60)"
Landcover-771559,46.074361,40.850244,Landcover,Settlement,Urban areas,Urban: Semi-dense,train,Dfa,"Cold, no dry season, hot summer",25,Cold,Europe,"[30, 60)"
Landcover-771571,-34.79966,-55.889865,Landcover,Settlement,Urban areas,Water,train,Cfa,"Temperate, no dry season, hot summer",14,Temperate,South America,"[-60, -30)"
Landcover-771593,41.397744,71.487099,Landcover,Settlement,Urban areas,Urban: Dense,train,BSk,"Arid, steppe, cold",7,Arid,Asia,"[30, 60)"
Landcover-771598,44.110086,24.556642,Landcover,Settlement,Urban areas,Rural: Low Dens,train,Dfa,"Cold, no dry season, hot summer",25,Cold,Europe,"[30, 60)"
Landcover-771599,-32.785347,26.832121,Landcover,Settlement,Urban areas,Rural: cluster,train,Cfa,"Temperate, no dry season, hot summer",14,Temperate,Africa,"[-60, -30)"
Landcover-771602,49.171679,7.08147,Landcover,Settlement,Urban areas,Rural: cluster,train,Cfb,"Temperate, no dry season, warm summer",15,Temperate,Europe,"[30, 60)"
Landcover-771606,48.948876,2.312971,Landcover,Settlement,Urban areas,Urban: Centre,train,Cfb,"Temperate, no dry season, warm summer",15,Temperate,Europe,"[30, 60)"
Landcover-771612,25.324049,103.11099,Landcover,Settlement,Urban areas,Urban: Suburban,val,Cwb,"Temperate, dry winter, warm summer",12,Temperate,Asia,"[10, 30)"
Landcover-771622,-25.665128,-49.331191,Landcover,Settlement,Urban areas,Urban: Suburban,train,Cfb,"Temperate, no dry season, warm summer",15,Temperate,South America,"[-30, -10)"
Landcover-771624,40.402417,-79.814622,Landcover,Settlement,Urban areas,Urban: Suburban,train,Dfa,"Cold, no dry season, hot summer",25,Cold,North America,"[30, 60)"
Landcover-771631,50.082092,20.012565,Landcover,Settlement,Urban areas,Urban: Centre,train,Dfb,"Cold, no dry season, warm summer",26,Cold,Europe,"[30, 60)"
Landcover-771634,41.331161,-75.788953,Landcover,Settlement,Urban areas,Urban: Suburban,train,Dfa,"Cold, no dry season, hot summer",25,Cold,North America,"[30, 60)"
Landcover-771636,38.454902,141.43649,Landcover,Settlement,Urban areas,Urban: Suburban,train,Cfa,"Temperate, no dry season, hot summer",14,Temperate,Asia,"[30, 60)"
Landcover-771655,43.586311,124.891132,Landcover,Settlement,Urban areas,Urban: Suburban,train,Dwa,"Cold, dry winter, hot summer",21,Cold,Asia,"[30, 60)"
Landcover-771663,30.189504,71.451595,Landcover,Settlement,Urban areas,Urban: Centre,train,BWh,"Arid, desert, hot",4,Arid,Asia,"[30, 60)"
Landcover-771664,36.316755,139.331837,Landcover,Settlement,Urban areas,Urban: Centre,train,Cfa,"Temperate, no dry season, hot summer",14,Temperate,Asia,"[30, 60)"
Landcover-771667,22.646375,88.326233,Landcover,Settlement,Urban areas,Urban: Centre,train,Aw,"Tropical, savannah",3,Tropical,Asia,"[10, 30)"
Landcover-771671,-25.782594,28.266681,Landcover,Settlement,Urban areas,Urban: Centre,train,Cwb,"Temperate, dry winter, warm summer",12,Temperate,Africa,"[-30, -10)"
Landcover-771686,49.961423,2.562455,Landcover,Settlement,Urban areas,Rural: Very Low Dens,train,Cfb,"Temperate, no dry season, warm summer",15,Temperate,Europe,"[30, 60)"
Landcover-771703,34.583823,119.126844,Landcover,Settlement,Urban areas,Urban: Centre,train,Dwa,"Cold, dry winter, hot summer",21,Cold,Asia,"[30, 60)"
Landcover-771704,-35.02216,138.631903,Landcover,Settlement,Urban areas,Rural: Very Low Dens,train,Csb,"Temperate, dry summer, warm summer",9,Temperate,Oceania,"[-60, -30)"
Landcover-771712,24.38514,56.723905,Landcover,Settlement,Urban areas,Urban: Suburban,train,BWh,"Arid, desert, hot",4,Arid,Asia,"[10, 30)"
Landcover-771717,-6.298792,106.495807,Landcover,Settlement,Urban areas,Rural: Low Dens,train,Af,"Tropical, rainforest",1,Tropical,Asia,"[-10, 10)"
Landcover-771724,30.605433,114.116181,Landcover,Settlement,Urban areas,Urban: Centre,train,Cfa,"Temperate, no dry season, hot summer",14,Temperate,Asia,"[30, 60)"
Landcover-771725,47.491814,33.906752,Landcover,Settlement,Urban areas,Rural: Low Dens,train,BSk,"Arid, steppe, cold",7,Arid,Europe,"[30, 60)"
Landcover-771738,-3.902158,-70.521432,Landcover,Settlement,Urban areas,Urban: Dense,train,Af,"Tropical, rainforest",1,Tropical,South America,"[-10, 10)"
Landcover-771743,37.253185,116.344342,Landcover,Settlement,Urban areas,Rural: Low Dens,train,BSk,"Arid, steppe, cold",7,Arid,Asia,"[30, 60)"
Landcover-771757,35.548426,51.516646,Landcover,Settlement,Urban areas,Rural: Very Low Dens,train,BSk,"Arid, steppe, cold",7,Arid,Asia,"[30, 60)"
Landcover-771770,30.139065,-94.162841,Landcover,Settlement,Urban areas,Urban: Suburban,train,Cfa,"Temperate, no dry season, hot summer",14,Temperate,North America,"[30, 60)"
Landcover-771779,44.620716,-79.441494,Landcover,Settlement,Urban areas,Urban: Dense,train,Dfb,"Cold, no dry season, warm summer",26,Cold,North America,"[30, 60)"
Landcover-771785,31.989299,-98.037816,Landcover,Settlement,Urban areas,Rural: Low Dens,train,Cfa,"Temperate, no dry season, hot summer",14,Temperate,North America,"[30, 60)"
Landcover-771787,-23.843362,-46.138537,Landcover,Settlement,Urban areas,Water,train,Af,"Tropical, rainforest",1,Tropical,South America,"[-30, -10)"
Landcover-771794,30.571907,-90.958404,Landcover,Settlement,Urban areas,Urban: Suburban,train,Cfa,"Temperate, no dry season, hot summer",14,Temperate,North America,"[30, 60)"
Landcover-771799,41.137091,1.390614,Landcover,Settlement,Urban areas,Urban: Dense,train,BSk,"Arid, steppe, cold",7,Arid,Europe,"[30, 60)"
Landcover-771808,26.158807,-97.832199,Landcover,Settlement,Urban areas,Urban: Semi-dense,train,BSh,"Arid, steppe, hot",6,Arid,North America,"[10, 30)"
Landcover-771812,29.308676,79.115083,Landcover,Settlement,Urban areas,Rural: Very Low Dens,train,Cwa,"Temperate, dry winter, hot summer",11,Temperate,Asia,"[10, 30)"
Landcover-771816,47.35955,19.030193,Landcover,Settlement,Urban areas,Urban: Dense,train,Dfa,"Cold, no dry season, hot summer",25,Cold,Europe,"[30, 60)"
Landcover-771818,51.415606,-0.268026,Landcover,Settlement,Urban areas,Urban: Centre,train,Cfb,"Temperate, no dry season, warm summer",15,Temperate,Europe,"[30, 60)"
Landcover-771819,32.072535,110.650152,Landcover,Settlement,Urban areas,Rural: cluster,train,Cwa,"Temperate, dry winter, hot summer",11,Temperate,Asia,"[30, 60)"
Landcover-771823,38.677141,-89.984156,Landcover,Settlement,Urban areas,Urban: Suburban,train,Dfa,"Cold, no dry season, hot summer",25,Cold,North America,"[30, 60)"
Landcover-771830,55.545934,9.632103,Landcover,Settlement,Urban areas,Rural: cluster,test,Dfb,"Cold, no dry season, warm summer",26,Cold,Europe,"[30, 60)"
Landcover-771837,49.923181,10.073663,Landcover,Settlement,Urban areas,Rural: Very Low Dens,train,Dfb,"Cold, no dry season, warm summer",26,Cold,Europe,"[30, 60)"
Landcover-771838,39.474476,121.730205,Landcover,Settlement,Urban areas,Rural: Low Dens,train,Dwa,"Cold, dry winter, hot summer",21,Cold,Asia,"[30, 60)"
Landcover-771839,10.530741,77.944843,Landcover,Settlement,Urban areas,Urban: Centre,train,BSh,"Arid, steppe, hot",6,Arid,Asia,"[10, 30)"
Landcover-771842,-2.611576,121.11775,Landcover,Settlement,Urban areas,Rural: cluster,train,Af,"Tropical, rainforest",1,Tropical,Asia,"[-10, 10)"
Landcover-771848,-21.24537,-50.652545,Landcover,Settlement,Urban areas,Urban: Dense,train,Aw,"Tropical, savannah",3,Tropical,South America,"[-30, -10)"
Landcover-771857,50.866763,34.399176,Landcover,Settlement,Urban areas,Rural: Very Low Dens,train,Dfb,"Cold, no dry season, warm summer",26,Cold,Europe,"[30, 60)"
Landcover-771858,50.337336,14.79295,Landcover,Settlement,Urban areas,Rural: Very Low Dens,val,Dfb,"Cold, no dry season, warm summer",26,Cold,Europe,"[30, 60)"
Landcover-771859,44.889418,8.66887,Landcover,Settlement,Urban areas,Urban: Semi-dense,train,Cfa,"Temperate, no dry season, hot summer",14,Temperate,Europe,"[30, 60)"
Landcover-771867,45.651021,122.794974,Landcover,Settlement,Urban areas,Rural: Low Dens,train,Dwa,"Cold, dry winter, hot summer",21,Cold,Asia,"[30, 60)"
Landcover-771883,20.395043,-101.197283,Landcover,Settlement,Urban areas,Urban: Centre,val,Cwa,"Temperate, dry winter, hot summer",11,Temperate,North America,"[10, 30)"
Landcover-771889,53.854721,91.374812,Landcover,Settlement,Urban areas,Urban: Suburban,val,Dwb,"Cold, dry winter, warm summer",22,Cold,Europe,"[30, 60)"
Landcover-771892,31.02435,119.918418,Landcover,Settlement,Urban areas,Urban: Centre,test,Cfa,"Temperate, no dry season, hot summer",14,Temperate,Asia,"[30, 60)"
Landcover-771896,48.581961,35.034557,Landcover,Settlement,Urban areas,Rural: Very Low Dens,train,Dfa,"Cold, no dry season, hot summer",25,Cold,Europe,"[30, 60)"
Landcover-771898,29.537058,106.207393,Landcover,Settlement,Urban areas,Rural: Very Low Dens,train,Cfa,"Temperate, no dry season, hot summer",14,Temperate,Asia,"[10, 30)"
Landcover-771901,56.388118,115.072147,Landcover,Settlement,Urban areas,Rural: Very Low Dens,test,Dwc,"Cold, dry winter, cold summer",23,Cold,Europe,"[30, 60)"
Landcover-771933,36.317723,106.140269,Landcover,Settlement,Urban areas,Rural: cluster,train,BSk,"Arid, steppe, cold",7,Arid,Asia,"[30, 60)"
Landcover-771936,31.024455,120.816383,Landcover,Settlement,Urban areas,Urban: Centre,train,Cfa,"Temperate, no dry season, hot summer",14,Temperate,Asia,"[30, 60)"
Landcover-771942,12.551265,-7.942949,Landcover,Settlement,Urban areas,Rural: Low Dens,unassigned,Aw,"Tropical, savannah",3,Tropical,Africa,"[10, 30)"
Landcover-771950,46.806715,32.80965,Landcover,Settlement,Urban areas,Rural: Low Dens,train,BSk,"Arid, steppe, cold",7,Arid,Europe,"[30, 60)"
Landcover-771965,35.261301,-80.786059,Landcover,Settlement,Urban areas,Urban: Suburban,train,Cfa,"Temperate, no dry season, hot summer",14,Temperate,North America,"[30, 60)"
Landcover-771975,47.817285,33.226056,Landcover,Settlement,Urban areas,Rural: Low Dens,val,BSk,"Arid, steppe, cold",7,Arid,Europe,"[30, 60)"
Landcover-771981,5.247873,-3.928723,Landcover,Settlement,Urban areas,Urban: Centre,train,Ocean/none,outside the land mask,0,Water / unclassified,Africa,"[-10, 10)"
Landcover-771984,35.106088,-78.963001,Landcover,Settlement,Urban areas,Urban: Suburban,val,Cfa,"Temperate, no dry season, hot summer",14,Temperate,North America,"[30, 60)"
Landcover-772003,32.983021,-117.266418,Landcover,Settlement,Urban areas,Urban: Centre,train,BSk,"Arid, steppe, cold",7,Arid,North America,"[30, 60)"
Landcover-772023,39.913589,30.845477,Landcover,Settlement,Urban areas,Rural: Very Low Dens,train,BSk,"Arid, steppe, cold",7,Arid,Asia,"[30, 60)"
Landcover-772026,30.840812,104.221909,Landcover,Settlement,Urban areas,Urban: Centre,train,Cwa,"Temperate, dry winter, hot summer",11,Temperate,Asia,"[30, 60)"
Landcover-772032,48.543881,-123.033606,Landcover,Settlement,Urban areas,Rural: cluster,train,Csb,"Temperate, dry summer, warm summer",9,Temperate,North America,"[30, 60)"
Landcover-772033,32.371902,-90.152419,Landcover,Settlement,Urban areas,Urban: Suburban,train,Cfa,"Temperate, no dry season, hot summer",14,Temperate,North America,"[30, 60)"
Landcover-772052,-37.83625,145.142775,Landcover,Settlement,Urban areas,Urban: Centre,train,Cfb,"Temperate, no dry season, warm summer",15,Temperate,Oceania,"[-60, -30)"
Landcover-772053,46.196026,4.702188,Landcover,Settlement,Urban areas,Rural: Very Low Dens,train,Cfb,"Temperate, no dry season, warm summer",15,Temperate,Europe,"[30, 60)"
Landcover-772055,47.40202,6.487574,Landcover,Settlement,Urban areas,Rural: Low Dens,train,Cfb,"Temperate, no dry season, warm summer",15,Temperate,Europe,"[30, 60)"
Landcover-772058,0.360919,108.95834,Landcover,Settlement,Urban areas,Urban: Dense,test,Af,"Tropical, rainforest",1,Tropical,Asia,"[-10, 10)"
Landcover-772063,48.382965,10.30803,Landcover,Settlement,Urban areas,Rural: cluster,train,Dfb,"Cold, no dry season, warm summer",26,Cold,Europe,"[30, 60)"
Landcover-772074,42.027951,-87.810509,Landcover,Settlement,Urban areas,Urban: Centre,train,Dfa,"Cold, no dry season, hot summer",25,Cold,North America,"[30, 60)"
Landcover-772076,45.083215,-93.186838,Landcover,Settlement,Urban areas,Urban: Centre,train,Dfa,"Cold, no dry season, hot summer",25,Cold,North America,"[30, 60)"
Landcover-772078,30.386596,106.76519,Landcover,Settlement,Urban areas,Urban: Centre,train,Cwa,"Temperate, dry winter, hot summer",11,Temperate,Asia,"[30, 60)"
Landcover-772089,45.571705,-75.431384,Landcover,Settlement,Urban areas,Urban: Semi-dense,train,Dfb,"Cold, no dry season, warm summer",26,Cold,North America,"[30, 60)"
Landcover-772092,-32.336471,115.796738,Landcover,Settlement,Urban areas,Urban: Dense,train,Csa,"Temperate, dry summer, hot summer",8,Temperate,Oceania,"[-60, -30)"
Landcover-772098,39.668259,118.094986,Landcover,Settlement,Urban areas,Urban: Centre,train,Dwa,"Cold, dry winter, hot summer",21,Cold,Asia,"[30, 60)"
Landcover-772101,32.659849,115.61325,Landcover,Settlement,Urban areas,Urban: Centre,train,Cwa,"Temperate, dry winter, hot summer",11,Temperate,Asia,"[30, 60)"
Landcover-772105,33.835066,35.562297,Landcover,Settlement,Urban areas,Urban: Centre,train,Csa,"Temperate, dry summer, hot summer",8,Temperate,Asia,"[30, 60)"
Landcover-772106,45.430233,28.436327,Landcover,Settlement,Urban areas,Rural: Very Low Dens,train,BSk,"Arid, steppe, cold",7,Arid,Europe,"[30, 60)"
Landcover-772107,40.087551,65.369821,Landcover,Settlement,Urban areas,Urban: Centre,train,BSk,"Arid, steppe, cold",7,Arid,Asia,"[30, 60)"
Landcover-772116,-37.789584,145.155625,Landcover,Settlement,Urban areas,Urban: Centre,unassigned,Cfb,"Temperate, no dry season, warm summer",15,Temperate,Oceania,"[-60, -30)"
Landcover-772117,52.1148,49.526889,Landcover,Settlement,Urban areas,Rural: Very Low Dens,train,Dfa,"Cold, no dry season, hot summer",25,Cold,Europe,"[30, 60)"
Landcover-772161,-10.715718,-77.799185,Landcover,Settlement,Urban areas,Rural: Very Low Dens,val,BWh,"Arid, desert, hot",4,Arid,South America,"[-30, -10)"
Landcover-772165,35.947993,8.135992,Landcover,Settlement,Urban areas,Urban: Dense,val,BSk,"Arid, steppe, cold",7,Arid,Africa,"[30, 60)"
Landcover-772167,6.932863,-1.493767,Landcover,Settlement,Urban areas,Urban: Suburban,train,Aw,"Tropical, savannah",3,Tropical,Africa,"[-10, 10)"
Landcover-772171,25.77678,104.514968,Landcover,Settlement,Urban areas,Urban: Suburban,train,Cwb,"Temperate, dry winter, warm summer",12,Temperate,Asia,"[10, 30)"
Landcover-772174,7.673534,-6.961067,Landcover,Settlement,Urban areas,Rural: Very Low Dens,train,Aw,"Tropical, savannah",3,Tropical,Africa,"[-10, 10)"
Landcover-772194,39.676552,119.034138,Landcover,Settlement,Urban areas,Urban: Semi-dense,train,Dwa,"Cold, dry winter, hot summer",21,Cold,Asia,"[30, 60)"
Landcover-772217,5.090372,7.324763,Landcover,Settlement,Urban areas,Urban: Centre,train,Am,"Tropical, monsoon",2,Tropical,Africa,"[-10, 10)"
Landcover-772218,53.964293,-2.013981,Landcover,Settlement,Urban areas,Urban: Suburban,train,Cfb,"Temperate, no dry season, warm summer",15,Temperate,Europe,"[30, 60)"
Landcover-772224,-22.656198,-50.417863,Landcover,Settlement,Urban areas,Urban: Centre,train,Cfa,"Temperate, no dry season, hot summer",14,Temperate,South America,"[-30, -10)"
Landcover-772226,48.031204,122.727145,Landcover,Settlement,Urban areas,Urban: Centre,train,Dwb,"Cold, dry winter, warm summer",22,Cold,Asia,"[30, 60)"
Landcover-772227,-30.38602,-70.602609,Landcover,Settlement,Urban areas,Rural: Very Low Dens,train,BSk,"Arid, steppe, cold",7,Arid,South America,"[-60, -30)"
Landcover-772240,29.002321,77.034288,Landcover,Settlement,Urban areas,Urban: Centre,train,BSh,"Arid, steppe, hot",6,Arid,Asia,"[10, 30)"
Landcover-772248,40.306383,18.137259,Landcover,Settlement,Urban areas,Urban: Suburban,train,Csa,"Temperate, dry summer, hot summer",8,Temperate,Europe,"[30, 60)"
Landcover-772255,38.892912,-90.173466,Landcover,Settlement,Urban areas,Urban: Dense,train,Dfa,"Cold, no dry season, hot summer",25,Cold,North America,"[30, 60)"
Landcover-772262,-34.885554,-58.184349,Landcover,Settlement,Urban areas,Urban: Suburban,train,Cfa,"Temperate, no dry season, hot summer",14,Temperate,South America,"[-60, -30)"
Landcover-772280,48.31175,32.785436,Landcover,Settlement,Urban areas,Rural: Very Low Dens,train,Dfb,"Cold, no dry season, warm summer",26,Cold,Europe,"[30, 60)"
Landcover-772287,23.941607,90.279476,Landcover,Settlement,Urban areas,Urban: Centre,test,Aw,"Tropical, savannah",3,Tropical,Asia,"[10, 30)"
Landcover-772293,41.779023,121.413522,Landcover,Settlement,Urban areas,Urban: Suburban,train,Dwa,"Cold, dry winter, hot summer",21,Cold,Asia,"[30, 60)"
Landcover-772299,32.441732,-94.695528,Landcover,Settlement,Urban areas,Rural: Very Low Dens,train,Cfa,"Temperate, no dry season, hot summer",14,Temperate,North America,"[30, 60)"
Landcover-772300,46.249162,121.917312,Landcover,Settlement,Urban areas,Rural: cluster,train,Dwa,"Cold, dry winter, hot summer",21,Cold,Asia,"[30, 60)"
Landcover-772309,7.8967,-1.777511,Landcover,Settlement,Urban areas,Urban: Dense,train,Aw,"Tropical, savannah",3,Tropical,Africa,"[-10, 10)"
Landcover-772310,4.469547,97.954046,Landcover,Settlement,Urban areas,Urban: Centre,train,Af,"Tropical, rainforest",1,Tropical,Asia,"[-10, 10)"
Landcover-772315,-31.108769,-64.486455,Landcover,Settlement,Urban areas,Urban: Dense,train,Cwb,"Temperate, dry winter, warm summer",12,Temperate,South America,"[-60, -30)"
Landcover-772326,33.662902,-112.31152,Landcover,Settlement,Urban areas,Urban: Centre,val,BWh,"Arid, desert, hot",4,Arid,North America,"[30, 60)"
Landcover-772328,37.482613,112.783044,Landcover,Settlement,Urban areas,Rural: cluster,train,BSk,"Arid, steppe, cold",7,Arid,Asia,"[30, 60)"
Landcover-772334,39.225627,115.630489,Landcover,Settlement,Urban areas,Rural: Low Dens,test,BSk,"Arid, steppe, cold",7,Arid,Asia,"[30, 60)"
Landcover-772339,45.89103,8.703972,Landcover,Settlement,Urban areas,Urban: Semi-dense,train,Cfb,"Temperate, no dry season, warm summer",15,Temperate,Europe,"[30, 60)"
Landcover-772344,34.643371,115.694469,Landcover,Settlement,Urban areas,Rural: Low Dens,train,Dwa,"Cold, dry winter, hot summer",21,Cold,Asia,"[30, 60)"
Landcover-772345,42.287179,-89.126138,Landcover,Settlement,Urban areas,Urban: Centre,train,Dfa,"Cold, no dry season, hot summer",25,Cold,North America,"[30, 60)"
Landcover-772349,4.797219,6.317459,Landcover,Settlement,Urban areas,Rural: Very Low Dens,test,Am,"Tropical, monsoon",2,Tropical,Africa,"[-10, 10)"
Landcover-772361,55.514429,-4.37426,Landcover,Settlement,Urban areas,Rural: cluster,train,Cfb,"Temperate, no dry season, warm summer",15,Temperate,Europe,"[30, 60)"
Landcover-772363,51.596751,-4.019209,Landcover,Settlement,Urban areas,Urban: Dense,train,Cfb,"Temperate, no dry season, warm summer",15,Temperate,Europe,"[30, 60)"
Landcover-772365,35.924722,-86.908387,Landcover,Settlement,Urban areas,Urban: Dense,train,Cfa,"Temperate, no dry season, hot summer",14,Temperate,North America,"[30, 60)"
Landcover-772373,40.712885,22.801197,Landcover,Settlement,Urban areas,Rural: Low Dens,train,BSk,"Arid, steppe, cold",7,Arid,Europe,"[30, 60)"
Landcover-772390,0.774671,127.363055,Landcover,Settlement,Urban areas,Urban: Centre,train,Af,"Tropical, rainforest",1,Tropical,Asia,"[-10, 10)"
Landcover-772399,48.411384,27.474843,Landcover,Settlement,Urban areas,Urban: Semi-dense,val,Dfb,"Cold, no dry season, warm summer",26,Cold,Europe,"[30, 60)"
Landcover-772407,38.47761,-90.358451,Landcover,Settlement,Urban areas,Urban: Centre,train,Dfa,"Cold, no dry season, hot summer",25,Cold,North America,"[30, 60)"
Landcover-772416,53.504293,9.99602,Landcover,Settlement,Urban areas,Urban: Centre,val,Cfb,"Temperate, no dry season, warm summer",15,Temperate,Europe,"[30, 60)"
Landcover-772421,48.089988,37.219631,Landcover,Settlement,Urban areas,Rural: Very Low Dens,train,Dfa,"Cold, no dry season, hot summer",25,Cold,Europe,"[30, 60)"
Landcover-772423,28.080407,-81.734821,Landcover,Settlement,Urban areas,Water,train,Cfa,"Temperate, no dry season, hot summer",14,Temperate,North America,"[10, 30)"
Landcover-772431,34.640023,110.389118,Landcover,Settlement,Urban areas,Rural: Low Dens,train,Dwa,"Cold, dry winter, hot summer",21,Cold,Asia,"[30, 60)"
Landcover-772433,39.401947,115.669646,Landcover,Settlement,Urban areas,Urban: Suburban,train,BSk,"Arid, steppe, cold",7,Arid,Asia,"[30, 60)"
Landcover-772444,41.218737,-73.055237,Landcover,Settlement,Urban areas,Urban: Centre,train,Dfa,"Cold, no dry season, hot summer",25,Cold,North America,"[30, 60)"
Landcover-772458,51.294323,14.113294,Landcover,Settlement,Urban areas,Urban: Semi-dense,train,Dfb,"Cold, no dry season, warm summer",26,Cold,Europe,"[30, 60)"
Landcover-772459,43.401448,45.527633,Landcover,Settlement,Urban areas,Rural: Low Dens,train,BSk,"Arid, steppe, cold",7,Arid,Europe,"[30, 60)"
Landcover-772475,47.594469,-117.564463,Landcover,Settlement,Urban areas,Rural: cluster,train,BSk,"Arid, steppe, cold",7,Arid,North America,"[30, 60)"
Landcover-772489,50.290265,2.030229,Landcover,Settlement,Urban areas,Rural: Very Low Dens,train,Cfb,"Temperate, no dry season, warm summer",15,Temperate,Europe,"[30, 60)"
Landcover-772492,58.935913,5.746741,Landcover,Settlement,Urban areas,Water,train,Cfb,"Temperate, no dry season, warm summer",15,Temperate,Europe,"[30, 60)"
Landcover-772493,33.640222,-117.614985,Landcover,Settlement,Urban areas,Urban: Centre,test,Csa,"Temperate, dry summer, hot summer",8,Temperate,North America,"[30, 60)"
Landcover-772495,16.188304,103.249319,Landcover,Settlement,Urban areas,Rural: Very Low Dens,train,Aw,"Tropical, savannah",3,Tropical,Asia,"[10, 30)"
Landcover-772514,40.81749,-85.808823,Landcover,Settlement,Urban areas,Rural: Very Low Dens,train,Dfa,"Cold, no dry season, hot summer",25,Cold,North America,"[30, 60)"
Landcover-772518,25.865968,-80.182921,Landcover,Settlement,Urban areas,Urban: Centre,train,Am,"Tropical, monsoon",2,Tropical,North America,"[10, 30)"
Landcover-772533,59.756601,17.773458,Landcover,Settlement,Urban areas,Urban: Semi-dense,val,Dfb,"Cold, no dry season, warm summer",26,Cold,Europe,"[30, 60)"
Landcover-772549,7.12843,3.374949,Landcover,Settlement,Urban areas,Urban: Suburban,train,Aw,"Tropical, savannah",3,Tropical,Africa,"[-10, 10)"
Landcover-772556,34.376545,-117.331998,Landcover,Settlement,Urban areas,Rural: Very Low Dens,train,BSk,"Arid, steppe, cold",7,Arid,North America,"[30, 60)"
Landcover-772561,26.472532,106.313024,Landcover,Settlement,Urban areas,Urban: Dense,val,Cwa,"Temperate, dry winter, hot summer",11,Temperate,Asia,"[10, 30)"
Landcover-772567,47.74364,19.762583,Landcover,Settlement,Urban areas,Rural: cluster,val,Dfa,"Cold, no dry season, hot summer",25,Cold,Europe,"[30, 60)"
Landcover-772568,35.552625,140.138366,Landcover,Settlement,Urban areas,Urban: Centre,train,Cfa,"Temperate, no dry season, hot summer",14,Temperate,Asia,"[30, 60)"
Landcover-772577,32.261661,118.536098,Landcover,Settlement,Urban areas,Rural: cluster,train,Cfa,"Temperate, no dry season, hot summer",14,Temperate,Asia,"[30, 60)"
Landcover-772593,37.500486,69.415987,Landcover,Settlement,Urban areas,Urban: Dense,train,Csa,"Temperate, dry summer, hot summer",8,Temperate,Asia,"[30, 60)"
Landcover-772597,55.836646,38.263319,Landcover,Settlement,Urban areas,Urban: Suburban,train,Dfb,"Cold, no dry season, warm summer",26,Cold,Europe,"[30, 60)"
Landcover-772599,50.221065,-5.294232,Landcover,Settlement,Urban areas,Urban: Dense,train,Cfb,"Temperate, no dry season, warm summer",15,Temperate,Europe,"[30, 60)"
Landcover-772601,38.813403,30.745587,Landcover,Settlement,Urban areas,Rural: Very Low Dens,train,BSk,"Arid, steppe, cold",7,Arid,Asia,"[30, 60)"
Landcover-772608,47.091362,28.770653,Landcover,Settlement,Urban areas,Rural: Very Low Dens,train,Dfb,"Cold, no dry season, warm summer",26,Cold,Europe,"[30, 60)"
Landcover-772609,39.419305,3.26141,Landcover,Settlement,Urban areas,Urban: Semi-dense,train,BSk,"Arid, steppe, cold",7,Arid,Europe,"[30, 60)"
Landcover-772615,34.439992,133.288507,Landcover,Settlement,Urban areas,Urban: Suburban,train,Cfa,"Temperate, no dry season, hot summer",14,Temperate,Asia,"[30, 60)"
Landcover-772618,25.07731,-77.421748,Landcover,Settlement,Urban areas,Urban: Centre,train,Aw,"Tropical, savannah",3,Tropical,North America,"[10, 30)"
Landcover-772632,47.831045,9.633144,Landcover,Settlement,Urban areas,Urban: Dense,val,Dfb,"Cold, no dry season, warm summer",26,Cold,Europe,"[30, 60)"
Landcover-772634,15.300053,44.167131,Landcover,Settlement,Urban areas,Urban: Centre,val,BWh,"Arid, desert, hot",4,Arid,Asia,"[10, 30)"
Landcover-772640,35.271004,36.711153,Landcover,Settlement,Urban areas,Urban: Dense,train,Csa,"Temperate, dry summer, hot summer",8,Temperate,Asia,"[30, 60)"
Landcover-772641,-46.110043,168.92357,Landcover,Settlement,Urban areas,Rural: Very Low Dens,train,Cfb,"Temperate, no dry season, warm summer",15,Temperate,Oceania,"[-60, -30)"
Landcover-772652,38.065145,-85.564654,Landcover,Settlement,Urban areas,Urban: Semi-dense,train,Cfa,"Temperate, no dry season, hot summer",14,Temperate,North America,"[30, 60)"
Landcover-772654,-17.383129,-66.113039,Landcover,Settlement,Urban areas,Urban: Centre,train,Cwb,"Temperate, dry winter, warm summer",12,Temperate,South America,"[-30, -10)"
Landcover-772676,-6.807652,39.199055,Landcover,Settlement,Urban areas,Urban: Centre,test,Aw,"Tropical, savannah",3,Tropical,Africa,"[-10, 10)"
Landcover-772691,50.382595,30.956216,Landcover,Settlement,Urban areas,Urban: Dense,train,Dfb,"Cold, no dry season, warm summer",26,Cold,Europe,"[30, 60)"
Landcover-772693,48.072668,39.798694,Landcover,Settlement,Urban areas,Urban: Semi-dense,train,Dfa,"Cold, no dry season, hot summer",25,Cold,Europe,"[30, 60)"
Landcover-772697,48.982094,2.344155,Landcover,Settlement,Urban areas,Urban: Centre,train,Cfb,"Temperate, no dry season, warm summer",15,Temperate,Europe,"[30, 60)"
Landcover-772717,34.880069,117.344835,Landcover,Settlement,Urban areas,Urban: Dense,train,Dwa,"Cold, dry winter, hot summer",21,Cold,Asia,"[30, 60)"
Landcover-772720,9.549466,138.182674,Landcover,Settlement,Urban areas,Water,train,Af,"Tropical, rainforest",1,Tropical,Asia,"[-10, 10)"
Landcover-772747,36.170072,139.546912,Landcover,Settlement,Urban areas,Urban: Suburban,val,Cfa,"Temperate, no dry season, hot summer",14,Temperate,Asia,"[30, 60)"
Landcover-772753,5.045116,7.957461,Landcover,Settlement,Urban areas,Rural: cluster,train,Am,"Tropical, monsoon",2,Tropical,Africa,"[-10, 10)"
Landcover-772755,-32.317277,-58.094352,Landcover,Settlement,Urban areas,Urban: Centre,train,Cfa,"Temperate, no dry season, hot summer",14,Temperate,South America,"[-60, -30)"
Landcover-772763,37.732117,20.982936,Landcover,Settlement,Urban areas,Rural: Low Dens,train,Csa,"Temperate, dry summer, hot summer",8,Temperate,Europe,"[30, 60)"
Landcover-772780,52.028338,5.068778,Landcover,Settlement,Urban areas,Urban: Centre,train,Cfb,"Temperate, no dry season, warm summer",15,Temperate,Europe,"[30, 60)"
Landcover-772784,26.874658,80.881406,Landcover,Settlement,Urban areas,Urban: Centre,train,Cwa,"Temperate, dry winter, hot summer",11,Temperate,Asia,"[10, 30)"
Landcover-772786,48.615603,124.753575,Landcover,Settlement,Urban areas,Rural: Very Low Dens,train,Dwb,"Cold, dry winter, warm summer",22,Cold,Asia,"[30, 60)"
Landcover-772794,45.650328,25.656063,Landcover,Settlement,Urban areas,Rural: Very Low Dens,train,Dfb,"Cold, no dry season, warm summer",26,Cold,Europe,"[30, 60)"
Landcover-772796,-31.245625,-64.462514,Landcover,Settlement,Urban areas,Rural: Very Low Dens,train,Cwb,"Temperate, dry winter, warm summer",12,Temperate,South America,"[-60, -30)"
Landcover-772813,40.051209,18.386912,Landcover,Settlement,Urban areas,Rural: Low Dens,train,Csa,"Temperate, dry summer, hot summer",8,Temperate,Europe,"[30, 60)"
Landcover-772841,52.429909,9.720525,Landcover,Settlement,Urban areas,Urban: Centre,train,Cfb,"Temperate, no dry season, warm summer",15,Temperate,Europe,"[30, 60)"
Landcover-772844,5.980109,116.116926,Landcover,Settlement,Urban areas,Urban: Suburban,val,Af,"Tropical, rainforest",1,Tropical,Asia,"[-10, 10)"
Landcover-772855,29.931877,-89.966468,Landcover,Settlement,Urban areas,Water,test,Cfa,"Temperate, no dry season, hot summer",14,Temperate,North America,"[10, 30)"
Landcover-772879,24.831227,46.630856,Landcover,Settlement,Urban areas,Urban: Centre,train,BWh,"Arid, desert, hot",4,Arid,Asia,"[10, 30)"
Landcover-772893,-29.731769,30.919222,Landcover,Settlement,Urban areas,Urban: Centre,train,Cfa,"Temperate, no dry season, hot summer",14,Temperate,Africa,"[-30, -10)"
Landcover-772908,-14.066792,-42.489423,Landcover,Settlement,Urban areas,Urban: Dense,train,Aw,"Tropical, savannah",3,Tropical,South America,"[-30, -10)"
Landcover-772918,34.333397,107.197494,Landcover,Settlement,Urban areas,Urban: Suburban,train,Dwa,"Cold, dry winter, hot summer",21,Cold,Asia,"[30, 60)"
Landcover-772924,37.907141,-122.061113,Landcover,Settlement,Urban areas,Urban: Centre,train,Csb,"Temperate, dry summer, warm summer",9,Temperate,North America,"[30, 60)"
Landcover-772948,50.161285,7.547419,Landcover,Settlement,Urban areas,Urban: Semi-dense,train,Dfb,"Cold, no dry season, warm summer",26,Cold,Europe,"[30, 60)"
Landcover-772952,-32.107728,116.011899,Landcover,Settlement,Urban areas,Urban: Suburban,train,Csa,"Temperate, dry summer, hot summer",8,Temperate,Oceania,"[-60, -30)"
Landcover-772953,37.86429,114.948077,Landcover,Settlement,Urban areas,Urban: Suburban,val,BSk,"Arid, steppe, cold",7,Arid,Asia,"[30, 60)"
Landcover-772956,43.7494,27.009204,Landcover,Settlement,Urban areas,Rural: cluster,train,Dfa,"Cold, no dry season, hot summer",25,Cold,Europe,"[30, 60)"
Landcover-772967,43.315069,45.706224,Landcover,Settlement,Urban areas,Urban: Centre,train,BSk,"Arid, steppe, cold",7,Arid,Europe,"[30, 60)"
Landcover-772992,35.619713,115.942353,Landcover,Settlement,Urban areas,Urban: Centre,test,Dwa,"Cold, dry winter, hot summer",21,Cold,Asia,"[30, 60)"
Landcover-772999,-29.78038,30.950173,Landcover,Settlement,Urban areas,Urban: Centre,train,Cfa,"Temperate, no dry season, hot summer",14,Temperate,Africa,"[-30, -10)"
Landcover-773002,45.033419,35.354339,Landcover,Settlement,Urban areas,Rural: Low Dens,train,BSk,"Arid, steppe, cold",7,Arid,Europe,"[30, 60)"
Landcover-773029,42.853007,-106.305094,Landcover,Settlement,Urban areas,Urban: Dense,train,BSk,"Arid, steppe, cold",7,Arid,North America,"[30, 60)"
Landcover-773030,45.242588,4.686178,Landcover,Settlement,Urban areas,Rural: Low Dens,train,Cfb,"Temperate, no dry season, warm summer",15,Temperate,Europe,"[30, 60)"
Landcover-773037,26.310242,-80.277782,Landcover,Settlement,Urban areas,Urban: Centre,train,Am,"Tropical, monsoon",2,Tropical,North America,"[10, 30)"
Landcover-773043,37.157778,115.294542,Landcover,Settlement,Urban areas,Rural: cluster,train,BSk,"Arid, steppe, cold",7,Arid,Asia,"[30, 60)"
Landcover-773047,19.409698,-102.022787,Landcover,Settlement,Urban areas,Urban: Suburban,train,Cwa,"Temperate, dry winter, hot summer",11,Temperate,North America,"[10, 30)"
Landcover-773050,35.931525,-80.025465,Landcover,Settlement,Urban areas,Urban: Dense,test,Cfa,"Temperate, no dry season, hot summer",14,Temperate,North America,"[30, 60)"
Landcover-773057,37.752026,126.729874,Landcover,Settlement,Urban areas,Urban: Dense,train,Dwa,"Cold, dry winter, hot summer",21,Cold,Asia,"[30, 60)"
Landcover-773075,18.615179,-92.22211,Landcover,Settlement,Urban areas,Rural: Very Low Dens,train,Am,"Tropical, monsoon",2,Tropical,North America,"[10, 30)"
Landcover-773079,19.015325,72.889454,Landcover,Settlement,Urban areas,Urban: Centre,train,Am,"Tropical, monsoon",2,Tropical,Asia,"[10, 30)"
Landcover-773086,49.131659,-123.104943,Landcover,Settlement,Urban areas,Urban: Centre,train,Csb,"Temperate, dry summer, warm summer",9,Temperate,North America,"[30, 60)"
Landcover-773088,37.179964,127.111869,Landcover,Settlement,Urban areas,Rural: Low Dens,train,Dwa,"Cold, dry winter, hot summer",21,Cold,Asia,"[30, 60)"
Landcover-773107,-31.680585,-60.764573,Landcover,Settlement,Urban areas,Urban: Suburban,train,Cfa,"Temperate, no dry season, hot summer",14,Temperate,South America,"[-60, -30)"
Landcover-773115,49.139975,119.804545,Landcover,Settlement,Urban areas,Rural: Very Low Dens,unassigned,Dwb,"Cold, dry winter, warm summer",22,Cold,Asia,"[30, 60)"
Landcover-773119,43.859947,126.588689,Landcover,Settlement,Urban areas,Urban: Centre,train,Dwa,"Cold, dry winter, hot summer",21,Cold,Asia,"[30, 60)"
Landcover-773172,35.240245,118.054108,Landcover,Settlement,Urban areas,Urban: Suburban,train,Dwa,"Cold, dry winter, hot summer",21,Cold,Asia,"[30, 60)"
Landcover-773176,35.580892,115.939023,Landcover,Settlement,Urban areas,Urban: Centre,train,Dwa,"Cold, dry winter, hot summer",21,Cold,Asia,"[30, 60)"
Landcover-773183,30.293983,-95.468619,Landcover,Settlement,Urban areas,Urban: Suburban,train,Cfa,"Temperate, no dry season, hot summer",14,Temperate,North America,"[30, 60)"
Landcover-773185,60.748655,72.798331,Landcover,Settlement,Urban areas,Rural: Low Dens,train,Dfc,"Cold, no dry season, cold summer",27,Cold,Europe,"[60, 90)"
Landcover-773189,55.821865,37.526145,Landcover,Settlement,Urban areas,Urban: Centre,train,Dfb,"Cold, no dry season, warm summer",26,Cold,Europe,"[30, 60)"
Landcover-773190,40.401493,-80.045939,Landcover,Settlement,Urban areas,Urban: Centre,train,Dfa,"Cold, no dry season, hot summer",25,Cold,North America,"[30, 60)"
Landcover-773211,46.301051,84.643066,Landcover,Settlement,Urban areas,Rural: Very Low Dens,val,BWk,"Arid, desert, cold",5,Arid,Asia,"[30, 60)"
Landcover-773213,49.506619,8.419518,Landcover,Settlement,Urban areas,Urban: Centre,train,Cfb,"Temperate, no dry season, warm summer",15,Temperate,Europe,"[30, 60)"
Landcover-773214,42.12735,-87.747446,Landcover,Settlement,Urban areas,Water,train,Dfa,"Cold, no dry season, hot summer",25,Cold,North America,"[30, 60)"
Landcover-773215,25.929182,119.662777,Landcover,Settlement,Urban areas,Urban: Suburban,train,Cfa,"Temperate, no dry season, hot summer",14,Temperate,Asia,"[10, 30)"
Landcover-773219,3.080796,101.715445,Landcover,Settlement,Urban areas,Urban: Centre,train,Af,"Tropical, rainforest",1,Tropical,Asia,"[-10, 10)"
Landcover-773225,24.34366,45.799981,Landcover,Settlement,Urban areas,Rural: cluster,train,BWh,"Arid, desert, hot",4,Arid,Asia,"[10, 30)"
Landcover-773229,-6.23787,107.072655,Landcover,Settlement,Urban areas,Urban: Centre,train,Am,"Tropical, monsoon",2,Tropical,Asia,"[-10, 10)"
Landcover-773233,-25.724368,27.64234,Landcover,Settlement,Urban areas,Urban: Centre,val,Cwa,"Temperate, dry winter, hot summer",11,Temperate,Africa,"[-30, -10)"
Landcover-773239,-37.830224,140.801682,Landcover,Settlement,Urban areas,Rural: Low Dens,val,Csb,"Temperate, dry summer, warm summer",9,Temperate,Oceania,"[-60, -30)"
Landcover-773243,50.825981,3.347461,Landcover,Settlement,Urban areas,Urban: Dense,test,Cfb,"Temperate, no dry season, warm summer",15,Temperate,Europe,"[30, 60)"
Landcover-773245,43.538837,-1.508051,Landcover,Settlement,Urban areas,Urban: Dense,test,Cfb,"Temperate, no dry season, warm summer",15,Temperate,Europe,"[30, 60)"
Landcover-773246,58.756283,59.492979,Landcover,Settlement,Urban areas,Urban: Suburban,test,Dfc,"Cold, no dry season, cold summer",27,Cold,Europe,"[30, 60)"
Landcover-773257,-8.275252,-49.266748,Landcover,Settlement,Urban areas,Water,test,Aw,"Tropical, savannah",3,Tropical,South America,"[-10, 10)"
Landcover-773260,42.416746,19.253655,Landcover,Settlement,Urban areas,Rural: Very Low Dens,train,Cfa,"Temperate, no dry season, hot summer",14,Temperate,Europe,"[30, 60)"
Landcover-773262,39.402224,-101.042094,Landcover,Settlement,Urban areas,Rural: Low Dens,train,BSk,"Arid, steppe, cold",7,Arid,North America,"[30, 60)"
Landcover-773264,-5.560645,119.602238,Landcover,Settlement,Urban areas,Rural: Low Dens,train,Aw,"Tropical, savannah",3,Tropical,Asia,"[-10, 10)"
Landcover-773272,22.620571,110.129318,Landcover,Settlement,Urban areas,Urban: Centre,train,Cfa,"Temperate, no dry season, hot summer",14,Temperate,Asia,"[10, 30)"
Landcover-773283,62.45396,6.889479,Landcover,Settlement,Urban areas,Water,train,Dfc,"Cold, no dry season, cold summer",27,Cold,Europe,"[60, 90)"
Landcover-773288,47.050695,-122.881324,Landcover,Settlement,Urban areas,Urban: Centre,train,Csb,"Temperate, dry summer, warm summer",9,Temperate,North America,"[30, 60)"
Landcover-773298,26.16492,-97.684436,Landcover,Settlement,Urban areas,Urban: Suburban,val,BSh,"Arid, steppe, hot",6,Arid,North America,"[10, 30)"
Landcover-773302,-25.214414,-50.971189,Landcover,Settlement,Urban areas,Urban: Suburban,train,Cfa,"Temperate, no dry season, hot summer",14,Temperate,South America,"[-30, -10)"
Landcover-773306,36.487966,114.859558,Landcover,Settlement,Urban areas,Urban: Suburban,test,BSk,"Arid, steppe, cold",7,Arid,Asia,"[30, 60)"
Landcover-773315,40.014459,-75.661993,Landcover,Settlement,Urban areas,Urban: Suburban,train,Dfa,"Cold, no dry season, hot summer",25,Cold,North America,"[30, 60)"
Landcover-773316,10.522204,-71.647731,Landcover,Settlement,Urban areas,Urban: Centre,train,BSh,"Arid, steppe, hot",6,Arid,South America,"[10, 30)"
Landcover-773332,45.794441,4.82411,Landcover,Settlement,Urban areas,Urban: Centre,train,Cfb,"Temperate, no dry season, warm summer",15,Temperate,Europe,"[30, 60)"
Landcover-773334,40.304472,70.423101,Landcover,Settlement,Urban areas,Urban: Dense,train,BWk,"Arid, desert, cold",5,Arid,Asia,"[30, 60)"
Landcover-773336,52.694551,-2.730262,Landcover,Settlement,Urban areas,Rural: Low Dens,train,Cfb,"Temperate, no dry season, warm summer",15,Temperate,Europe,"[30, 60)"
Landcover-773359,51.983737,6.936857,Landcover,Settlement,Urban areas,Rural: Very Low Dens,test,Cfb,"Temperate, no dry season, warm summer",15,Temperate,Europe,"[30, 60)"
Landcover-773360,53.449229,8.595653,Landcover,Settlement,Urban areas,Rural: Very Low Dens,train,Cfb,"Temperate, no dry season, warm summer",15,Temperate,Europe,"[30, 60)"
Landcover-773363,49.296967,8.50462,Landcover,Settlement,Urban areas,Urban: Dense,train,Cfb,"Temperate, no dry season, warm summer",15,Temperate,Europe,"[30, 60)"
Landcover-773372,44.885072,40.051744,Landcover,Settlement,Urban areas,Urban: Semi-dense,train,Dfa,"Cold, no dry season, hot summer",25,Cold,Europe,"[30, 60)"
Landcover-773380,29.678242,-82.495485,Landcover,Settlement,Urban areas,Rural: Very Low Dens,train,Cfa,"Temperate, no dry season, hot summer",14,Temperate,North America,"[10, 30)"
Landcover-773387,32.520283,130.591285,Landcover,Settlement,Urban areas,Urban: Centre,train,Cfa,"Temperate, no dry season, hot summer",14,Temperate,Asia,"[30, 60)"
Landcover-773401,46.913635,15.409809,Landcover,Settlement,Urban areas,Rural: Very Low Dens,train,Dfb,"Cold, no dry season, warm summer",26,Cold,Europe,"[30, 60)"
Landcover-773404,39.966004,65.767861,Landcover,Settlement,Urban areas,Urban: Suburban,train,BSk,"Arid, steppe, cold",7,Arid,Asia,"[30, 60)"
Landcover-773405,53.841362,91.332093,Landcover,Settlement,Urban areas,Urban: Centre,train,Dwb,"Cold, dry winter, warm summer",22,Cold,Europe,"[30, 60)"
Landcover-773412,51.617445,-8.897975,Landcover,Settlement,Urban areas,Rural: Very Low Dens,train,Cfb,"Temperate, no dry season, warm summer",15,Temperate,Europe,"[30, 60)"
Landcover-773427,55.386293,91.619829,Landcover,Settlement,Urban areas,Urban: Dense,train,Dfc,"Cold, no dry season, cold summer",27,Cold,Europe,"[30, 60)"
Landcover-773451,38.745749,-90.400959,Landcover,Settlement,Urban areas,Urban: Centre,test,Dfa,"Cold, no dry season, hot summer",25,Cold,North America,"[30, 60)"
Landcover-773454,55.732247,37.375984,Landcover,Settlement,Urban areas,Urban: Centre,train,Dfb,"Cold, no dry season, warm summer",26,Cold,Europe,"[30, 60)"
Landcover-773455,-6.307113,107.474039,Landcover,Settlement,Urban areas,Rural: Low Dens,train,Am,"Tropical, monsoon",2,Tropical,Asia,"[-10, 10)"
Landcover-773460,34.549736,113.297939,Landcover,Settlement,Urban areas,Urban: Suburban,train,Dwa,"Cold, dry winter, hot summer",21,Cold,Asia,"[30, 60)"
Landcover-773471,46.006078,4.727452,Landcover,Settlement,Urban areas,Urban: Dense,train,Cfb,"Temperate, no dry season, warm summer",15,Temperate,Europe,"[30, 60)"
Landcover-773481,59.733877,30.354898,Landcover,Settlement,Urban areas,Rural: Low Dens,train,Dfb,"Cold, no dry season, warm summer",26,Cold,Europe,"[30, 60)"
Landcover-773487,25.350491,55.466306,Landcover,Settlement,Urban areas,Urban: Centre,train,BWh,"Arid, desert, hot",4,Arid,Asia,"[10, 30)"
Landcover-773492,27.036294,-102.123199,Landcover,Settlement,Urban areas,Rural: Very Low Dens,train,BWh,"Arid, desert, hot",4,Arid,North America,"[10, 30)"
Landcover-773502,-31.779922,115.731664,Landcover,Settlement,Urban areas,Urban: Centre,train,Csa,"Temperate, dry summer, hot summer",8,Temperate,Oceania,"[-60, -30)"
Landcover-773504,34.102631,-118.392267,Landcover,Settlement,Urban areas,Urban: Centre,train,Csa,"Temperate, dry summer, hot summer",8,Temperate,North America,"[30, 60)"
Landcover-773508,49.978785,18.959389,Landcover,Settlement,Urban areas,Urban: Suburban,train,Dfb,"Cold, no dry season, warm summer",26,Cold,Europe,"[30, 60)"
Landcover-773516,-28.763712,24.742446,Landcover,Settlement,Urban areas,Urban: Suburban,train,BSk,"Arid, steppe, cold",7,Arid,Africa,"[-30, -10)"
Landcover-773521,21.350519,110.520918,Landcover,Settlement,Urban areas,Urban: Dense,train,Cwa,"Temperate, dry winter, hot summer",11,Temperate,Asia,"[10, 30)"
Landcover-773522,-7.413881,112.75502,Landcover,Settlement,Urban areas,Rural: Low Dens,test,Aw,"Tropical, savannah",3,Tropical,Asia,"[-10, 10)"
Landcover-773533,36.368352,-86.611233,Landcover,Settlement,Urban areas,Rural: cluster,train,Cfa,"Temperate, no dry season, hot summer",14,Temperate,North America,"[30, 60)"
Landcover-773552,31.87521,115.735049,Landcover,Settlement,Urban areas,Urban: Dense,train,Cfa,"Temperate, no dry season, hot summer",14,Temperate,Asia,"[30, 60)"
Landcover-773553,50.686962,11.250217,Landcover,Settlement,Urban areas,Urban: Semi-dense,train,Dfb,"Cold, no dry season, warm summer",26,Cold,Europe,"[30, 60)"
Landcover-773556,39.292002,48.452875,Landcover,Settlement,Urban areas,Rural: cluster,train,BSk,"Arid, steppe, cold",7,Arid,Asia,"[30, 60)"
Landcover-773562,12.358757,-1.498649,Landcover,Settlement,Urban areas,Urban: Centre,train,BSh,"Arid, steppe, hot",6,Arid,Africa,"[10, 30)"
Landcover-773567,-16.413393,-71.843327,Landcover,Settlement,Urban areas,Urban: Suburban,train,BWh,"Arid, desert, hot",4,Arid,South America,"[-30, -10)"
Landcover-773570,36.814481,-76.120677,Landcover,Settlement,Urban areas,Urban: Centre,train,Cfa,"Temperate, no dry season, hot summer",14,Temperate,North America,"[30, 60)"
Landcover-773576,45.265386,-72.127116,Landcover,Settlement,Urban areas,Rural: Very Low Dens,train,Dfb,"Cold, no dry season, warm summer",26,Cold,North America,"[30, 60)"
Landcover-773578,47.704806,17.544298,Landcover,Settlement,Urban areas,Rural: cluster,train,Dfb,"Cold, no dry season, warm summer",26,Cold,Europe,"[30, 60)"
Landcover-773580,47.20131,26.401273,Landcover,Settlement,Urban areas,Rural: Low Dens,val,Dfb,"Cold, no dry season, warm summer",26,Cold,Europe,"[30, 60)"
Landcover-773581,-21.403189,-48.496544,Landcover,Settlement,Urban areas,Urban: Suburban,train,Aw,"Tropical, savannah",3,Tropical,South America,"[-30, -10)"
Landcover-773585,-9.981877,-67.810617,Landcover,Settlement,Urban areas,Urban: Centre,train,Am,"Tropical, monsoon",2,Tropical,South America,"[-10, 10)"
Landcover-773586,35.016277,37.045395,Landcover,Settlement,Urban areas,Urban: Dense,train,BSk,"Arid, steppe, cold",7,Arid,Asia,"[30, 60)"
Landcover-773589,55.715789,9.536889,Landcover,Settlement,Urban areas,Urban: Dense,train,Dfb,"Cold, no dry season, warm summer",26,Cold,Europe,"[30, 60)"
Landcover-773593,32.747584,-83.71284,Landcover,Settlement,Urban areas,Urban: Semi-dense,train,Cfa,"Temperate, no dry season, hot summer",14,Temperate,North America,"[30, 60)"
Landcover-773594,-34.065713,137.587794,Landcover,Settlement,Urban areas,Rural: Low Dens,train,BSk,"Arid, steppe, cold",7,Arid,Oceania,"[-60, -30)"
Landcover-773597,32.327524,74.335522,Landcover,Settlement,Urban areas,Urban: Centre,train,BSh,"Arid, steppe, hot",6,Arid,Asia,"[30, 60)"
Landcover-773610,36.258569,42.010959,Landcover,Settlement,Urban areas,Urban: Semi-dense,test,BSh,"Arid, steppe, hot",6,Arid,Asia,"[30, 60)"
Landcover-773616,43.256184,46.354546,Landcover,Settlement,Urban areas,Urban: Semi-dense,train,BSk,"Arid, steppe, cold",7,Arid,Europe,"[30, 60)"
Landcover-773628,47.192489,14.665856,Landcover,Settlement,Urban areas,Urban: Semi-dense,train,Dfb,"Cold, no dry season, warm summer",26,Cold,Europe,"[30, 60)"
Landcover-773630,34.134669,118.75093,Landcover,Settlement,Urban areas,Urban: Centre,val,Dwa,"Cold, dry winter, hot summer",21,Cold,Asia,"[30, 60)"
Landcover-773635,34.211024,116.315407,Landcover,Settlement,Urban areas,Urban: Suburban,test,Cwa,"Temperate, dry winter, hot summer",11,Temperate,Asia,"[30, 60)"
Landcover-773654,11.713018,11.078495,Landcover,Settlement,Urban areas,Urban: Centre,train,BSh,"Arid, steppe, hot",6,Arid,Africa,"[10, 30)"
Landcover-773655,37.931845,117.187722,Landcover,Settlement,Urban areas,Urban: Suburban,val,Dwa,"Cold, dry winter, hot summer",21,Cold,Asia,"[30, 60)"
Landcover-773662,-7.336025,108.813793,Landcover,Settlement,Urban areas,Rural: Low Dens,train,Af,"Tropical, rainforest",1,Tropical,Asia,"[-10, 10)"
Landcover-773669,49.027222,26.736945,Landcover,Settlement,Urban areas,Rural: Very Low Dens,train,Dfb,"Cold, no dry season, warm summer",26,Cold,Europe,"[30, 60)"
Landcover-773675,24.223518,55.953048,Landcover,Settlement,Urban areas,Rural: Very Low Dens,train,BWh,"Arid, desert, hot",4,Arid,Asia,"[10, 30)"
Landcover-773681,52.299063,9.931781,Landcover,Settlement,Urban areas,Urban: Semi-dense,test,Cfb,"Temperate, no dry season, warm summer",15,Temperate,Europe,"[30, 60)"
Landcover-773682,45.577369,-122.665953,Landcover,Settlement,Urban areas,Urban: Centre,train,Csb,"Temperate, dry summer, warm summer",9,Temperate,North America,"[30, 60)"
Landcover-773686,2.600796,102.093595,Landcover,Settlement,Urban areas,Urban: Semi-dense,val,Af,"Tropical, rainforest",1,Tropical,Asia,"[-10, 10)"
Landcover-773692,47.621737,35.02083,Landcover,Settlement,Urban areas,Rural: Low Dens,train,BSk,"Arid, steppe, cold",7,Arid,Europe,"[30, 60)"
Landcover-773695,-6.452434,107.954777,Landcover,Settlement,Urban areas,Rural: Low Dens,train,Am,"Tropical, monsoon",2,Tropical,Asia,"[-10, 10)"
Landcover-773696,50.835007,25.257539,Landcover,Settlement,Urban areas,Rural: Low Dens,train,Dfb,"Cold, no dry season, warm summer",26,Cold,Europe,"[30, 60)"
Landcover-773697,34.118464,118.781358,Landcover,Settlement,Urban areas,Urban: Centre,train,Dwa,"Cold, dry winter, hot summer",21,Cold,Asia,"[30, 60)"
Landcover-773702,-12.623082,-73.789254,Landcover,Settlement,Urban areas,Rural: Very Low Dens,train,Aw,"Tropical, savannah",3,Tropical,South America,"[-30, -10)"
Landcover-773705,55.009996,-1.637104,Landcover,Settlement,Urban areas,Urban: Centre,train,Cfb,"Temperate, no dry season, warm summer",15,Temperate,Europe,"[30, 60)"
Landcover-773713,49.122573,33.579323,Landcover,Settlement,Urban areas,Rural: Very Low Dens,test,Dfa,"Cold, no dry season, hot summer",25,Cold,Europe,"[30, 60)"
Landcover-773715,38.076703,-75.56369,Landcover,Settlement,Urban areas,Rural: Low Dens,train,Cfa,"Temperate, no dry season, hot summer",14,Temperate,North America,"[30, 60)"
Landcover-773718,26.547484,-78.815922,Landcover,Settlement,Urban areas,Urban: Suburban,train,Am,"Tropical, monsoon",2,Tropical,North America,"[10, 30)"
Landcover-773723,-38.688814,-62.215957,Landcover,Settlement,Urban areas,Urban: Suburban,train,Cfa,"Temperate, no dry season, hot summer",14,Temperate,South America,"[-60, -30)"
Landcover-773725,9.993846,105.092913,Landcover,Settlement,Urban areas,Urban: Centre,train,Aw,"Tropical, savannah",3,Tropical,Asia,"[-10, 10)"
Landcover-773732,54.647307,51.495529,Landcover,Settlement,Urban areas,Urban: Semi-dense,train,Dfb,"Cold, no dry season, warm summer",26,Cold,Europe,"[30, 60)"
Landcover-773741,52.562643,-0.185406,Landcover,Settlement,Urban areas,Rural: Low Dens,test,Cfb,"Temperate, no dry season, warm summer",15,Temperate,Europe,"[30, 60)"
Landcover-773745,38.174873,116.29147,Landcover,Settlement,Urban areas,Urban: Suburban,train,BSk,"Arid, steppe, cold",7,Arid,Asia,"[30, 60)"
Landcover-773748,47.148453,18.412612,Landcover,Settlement,Urban areas,Rural: Low Dens,train,Dfb,"Cold, no dry season, warm summer",26,Cold,Europe,"[30, 60)"
Landcover-773755,39.800796,-89.607573,Landcover,Settlement,Urban areas,Rural: Low Dens,train,Dfa,"Cold, no dry season, hot summer",25,Cold,North America,"[30, 60)"
Landcover-773769,57.868617,40.262935,Landcover,Settlement,Urban areas,Rural: Very Low Dens,train,Dfb,"Cold, no dry season, warm summer",26,Cold,Europe,"[30, 60)"
Landcover-773775,34.662425,115.27501,Landcover,Settlement,Urban areas,Rural: Low Dens,train,Dwa,"Cold, dry winter, hot summer",21,Cold,Asia,"[30, 60)"
Landcover-773781,38.966933,-84.542487,Landcover,Settlement,Urban areas,Rural: Low Dens,train,Dfa,"Cold, no dry season, hot summer",25,Cold,North America,"[30, 60)"
Landcover-773792,41.925346,45.479474,Landcover,Settlement,Urban areas,Urban: Dense,val,Cfa,"Temperate, no dry season, hot summer",14,Temperate,Asia,"[30, 60)"
Landcover-773801,35.453099,-97.526953,Landcover,Settlement,Urban areas,Urban: Centre,train,Cfa,"Temperate, no dry season, hot summer",14,Temperate,North America,"[30, 60)"
Landcover-773821,54.443851,61.23712,Landcover,Settlement,Urban areas,Urban: Suburban,train,Dfb,"Cold, no dry season, warm summer",26,Cold,Europe,"[30, 60)"
Landcover-773826,48.216047,118.261894,Landcover,Settlement,Urban areas,Urban: Dense,train,Dwb,"Cold, dry winter, warm summer",22,Cold,Asia,"[30, 60)"
Landcover-773831,37.557299,121.142185,Landcover,Settlement,Urban areas,Urban: Suburban,train,Dwa,"Cold, dry winter, hot summer",21,Cold,Asia,"[30, 60)"
Landcover-773834,45.675881,8.450672,Landcover,Settlement,Urban areas,Rural: Low Dens,train,Cfa,"Temperate, no dry season, hot summer",14,Temperate,Europe,"[30, 60)"
Landcover-773835,45.7166,8.821993,Landcover,Settlement,Urban areas,Rural: Low Dens,train,Cfa,"Temperate, no dry season, hot summer",14,Temperate,Europe,"[30, 60)"
Landcover-773837,-23.370083,-45.676969,Landcover,Settlement,Urban areas,Urban: Semi-dense,train,Cfa,"Temperate, no dry season, hot summer",14,Temperate,South America,"[-30, -10)"
Landcover-773838,16.960653,121.668508,Landcover,Settlement,Urban areas,Urban: Dense,train,Am,"Tropical, monsoon",2,Tropical,Asia,"[10, 30)"
Landcover-773840,41.62251,-70.866188,Landcover,Settlement,Urban areas,Rural: Low Dens,train,Dfa,"Cold, no dry season, hot summer",25,Cold,North America,"[30, 60)"
Landcover-773841,-35.45425,-60.889016,Landcover,Settlement,Urban areas,Rural: Very Low Dens,val,Cfa,"Temperate, no dry season, hot summer",14,Temperate,South America,"[-60, -30)"
Landcover-773844,31.29022,104.404703,Landcover,Settlement,Urban areas,Urban: Suburban,train,Cwa,"Temperate, dry winter, hot summer",11,Temperate,Asia,"[30, 60)"
Landcover-773845,33.843755,117.909964,Landcover,Settlement,Urban areas,Urban: Suburban,train,Cwa,"Temperate, dry winter, hot summer",11,Temperate,Asia,"[30, 60)"
Landcover-773848,35.933483,-78.943326,Landcover,Settlement,Urban areas,Urban: Dense,train,Cfa,"Temperate, no dry season, hot summer",14,Temperate,North America,"[30, 60)"
Landcover-773857,51.964144,6.248971,Landcover,Settlement,Urban areas,Urban: Suburban,test,Cfb,"Temperate, no dry season, warm summer",15,Temperate,Europe,"[30, 60)"
Landcover-773873,25.769074,-80.134092,Landcover,Settlement,Urban areas,Water,train,Am,"Tropical, monsoon",2,Tropical,North America,"[10, 30)"
Landcover-773898,45.020124,37.510686,Landcover,Settlement,Urban areas,Rural: Low Dens,train,Dfa,"Cold, no dry season, hot summer",25,Cold,Europe,"[30, 60)"
Landcover-773900,22.29289,91.78833,Landcover,Settlement,Urban areas,Urban: Centre,train,Am,"Tropical, monsoon",2,Tropical,Asia,"[10, 30)"
Landcover-773903,-37.651625,177.878711,Landcover,Settlement,Urban areas,Rural: Very Low Dens,train,Cfb,"Temperate, no dry season, warm summer",15,Temperate,Oceania,"[-60, -30)"
Landcover-773911,31.216948,107.465751,Landcover,Settlement,Urban areas,Urban: Centre,train,Cwa,"Temperate, dry winter, hot summer",11,Temperate,Asia,"[30, 60)"
Landcover-773920,28.816407,104.713833,Landcover,Settlement,Urban areas,Rural: Low Dens,train,Cwa,"Temperate, dry winter, hot summer",11,Temperate,Asia,"[10, 30)"
Landcover-773921,6.72564,3.236864,Landcover,Settlement,Urban areas,Urban: Centre,val,Aw,"Tropical, savannah",3,Tropical,Africa,"[-10, 10)"
Landcover-773927,15.311554,-87.978968,Landcover,Settlement,Urban areas,Rural: Low Dens,train,Aw,"Tropical, savannah",3,Tropical,North America,"[10, 30)"
Landcover-773930,25.861751,-100.300214,Landcover,Settlement,Urban areas,Rural: Very Low Dens,train,BSh,"Arid, steppe, hot",6,Arid,North America,"[10, 30)"
Landcover-773931,36.806465,120.270415,Landcover,Settlement,Urban areas,Rural: Low Dens,test,Dwa,"Cold, dry winter, hot summer",21,Cold,Asia,"[30, 60)"
Landcover-773933,-1.326962,31.819851,Landcover,Settlement,Urban areas,Water,val,Am,"Tropical, monsoon",2,Tropical,Africa,"[-10, 10)"
Landcover-773939,37.925803,-0.727717,Landcover,Settlement,Urban areas,Water,test,BWh,"Arid, desert, hot",4,Arid,Europe,"[30, 60)"
Landcover-773941,15.486657,120.973653,Landcover,Settlement,Urban areas,Urban: Centre,train,Aw,"Tropical, savannah",3,Tropical,Asia,"[10, 30)"
Landcover-773959,46.816128,126.487113,Landcover,Settlement,Urban areas,Urban: Suburban,train,Dwa,"Cold, dry winter, hot summer",21,Cold,Asia,"[30, 60)"
Landcover-773966,25.438797,-102.17478,Landcover,Settlement,Urban areas,Urban: Dense,train,BWh,"Arid, desert, hot",4,Arid,North America,"[10, 30)"
Landcover-773980,51.870742,44.992725,Landcover,Settlement,Urban areas,Urban: Suburban,train,Dfb,"Cold, no dry season, warm summer",26,Cold,Europe,"[30, 60)"
Landcover-773986,34.259303,-118.763281,Landcover,Settlement,Urban areas,Urban: Centre,train,Csa,"Temperate, dry summer, hot summer",8,Temperate,North America,"[30, 60)"
Landcover-773990,-41.155882,-71.319373,Landcover,Settlement,Urban areas,Urban: Suburban,train,Csb,"Temperate, dry summer, warm summer",9,Temperate,South America,"[-60, -30)"
Landcover-773993,-27.19675,32.198329,Landcover,Settlement,Urban areas,Rural: Low Dens,train,BSh,"Arid, steppe, hot",6,Arid,Africa,"[-30, -10)"
Landcover-773997,-17.929715,31.02812,Landcover,Settlement,Urban areas,Rural: Low Dens,train,Cwb,"Temperate, dry winter, warm summer",12,Temperate,Africa,"[-30, -10)"
Landcover-774000,14.465531,49.020741,Landcover,Settlement,Urban areas,Rural: Low Dens,train,BWh,"Arid, desert, hot",4,Arid,Asia,"[10, 30)"
Landcover-774002,54.29623,9.694871,Landcover,Settlement,Urban areas,Urban: Suburban,test,Cfb,"Temperate, no dry season, warm summer",15,Temperate,Europe,"[30, 60)"
Landcover-774010,49.416636,7.378663,Landcover,Settlement,Urban areas,Rural: cluster,train,Cfb,"Temperate, no dry season, warm summer",15,Temperate,Europe,"[30, 60)"
Landcover-774014,56.911234,14.832338,Landcover,Settlement,Urban areas,Rural: Very Low Dens,train,Dfb,"Cold, no dry season, warm summer",26,Cold,Europe,"[30, 60)"
Landcover-774020,-4.762179,19.881735,Landcover,Settlement,Urban areas,Rural: Very Low Dens,test,Aw,"Tropical, savannah",3,Tropical,Africa,"[-10, 10)"
Landcover-774021,34.780883,113.004533,Landcover,Settlement,Urban areas,Urban: Centre,train,Cwa,"Temperate, dry winter, hot summer",11,Temperate,Asia,"[30, 60)"
Landcover-774030,-22.594606,-42.744719,Landcover,Settlement,Urban areas,Urban: Suburban,val,Aw,"Tropical, savannah",3,Tropical,South America,"[-30, -10)"
Landcover-774031,31.594628,120.884132,Landcover,Settlement,Urban areas,Rural: Low Dens,train,Cfa,"Temperate, no dry season, hot summer",14,Temperate,Asia,"[30, 60)"
Landcover-774036,22.677261,74.941785,Landcover,Settlement,Urban areas,Rural: Very Low Dens,train,Aw,"Tropical, savannah",3,Tropical,Asia,"[10, 30)"
Landcover-774042,-5.545242,120.036243,Landcover,Settlement,Urban areas,Rural: Low Dens,train,Am,"Tropical, monsoon",2,Tropical,Asia,"[-10, 10)"
Landcover-774047,42.500593,-83.353218,Landcover,Settlement,Urban areas,Urban: Centre,val,Dfa,"Cold, no dry season, hot summer",25,Cold,North America,"[30, 60)"
Landcover-774048,-26.796018,-60.46368,Landcover,Settlement,Urban areas,Urban: Centre,test,Cfa,"Temperate, no dry season, hot summer",14,Temperate,South America,"[-30, -10)"
Landcover-774054,52.28573,9.579244,Landcover,Settlement,Urban areas,Rural: Very Low Dens,train,Cfb,"Temperate, no dry season, warm summer",15,Temperate,Europe,"[30, 60)"
Landcover-774063,58.579222,49.567268,Landcover,Settlement,Urban areas,Urban: Suburban,train,Dfb,"Cold, no dry season, warm summer",26,Cold,Europe,"[30, 60)"
Landcover-774071,28.554522,112.32972,Landcover,Settlement,Urban areas,Urban: Centre,train,Cfa,"Temperate, no dry season, hot summer",14,Temperate,Asia,"[10, 30)"
Landcover-774076,31.703403,-106.330399,Landcover,Settlement,Urban areas,Urban: Centre,train,BWk,"Arid, desert, cold",5,Arid,North America,"[30, 60)"
Landcover-774079,33.252247,-97.110041,Landcover,Settlement,Urban areas,Urban: Suburban,train,Cfa,"Temperate, no dry season, hot summer",14,Temperate,North America,"[30, 60)"
Landcover-774089,43.277513,5.686879,Landcover,Settlement,Urban areas,Rural: cluster,train,Csb,"Temperate, dry summer, warm summer",9,Temperate,Europe,"[30, 60)"
Landcover-774100,47.590047,0.890183,Landcover,Settlement,Urban areas,Urban: Semi-dense,train,Cfb,"Temperate, no dry season, warm summer",15,Temperate,Europe,"[30, 60)"
Landcover-774102,44.051549,125.705694,Landcover,Settlement,Urban areas,Rural: cluster,train,Dwa,"Cold, dry winter, hot summer",21,Cold,Asia,"[30, 60)"
Landcover-774107,8.228302,124.241317,Landcover,Settlement,Urban areas,Urban: Centre,train,Af,"Tropical, rainforest",1,Tropical,Asia,"[-10, 10)"
Landcover-774122,36.265644,116.420878,Landcover,Settlement,Urban areas,Urban: Suburban,train,Dwa,"Cold, dry winter, hot summer",21,Cold,Asia,"[30, 60)"
Landcover-774138,47.807811,34.200889,Landcover,Settlement,Urban areas,Rural: Very Low Dens,train,Dfa,"Cold, no dry season, hot summer",25,Cold,Europe,"[30, 60)"
Landcover-774139,6.383049,2.662331,Landcover,Settlement,Urban areas,Rural: Low Dens,train,Aw,"Tropical, savannah",3,Tropical,Africa,"[-10, 10)"
Landcover-774153,44.063158,89.596733,Landcover,Settlement,Urban areas,Rural: Low Dens,val,BWk,"Arid, desert, cold",5,Arid,Asia,"[30, 60)"
Landcover-774161,40.761339,46.355137,Landcover,Settlement,Urban areas,Urban: Semi-dense,train,BSk,"Arid, steppe, cold",7,Arid,Asia,"[30, 60)"
Landcover-774163,49.052181,27.711542,Landcover,Settlement,Urban areas,Rural: cluster,train,Dfb,"Cold, no dry season, warm summer",26,Cold,Europe,"[30, 60)"
Landcover-774167,35.061436,136.098749,Landcover,Settlement,Urban areas,Urban: Suburban,train,Cfa,"Temperate, no dry season, hot summer",14,Temperate,Asia,"[30, 60)"
Landcover-774179,52.102365,5.250608,Landcover,Settlement,Urban areas,Rural: Low Dens,train,Cfb,"Temperate, no dry season, warm summer",15,Temperate,Europe,"[30, 60)"
Landcover-774182,44.289512,-78.296559,Landcover,Settlement,Urban areas,Rural: Very Low Dens,train,Dfb,"Cold, no dry season, warm summer",26,Cold,North America,"[30, 60)"
Landcover-774183,34.910951,-81.994826,Landcover,Settlement,Urban areas,Urban: Suburban,train,Cfa,"Temperate, no dry season, hot summer",14,Temperate,North America,"[30, 60)"
Landcover-774200,50.753722,16.52368,Landcover,Settlement,Urban areas,Rural: Very Low Dens,test,Dfb,"Cold, no dry season, warm summer",26,Cold,Europe,"[30, 60)"
Landcover-774208,-27.418858,-55.920119,Landcover,Settlement,Urban areas,Urban: Centre,train,Cfa,"Temperate, no dry season, hot summer",14,Temperate,South America,"[-30, -10)"
Landcover-774217,29.788121,-95.711457,Landcover,Settlement,Urban areas,Urban: Centre,val,Cfa,"Temperate, no dry season, hot summer",14,Temperate,North America,"[10, 30)"
Landcover-774220,5.940122,80.520575,Landcover,Settlement,Urban areas,Water,train,Af,"Tropical, rainforest",1,Tropical,Asia,"[-10, 10)"
Landcover-774225,41.653048,-87.507141,Landcover,Settlement,Urban areas,Urban: Centre,train,Dfa,"Cold, no dry season, hot summer",25,Cold,North America,"[30, 60)"
Landcover-774241,-6.44682,107.580476,Landcover,Settlement,Urban areas,Rural: Low Dens,test,Af,"Tropical, rainforest",1,Tropical,Asia,"[-10, 10)"
Landcover-774250,51.414242,-0.079112,Landcover,Settlement,Urban areas,Urban: Centre,train,Cfb,"Temperate, no dry season, warm summer",15,Temperate,Europe,"[30, 60)"
Landcover-774293,-22.453823,-46.794867,Landcover,Settlement,Urban areas,Rural: cluster,train,Cwa,"Temperate, dry winter, hot summer",11,Temperate,South America,"[-30, -10)"
Landcover-774297,48.159661,21.356699,Landcover,Settlement,Urban areas,Rural: Very Low Dens,val,Dfb,"Cold, no dry season, warm summer",26,Cold,Europe,"[30, 60)"
Landcover-774301,-32.887677,27.382737,Landcover,Settlement,Urban areas,Urban: Dense,val,Cfa,"Temperate, no dry season, hot summer",14,Temperate,Africa,"[-60, -30)"
Landcover-774303,38.938197,-119.844997,Landcover,Settlement,Urban areas,Rural: Very Low Dens,train,Dsb,"Cold, dry summer, warm summer",18,Cold,North America,"[30, 60)"
Landcover-774305,25.348069,82.990509,Landcover,Settlement,Urban areas,Urban: Centre,train,Cwa,"Temperate, dry winter, hot summer",11,Temperate,Asia,"[10, 30)"
Landcover-774319,34.328381,8.394991,Landcover,Settlement,Urban areas,Urban: Dense,train,BWh,"Arid, desert, hot",4,Arid,Africa,"[30, 60)"
Landcover-774322,-31.859357,-52.82945,Landcover,Settlement,Urban areas,Urban: Semi-dense,train,Cfa,"Temperate, no dry season, hot summer",14,Temperate,South America,"[-60, -30)"
Landcover-774333,35.15087,115.138895,Landcover,Settlement,Urban areas,Rural: Low Dens,test,Dwa,"Cold, dry winter, hot summer",21,Cold,Asia,"[30, 60)"
Landcover-774339,47.658201,35.647709,Landcover,Settlement,Urban areas,Rural: Low Dens,train,Dfa,"Cold, no dry season, hot summer",25,Cold,Europe,"[30, 60)"
Landcover-774345,36.764933,-95.937584,Landcover,Settlement,Urban areas,Urban: Suburban,test,Cfa,"Temperate, no dry season, hot summer",14,Temperate,North America,"[30, 60)"
Landcover-774354,49.803207,8.342113,Landcover,Settlement,Urban areas,Rural: cluster,train,Cfb,"Temperate, no dry season, warm summer",15,Temperate,Europe,"[30, 60)"
Landcover-774361,-15.640244,-56.168823,Landcover,Settlement,Urban areas,Urban: Centre,train,Aw,"Tropical, savannah",3,Tropical,South America,"[-30, -10)"
Landcover-774366,36.121834,117.797087,Landcover,Settlement,Urban areas,Urban: Suburban,train,Dwa,"Cold, dry winter, hot summer",21,Cold,Asia,"[30, 60)"
Landcover-774372,-31.48131,-64.237216,Landcover,Settlement,Urban areas,Urban: Centre,val,Cwa,"Temperate, dry winter, hot summer",11,Temperate,South America,"[-60, -30)"
Landcover-774375,45.263509,24.928893,Landcover,Settlement,Urban areas,Rural: Low Dens,test,Dfb,"Cold, no dry season, warm summer",26,Cold,Europe,"[30, 60)"
Landcover-774413,-35.046587,138.585763,Landcover,Settlement,Urban areas,Urban: Dense,train,Csb,"Temperate, dry summer, warm summer",9,Temperate,Oceania,"[-60, -30)"
Landcover-774421,47.934678,-3.703304,Landcover,Settlement,Urban areas,Rural: cluster,val,Cfb,"Temperate, no dry season, warm summer",15,Temperate,Europe,"[30, 60)"
Landcover-774432,27.923202,-82.223134,Landcover,Settlement,Urban areas,Rural: Low Dens,train,Cfa,"Temperate, no dry season, hot summer",14,Temperate,North America,"[10, 30)"
Landcover-774437,6.527373,-1.313246,Landcover,Settlement,Urban areas,Rural: cluster,train,Aw,"Tropical, savannah",3,Tropical,Africa,"[-10, 10)"
Landcover-774443,37.315412,-121.999362,Landcover,Settlement,Urban areas,Urban: Centre,train,Csb,"Temperate, dry summer, warm summer",9,Temperate,North America,"[30, 60)"
Landcover-774445,40.814188,-96.621062,Landcover,Settlement,Urban areas,Rural: Low Dens,train,Dfa,"Cold, no dry season, hot summer",25,Cold,North America,"[30, 60)"
Landcover-774458,-37.75805,145.157654,Landcover,Settlement,Urban areas,Urban: Centre,test,Cfb,"Temperate, no dry season, warm summer",15,Temperate,Oceania,"[-60, -30)"
Landcover-774485,51.064349,-114.108437,Landcover,Settlement,Urban areas,Urban: Centre,train,Dfb,"Cold, no dry season, warm summer",26,Cold,North America,"[30, 60)"
Landcover-774497,26.835923,-80.086385,Landcover,Settlement,Urban areas,Urban: Centre,train,Af,"Tropical, rainforest",1,Tropical,North America,"[10, 30)"
Landcover-774501,39.164376,117.092203,Landcover,Settlement,Urban areas,Urban: Centre,val,Dwa,"Cold, dry winter, hot summer",21,Cold,Asia,"[30, 60)"
Landcover-774502,60.285975,5.313036,Landcover,Settlement,Urban areas,Urban: Centre,val,Cfb,"Temperate, no dry season, warm summer",15,Temperate,Europe,"[60, 90)"
Landcover-774503,34.561617,136.52692,Landcover,Settlement,Urban areas,Urban: Centre,train,Cfa,"Temperate, no dry season, hot summer",14,Temperate,Asia,"[30, 60)"
Landcover-774519,-10.005878,124.153791,Landcover,Settlement,Urban areas,Urban: Dense,train,Aw,"Tropical, savannah",3,Tropical,Asia,"[-30, -10)"
Landcover-774525,-7.170619,110.420805,Landcover,Settlement,Urban areas,Urban: Centre,train,Af,"Tropical, rainforest",1,Tropical,Asia,"[-10, 10)"
Landcover-774535,23.240601,116.471717,Landcover,Settlement,Urban areas,Urban: Centre,train,Cwa,"Temperate, dry winter, hot summer",11,Temperate,Asia,"[10, 30)"
Landcover-774540,-27.285912,152.967109,Landcover,Settlement,Urban areas,Urban: Dense,test,Cfa,"Temperate, no dry season, hot summer",14,Temperate,Oceania,"[-30, -10)"
Landcover-774559,42.930699,-83.593997,Landcover,Settlement,Urban areas,Urban: Suburban,train,Dfa,"Cold, no dry season, hot summer",25,Cold,North America,"[30, 60)"
Landcover-774560,53.351362,32.049408,Landcover,Settlement,Urban areas,Urban: Semi-dense,train,Dfb,"Cold, no dry season, warm summer",26,Cold,Europe,"[30, 60)"
Landcover-774574,49.265337,119.846096,Landcover,Settlement,Urban areas,Urban: Suburban,val,Dwb,"Cold, dry winter, warm summer",22,Cold,Asia,"[30, 60)"
Landcover-774579,51.157732,7.94217,Landcover,Settlement,Urban areas,Urban: Semi-dense,train,Dfb,"Cold, no dry season, warm summer",26,Cold,Europe,"[30, 60)"
Landcover-774587,38.874938,116.908521,Landcover,Settlement,Urban areas,Urban: Suburban,train,Dwa,"Cold, dry winter, hot summer",21,Cold,Asia,"[30, 60)"
Landcover-774588,42.281554,24.398618,Landcover,Settlement,Urban areas,Rural: cluster,train,Cfa,"Temperate, no dry season, hot summer",14,Temperate,Europe,"[30, 60)"
Landcover-774602,35.042355,136.887273,Landcover,Settlement,Urban areas,Urban: Centre,train,Cfa,"Temperate, no dry season, hot summer",14,Temperate,Asia,"[30, 60)"
Landcover-774604,55.197194,9.07986,Landcover,Settlement,Urban areas,Rural: Low Dens,train,Cfb,"Temperate, no dry season, warm summer",15,Temperate,Europe,"[30, 60)"
Landcover-774609,51.403815,21.194544,Landcover,Settlement,Urban areas,Urban: Centre,test,Dfb,"Cold, no dry season, warm summer",26,Cold,Europe,"[30, 60)"
Landcover-774615,36.325964,52.633526,Landcover,Settlement,Urban areas,Rural: Very Low Dens,train,Csa,"Temperate, dry summer, hot summer",8,Temperate,Asia,"[30, 60)"
Landcover-774616,46.752693,-71.383487,Landcover,Settlement,Urban areas,Urban: Centre,test,Dfb,"Cold, no dry season, warm summer",26,Cold,North America,"[30, 60)"
Landcover-774629,55.95861,94.705436,Landcover,Settlement,Urban areas,Urban: Semi-dense,train,Dfc,"Cold, no dry season, cold summer",27,Cold,Europe,"[30, 60)"
Landcover-774630,-9.673668,150.017478,Landcover,Settlement,Urban areas,Rural: Very Low Dens,val,Af,"Tropical, rainforest",1,Tropical,Oceania,"[-10, 10)"
Landcover-774632,34.883742,-84.956035,Landcover,Settlement,Urban areas,Rural: Low Dens,train,Cfa,"Temperate, no dry season, hot summer",14,Temperate,North America,"[30, 60)"
Landcover-774662,38.016433,-122.091879,Landcover,Settlement,Urban areas,Rural: Very Low Dens,train,Csb,"Temperate, dry summer, warm summer",9,Temperate,North America,"[30, 60)"
Landcover-774665,-16.632395,-49.295961,Landcover,Settlement,Urban areas,Urban: Centre,train,Aw,"Tropical, savannah",3,Tropical,South America,"[-30, -10)"
Landcover-774680,45.001035,-93.404394,Landcover,Settlement,Urban areas,Urban: Centre,train,Dfa,"Cold, no dry season, hot summer",25,Cold,North America,"[30, 60)"
Landcover-774708,47.800871,19.128737,Landcover,Settlement,Urban areas,Urban: Dense,train,Dfa,"Cold, no dry season, hot summer",25,Cold,Europe,"[30, 60)"
Landcover-774709,39.472667,-77.949809,Landcover,Settlement,Urban areas,Urban: Suburban,test,Dfa,"Cold, no dry season, hot summer",25,Cold,North America,"[30, 60)"
Landcover-774719,44.886917,-97.087095,Landcover,Settlement,Urban areas,Rural: Very Low Dens,train,Dwa,"Cold, dry winter, hot summer",21,Cold,North America,"[30, 60)"
Landcover-774720,36.177884,117.679983,Landcover,Settlement,Urban areas,Urban: Suburban,train,Dwa,"Cold, dry winter, hot summer",21,Cold,Asia,"[30, 60)"
Landcover-774721,35.106302,0.667933,Landcover,Settlement,Urban areas,Rural: cluster,train,BSk,"Arid, steppe, cold",7,Arid,Africa,"[30, 60)"
Landcover-774726,36.237695,-93.098518,Landcover,Settlement,Urban areas,Rural: Very Low Dens,train,Cfa,"Temperate, no dry season, hot summer",14,Temperate,North America,"[30, 60)"
Landcover-774731,55.16427,25.999566,Landcover,Settlement,Urban areas,Rural: Low Dens,train,Dfb,"Cold, no dry season, warm summer",26,Cold,Europe,"[30, 60)"
Landcover-774733,41.216354,-81.816942,Landcover,Settlement,Urban areas,Rural: Very Low Dens,train,Dfa,"Cold, no dry season, hot summer",25,Cold,North America,"[30, 60)"
Landcover-774736,43.881305,-91.277193,Landcover,Settlement,Urban areas,Rural: Very Low Dens,train,Dfa,"Cold, no dry season, hot summer",25,Cold,North America,"[30, 60)"
Landcover-774739,40.036928,-81.587554,Landcover,Settlement,Urban areas,Urban: Suburban,train,Dfa,"Cold, no dry season, hot summer",25,Cold,North America,"[30, 60)"
Landcover-774745,50.352817,18.300531,Landcover,Settlement,Urban areas,Rural: Low Dens,train,Dfb,"Cold, no dry season, warm summer",26,Cold,Europe,"[30, 60)"
Landcover-774749,14.902848,-92.27764,Landcover,Settlement,Urban areas,Urban: Centre,train,Am,"Tropical, monsoon",2,Tropical,North America,"[10, 30)"
Landcover-774756,39.433923,140.480985,Landcover,Settlement,Urban areas,Rural: cluster,train,Dfa,"Cold, no dry season, hot summer",25,Cold,Asia,"[30, 60)"
Landcover-774759,47.139925,39.769158,Landcover,Settlement,Urban areas,Urban: Centre,train,Dfa,"Cold, no dry season, hot summer",25,Cold,Europe,"[30, 60)"
Landcover-774761,32.160496,113.075679,Landcover,Settlement,Urban areas,Rural: Very Low Dens,train,Cwa,"Temperate, dry winter, hot summer",11,Temperate,Asia,"[30, 60)"
Landcover-774768,-6.359957,155.43958,Landcover,Settlement,Urban areas,Rural: Very Low Dens,test,Af,"Tropical, rainforest",1,Tropical,Oceania,"[-10, 10)"
Landcover-774771,-29.714912,-57.099759,Landcover,Settlement,Urban areas,Urban: Dense,train,Cfa,"Temperate, no dry season, hot summer",14,Temperate,South America,"[-30, -10)"
Landcover-774775,40.158889,-8.863745,Landcover,Settlement,Urban areas,Urban: Dense,train,Csb,"Temperate, dry summer, warm summer",9,Temperate,Europe,"[30, 60)"
Landcover-774777,47.717269,1.93108,Landcover,Settlement,Urban areas,Urban: Semi-dense,test,Cfb,"Temperate, no dry season, warm summer",15,Temperate,Europe,"[30, 60)"
Landcover-774778,48.063279,12.164583,Landcover,Settlement,Urban areas,Urban: Semi-dense,train,Dfb,"Cold, no dry season, warm summer",26,Cold,Europe,"[30, 60)"
Landcover-774783,22.840269,120.287211,Landcover,Settlement,Urban areas,Urban: Suburban,train,Aw,"Tropical, savannah",3,Tropical,Asia,"[10, 30)"
Landcover-774803,5.169513,-4.699851,Landcover,Settlement,Urban areas,Water,train,Aw,"Tropical, savannah",3,Tropical,Africa,"[-10, 10)"
Landcover-774804,36.424486,115.791978,Landcover,Settlement,Urban areas,Rural: Very Low Dens,train,Dwa,"Cold, dry winter, hot summer",21,Cold,Asia,"[30, 60)"
Landcover-774806,36.401895,138.270151,Landcover,Settlement,Urban areas,Urban: Centre,train,Dfa,"Cold, no dry season, hot summer",25,Cold,Asia,"[30, 60)"
Landcover-774807,-29.524009,31.215068,Landcover,Settlement,Urban areas,Water,train,Cfa,"Temperate, no dry season, hot summer",14,Temperate,Africa,"[-30, -10)"
Landcover-774812,37.108592,38.652094,Landcover,Settlement,Urban areas,Rural: cluster,train,Csa,"Temperate, dry summer, hot summer",8,Temperate,Asia,"[30, 60)"
Landcover-774823,43.602264,1.470841,Landcover,Settlement,Urban areas,Urban: Centre,train,Cfa,"Temperate, no dry season, hot summer",14,Temperate,Europe,"[30, 60)"
Landcover-774841,36.685933,3.405663,Landcover,Settlement,Urban areas,Urban: Suburban,train,Csa,"Temperate, dry summer, hot summer",8,Temperate,Africa,"[30, 60)"
Landcover-774852,49.547144,11.959827,Landcover,Settlement,Urban areas,Urban: Semi-dense,test,Dfb,"Cold, no dry season, warm summer",26,Cold,Europe,"[30, 60)"
Landcover-774854,48.533008,22.66068,Landcover,Settlement,Urban areas,Rural: Low Dens,train,Dfb,"Cold, no dry season, warm summer",26,Cold,Europe,"[30, 60)"
Landcover-774869,51.236095,33.733186,Landcover,Settlement,Urban areas,Rural: Low Dens,train,Dfb,"Cold, no dry season, warm summer",26,Cold,Europe,"[30, 60)"
Landcover-774871,50.769406,4.347645,Landcover,Settlement,Urban areas,Urban: Suburban,val,Cfb,"Temperate, no dry season, warm summer",15,Temperate,Europe,"[30, 60)"
Landcover-774886,31.836131,118.565619,Landcover,Settlement,Urban areas,Urban: Dense,train,Cfa,"Temperate, no dry season, hot summer",14,Temperate,Asia,"[30, 60)"
Landcover-774887,40.174092,-76.604806,Landcover,Settlement,Urban areas,Urban: Dense,train,Dfa,"Cold, no dry season, hot summer",25,Cold,North America,"[30, 60)"
Landcover-774892,29.44285,-81.515005,Landcover,Settlement,Urban areas,Rural: cluster,test,Cfa,"Temperate, no dry season, hot summer",14,Temperate,North America,"[10, 30)"
Landcover-774895,30.53353,113.459465,Landcover,Settlement,Urban areas,Urban: Dense,train,Cfa,"Temperate, no dry season, hot summer",14,Temperate,Asia,"[30, 60)"
Landcover-774896,21.165978,79.637008,Landcover,Settlement,Urban areas,Urban: Centre,train,Aw,"Tropical, savannah",3,Tropical,Asia,"[10, 30)"
Landcover-774915,-38.737527,-62.305931,Landcover,Settlement,Urban areas,Urban: Centre,train,Cfa,"Temperate, no dry season, hot summer",14,Temperate,South America,"[-60, -30)"
Landcover-774916,28.466005,-82.568151,Landcover,Settlement,Urban areas,Urban: Centre,train,Cfa,"Temperate, no dry season, hot summer",14,Temperate,North America,"[10, 30)"
Landcover-774922,30.060999,-81.827378,Landcover,Settlement,Urban areas,Urban: Semi-dense,train,Cfa,"Temperate, no dry season, hot summer",14,Temperate,North America,"[30, 60)"
Landcover-774926,10.485452,-66.902791,Landcover,Settlement,Urban areas,Urban: Centre,train,Aw,"Tropical, savannah",3,Tropical,South America,"[10, 30)"
Landcover-774947,52.239778,6.581503,Landcover,Settlement,Urban areas,Urban: Suburban,train,Cfb,"Temperate, no dry season, warm summer",15,Temperate,Europe,"[30, 60)"
Landcover-774948,50.923152,3.324378,Landcover,Settlement,Urban areas,Urban: Suburban,train,Cfb,"Temperate, no dry season, warm summer",15,Temperate,Europe,"[30, 60)"
Landcover-774957,31.010806,31.097352,Landcover,Settlement,Urban areas,Urban: Dense,train,BWh,"Arid, desert, hot",4,Arid,Africa,"[30, 60)"
Landcover-774962,44.002435,12.64213,Landcover,Settlement,Urban areas,Urban: Dense,train,Cfa,"Temperate, no dry season, hot summer",14,Temperate,Europe,"[30, 60)"
Landcover-774966,42.491694,-2.578263,Landcover,Settlement,Urban areas,Rural: Low Dens,train,BSk,"Arid, steppe, cold",7,Arid,Europe,"[30, 60)"
Landcover-774972,35.84742,38.629651,Landcover,Settlement,Urban areas,Rural: cluster,val,BSh,"Arid, steppe, hot",6,Arid,Asia,"[30, 60)"
Landcover-774990,-19.322268,146.818713,Landcover,Settlement,Urban areas,Urban: Suburban,val,Aw,"Tropical, savannah",3,Tropical,Oceania,"[-30, -10)"
Landcover-774998,4.844693,96.114776,Landcover,Settlement,Urban areas,Rural: cluster,train,Af,"Tropical, rainforest",1,Tropical,Asia,"[-10, 10)"
Landcover-774999,49.944199,17.90776,Landcover,Settlement,Urban areas,Urban: Dense,train,Dfb,"Cold, no dry season, warm summer",26,Cold,Europe,"[30, 60)"
Landcover-775000,38.023382,117.869998,Landcover,Settlement,Urban areas,Urban: Semi-dense,train,Dwa,"Cold, dry winter, hot summer",21,Cold,Asia,"[30, 60)"
Landcover-775001,44.146279,25.309526,Landcover,Settlement,Urban areas,Rural: cluster,train,Dfa,"Cold, no dry season, hot summer",25,Cold,Europe,"[30, 60)"
Landcover-775003,34.126484,-117.464293,Landcover,Settlement,Urban areas,Urban: Centre,train,Csa,"Temperate, dry summer, hot summer",8,Temperate,North America,"[30, 60)"
Landcover-775014,20.285538,-100.802996,Landcover,Settlement,Urban areas,Rural: Very Low Dens,train,Cwa,"Temperate, dry winter, hot summer",11,Temperate,North America,"[10, 30)"
Landcover-775021,30.701879,104.130533,Landcover,Settlement,Urban areas,Urban: Centre,train,Cwa,"Temperate, dry winter, hot summer",11,Temperate,Asia,"[30, 60)"
Landcover-775038,9.979417,-84.834615,Landcover,Settlement,Urban areas,Water,val,Aw,"Tropical, savannah",3,Tropical,North America,"[-10, 10)"
Landcover-775047,24.174502,82.672891,Landcover,Settlement,Urban areas,Rural: cluster,train,Cwa,"Temperate, dry winter, hot summer",11,Temperate,Asia,"[10, 30)"
Landcover-775048,40.933297,114.942307,Landcover,Settlement,Urban areas,Rural: cluster,test,BSk,"Arid, steppe, cold",7,Arid,Asia,"[30, 60)"
Landcover-775055,29.143059,75.738131,Landcover,Settlement,Urban areas,Urban: Centre,train,BSh,"Arid, steppe, hot",6,Arid,Asia,"[10, 30)"
Landcover-775063,-27.8443,29.981455,Landcover,Settlement,Urban areas,Rural: Very Low Dens,train,Cwb,"Temperate, dry winter, warm summer",12,Temperate,Africa,"[-30, -10)"
Landcover-775074,10.638863,-61.411468,Landcover,Settlement,Urban areas,Urban: Centre,train,Am,"Tropical, monsoon",2,Tropical,North America,"[10, 30)"
Landcover-775085,50.995409,26.957775,Landcover,Settlement,Urban areas,Rural: Very Low Dens,train,Dfb,"Cold, no dry season, warm summer",26,Cold,Europe,"[30, 60)"
Landcover-775092,25.700258,107.641728,Landcover,Settlement,Urban areas,Rural: cluster,train,Cfa,"Temperate, no dry season, hot summer",14,Temperate,Asia,"[10, 30)"
Landcover-775094,36.356523,37.139971,Landcover,Settlement,Urban areas,Rural: Low Dens,test,Csa,"Temperate, dry summer, hot summer",8,Temperate,Asia,"[30, 60)"
Landcover-775096,21.265735,81.564323,Landcover,Settlement,Urban areas,Urban: Centre,train,Aw,"Tropical, savannah",3,Tropical,Asia,"[10, 30)"
Landcover-775098,44.980753,-85.717653,Landcover,Settlement,Urban areas,Rural: Very Low Dens,train,Dfb,"Cold, no dry season, warm summer",26,Cold,North America,"[30, 60)"
Landcover-775100,28.925661,117.067559,Landcover,Settlement,Urban areas,Urban: Suburban,test,Cfa,"Temperate, no dry season, hot summer",14,Temperate,Asia,"[10, 30)"
Landcover-775101,45.642727,-73.650968,Landcover,Settlement,Urban areas,Urban: Centre,test,Dfb,"Cold, no dry season, warm summer",26,Cold,North America,"[30, 60)"
Landcover-775110,27.895929,-81.976557,Landcover,Settlement,Urban areas,Rural: Very Low Dens,train,Cfa,"Temperate, no dry season, hot summer",14,Temperate,North America,"[10, 30)"
Landcover-775113,43.238052,-3.017952,Landcover,Settlement,Urban areas,Rural: cluster,train,Cfb,"Temperate, no dry season, warm summer",15,Temperate,Europe,"[30, 60)"
Landcover-775135,-31.445442,152.916295,Landcover,Settlement,Urban areas,Urban: Suburban,test,Cfa,"Temperate, no dry season, hot summer",14,Temperate,Oceania,"[-60, -30)"
Landcover-775145,33.640326,-112.230096,Landcover,Settlement,Urban areas,Urban: Centre,train,BWh,"Arid, desert, hot",4,Arid,North America,"[30, 60)"
Landcover-775157,52.064404,1.213816,Landcover,Settlement,Urban areas,Urban: Centre,train,Cfb,"Temperate, no dry season, warm summer",15,Temperate,Europe,"[30, 60)"
Landcover-775168,43.4531,-79.664984,Landcover,Settlement,Urban areas,Water,train,Dfa,"Cold, no dry season, hot summer",25,Cold,North America,"[30, 60)"
Landcover-775170,43.018392,-89.29,Landcover,Settlement,Urban areas,Rural: Very Low Dens,train,Dfa,"Cold, no dry season, hot summer",25,Cold,North America,"[30, 60)"
Landcover-775177,49.258246,16.922537,Landcover,Settlement,Urban areas,Rural: Low Dens,train,Dfb,"Cold, no dry season, warm summer",26,Cold,Europe,"[30, 60)"
Landcover-775179,12.33287,37.224273,Landcover,Settlement,Urban areas,Rural: Very Low Dens,train,Aw,"Tropical, savannah",3,Tropical,Africa,"[10, 30)"
Landcover-775188,-25.735152,28.135218,Landcover,Settlement,Urban areas,Urban: Centre,train,Cwa,"Temperate, dry winter, hot summer",11,Temperate,Africa,"[-30, -10)"
Landcover-775211,-22.943777,-42.752533,Landcover,Settlement,Urban areas,Urban: Suburban,train,Am,"Tropical, monsoon",2,Tropical,South America,"[-30, -10)"
Landcover-775215,-10.718265,-48.389247,Landcover,Settlement,Urban areas,Urban: Suburban,val,Aw,"Tropical, savannah",3,Tropical,South America,"[-30, -10)"
Landcover-775216,31.190855,120.591093,Landcover,Settlement,Urban areas,Rural: Very Low Dens,val,Cfa,"Temperate, no dry season, hot summer",14,Temperate,Asia,"[30, 60)"
Landcover-775223,-44.405374,171.24886,Landcover,Settlement,Urban areas,Water,train,Cfb,"Temperate, no dry season, warm summer",15,Temperate,Oceania,"[-60, -30)"
Landcover-775229,28.264497,-81.506912,Landcover,Settlement,Urban areas,Rural: Low Dens,train,Cfa,"Temperate, no dry season, hot summer",14,Temperate,North America,"[10, 30)"
Landcover-775235,48.867334,32.348408,Landcover,Settlement,Urban areas,Rural: Very Low Dens,train,Dfb,"Cold, no dry season, warm summer",26,Cold,Europe,"[30, 60)"
Landcover-775236,-17.838228,18.775979,Landcover,Settlement,Urban areas,Rural: Very Low Dens,train,BSh,"Arid, steppe, hot",6,Arid,Africa,"[-30, -10)"
Landcover-775242,53.502953,13.083981,Landcover,Settlement,Urban areas,Rural: Very Low Dens,train,Dfb,"Cold, no dry season, warm summer",26,Cold,Europe,"[30, 60)"
Landcover-775251,51.538606,59.926926,Landcover,Settlement,Urban areas,Urban: Semi-dense,train,BSk,"Arid, steppe, cold",7,Arid,Europe,"[30, 60)"
Landcover-775252,39.244649,121.768816,Landcover,Settlement,Urban areas,Urban: Suburban,train,Dwa,"Cold, dry winter, hot summer",21,Cold,Asia,"[30, 60)"
Landcover-775261,29.961112,122.152322,Landcover,Settlement,Urban areas,Urban: Dense,val,Cfa,"Temperate, no dry season, hot summer",14,Temperate,Asia,"[10, 30)"
Landcover-775262,-18.202822,-70.527317,Landcover,Settlement,Urban areas,Rural: Very Low Dens,val,BWh,"Arid, desert, hot",4,Arid,South America,"[-30, -10)"
Landcover-775289,50.351286,17.509068,Landcover,Settlement,Urban areas,Rural: Low Dens,train,Dfb,"Cold, no dry season, warm summer",26,Cold,Europe,"[30, 60)"
Landcover-775299,39.589805,26.888751,Landcover,Settlement,Urban areas,Urban: Dense,val,Csa,"Temperate, dry summer, hot summer",8,Temperate,Asia,"[30, 60)"
Landcover-775300,34.359167,135.269869,Landcover,Settlement,Urban areas,Urban: Centre,val,Cfa,"Temperate, no dry season, hot summer",14,Temperate,Asia,"[30, 60)"
Landcover-775303,-34.280425,140.677115,Landcover,Settlement,Urban areas,Rural: Very Low Dens,train,BWk,"Arid, desert, cold",5,Arid,Oceania,"[-60, -30)"
Landcover-775308,45.86517,125.893919,Landcover,Settlement,Urban areas,Rural: Very Low Dens,train,Dwa,"Cold, dry winter, hot summer",21,Cold,Asia,"[30, 60)"
Landcover-775313,41.532142,-4.755548,Landcover,Settlement,Urban areas,Rural: cluster,test,BSk,"Arid, steppe, cold",7,Arid,Europe,"[30, 60)"
Landcover-775321,51.336587,22.774963,Landcover,Settlement,Urban areas,Rural: Low Dens,test,Dfb,"Cold, no dry season, warm summer",26,Cold,Europe,"[30, 60)"
Landcover-775327,37.39831,121.080375,Landcover,Settlement,Urban areas,Rural: Low Dens,train,Dwa,"Cold, dry winter, hot summer",21,Cold,Asia,"[30, 60)"
Landcover-775341,35.715119,139.521107,Landcover,Settlement,Urban areas,Urban: Centre,train,Cfa,"Temperate, no dry season, hot summer",14,Temperate,Asia,"[30, 60)"
Landcover-775345,30.825322,108.346682,Landcover,Settlement,Urban areas,Urban: Centre,train,Cwa,"Temperate, dry winter, hot summer",11,Temperate,Asia,"[30, 60)"
Landcover-775346,37.1887,-76.443803,Landcover,Settlement,Urban areas,Urban: Suburban,train,Cfa,"Temperate, no dry season, hot summer",14,Temperate,North America,"[30, 60)"
Landcover-775347,22.301933,-97.853942,Landcover,Settlement,Urban areas,Urban: Centre,train,Aw,"Tropical, savannah",3,Tropical,North America,"[10, 30)"
Landcover-775350,48.554124,-1.734673,Landcover,Settlement,Urban areas,Rural: cluster,train,Cfb,"Temperate, no dry season, warm summer",15,Temperate,Europe,"[30, 60)"
Landcover-775359,37.334589,-79.988982,Landcover,Settlement,Urban areas,Urban: Centre,train,Cfa,"Temperate, no dry season, hot summer",14,Temperate,North America,"[30, 60)"
Landcover-775372,34.000837,114.409816,Landcover,Settlement,Urban areas,Urban: Suburban,train,Cwa,"Temperate, dry winter, hot summer",11,Temperate,Asia,"[30, 60)"
Landcover-775380,2.222077,102.160139,Landcover,Settlement,Urban areas,Water,train,Af,"Tropical, rainforest",1,Tropical,Asia,"[-10, 10)"
Landcover-775382,39.768021,118.769988,Landcover,Settlement,Urban areas,Urban: Centre,train,Dwa,"Cold, dry winter, hot summer",21,Cold,Asia,"[30, 60)"
Landcover-775383,54.565365,31.42283,Landcover,Settlement,Urban areas,Rural: Low Dens,train,Dfb,"Cold, no dry season, warm summer",26,Cold,Europe,"[30, 60)"
Landcover-775385,1.183678,124.55951,Landcover,Settlement,Urban areas,Urban: Dense,train,Af,"Tropical, rainforest",1,Tropical,Asia,"[-10, 10)"
Landcover-775404,43.679885,-85.485035,Landcover,Settlement,Urban areas,Rural: Very Low Dens,train,Dfb,"Cold, no dry season, warm summer",26,Cold,North America,"[30, 60)"
Landcover-775426,52.075632,4.650062,Landcover,Settlement,Urban areas,Urban: Dense,train,Cfb,"Temperate, no dry season, warm summer",15,Temperate,Europe,"[30, 60)"
Landcover-775432,21.606105,71.221836,Landcover,Settlement,Urban areas,Urban: Centre,train,BSh,"Arid, steppe, hot",6,Arid,Asia,"[10, 30)"
Landcover-775435,52.399666,20.714865,Landcover,Settlement,Urban areas,Rural: cluster,train,Dfb,"Cold, no dry season, warm summer",26,Cold,Europe,"[30, 60)"
Landcover-775437,53.627388,55.955824,Landcover,Settlement,Urban areas,Urban: Centre,train,Dfb,"Cold, no dry season, warm summer",26,Cold,Europe,"[30, 60)"
Landcover-775438,33.05946,116.03847,Landcover,Settlement,Urban areas,Urban: Suburban,train,Cwa,"Temperate, dry winter, hot summer",11,Temperate,Asia,"[30, 60)"
Landcover-775440,32.283914,34.862042,Landcover,Settlement,Urban areas,Urban: Suburban,train,Csa,"Temperate, dry summer, hot summer",8,Temperate,Asia,"[30, 60)"
Landcover-775446,49.166879,28.498108,Landcover,Settlement,Urban areas,Rural: Very Low Dens,train,Dfb,"Cold, no dry season, warm summer",26,Cold,Europe,"[30, 60)"
Landcover-775449,57.723796,12.913547,Landcover,Settlement,Urban areas,Urban: Dense,train,Dfb,"Cold, no dry season, warm summer",26,Cold,Europe,"[30, 60)"
Landcover-775453,25.837515,107.318771,Landcover,Settlement,Urban areas,Urban: Dense,val,Cwa,"Temperate, dry winter, hot summer",11,Temperate,Asia,"[10, 30)"
Landcover-775458,40.262645,49.656322,Landcover,Settlement,Urban areas,Water,train,BWk,"Arid, desert, cold",5,Arid,Asia,"[30, 60)"
Landcover-775469,44.078844,-116.916854,Landcover,Settlement,Urban areas,Rural: Very Low Dens,train,BSk,"Arid, steppe, cold",7,Arid,North America,"[30, 60)"
Landcover-775473,51.051971,4.469277,Landcover,Settlement,Urban areas,Urban: Centre,train,Cfb,"Temperate, no dry season, warm summer",15,Temperate,Europe,"[30, 60)"
Landcover-775475,37.647209,127.235338,Landcover,Settlement,Urban areas,Rural: Low Dens,train,Dwa,"Cold, dry winter, hot summer",21,Cold,Asia,"[30, 60)"
Landcover-775488,47.621732,7.666575,Landcover,Settlement,Urban areas,Urban: Centre,train,Cfb,"Temperate, no dry season, warm summer",15,Temperate,Europe,"[30, 60)"
Landcover-775489,39.968792,32.604952,Landcover,Settlement,Urban areas,Urban: Centre,train,BSk,"Arid, steppe, cold",7,Arid,Asia,"[30, 60)"
Landcover-775511,45.706564,25.578461,Landcover,Settlement,Urban areas,Urban: Suburban,train,Dfb,"Cold, no dry season, warm summer",26,Cold,Europe,"[30, 60)"
Landcover-775513,13.266232,123.541788,Landcover,Settlement,Urban areas,Rural: cluster,val,Af,"Tropical, rainforest",1,Tropical,Asia,"[10, 30)"
Landcover-775516,40.205894,-75.120777,Landcover,Settlement,Urban areas,Urban: Centre,train,Dfa,"Cold, no dry season, hot summer",25,Cold,North America,"[30, 60)"
Landcover-775518,39.288856,-74.560832,Landcover,Settlement,Urban areas,Water,train,Cfa,"Temperate, no dry season, hot summer",14,Temperate,North America,"[30, 60)"
Landcover-775521,50.859482,3.883072,Landcover,Settlement,Urban areas,Rural: cluster,train,Cfb,"Temperate, no dry season, warm summer",15,Temperate,Europe,"[30, 60)"
Landcover-775524,40.970895,72.474072,Landcover,Settlement,Urban areas,Urban: Dense,train,BSk,"Arid, steppe, cold",7,Arid,Asia,"[30, 60)"
Landcover-775527,39.709935,114.275269,Landcover,Settlement,Urban areas,Rural: Very Low Dens,train,BSk,"Arid, steppe, cold",7,Arid,Asia,"[30, 60)"
Landcover-775530,54.521041,52.816578,Landcover,Settlement,Urban areas,Urban: Suburban,train,Dfb,"Cold, no dry season, warm summer",26,Cold,Europe,"[30, 60)"
Landcover-775538,38.154833,48.886953,Landcover,Settlement,Urban areas,Urban: Semi-dense,train,Csa,"Temperate, dry summer, hot summer",8,Temperate,Asia,"[30, 60)"
Landcover-775545,36.340698,136.402682,Landcover,Settlement,Urban areas,Urban: Suburban,train,Cfa,"Temperate, no dry season, hot summer",14,Temperate,Asia,"[30, 60)"
Landcover-775554,46.555456,-84.359229,Landcover,Settlement,Urban areas,Urban: Suburban,train,Dfb,"Cold, no dry season, warm summer",26,Cold,North America,"[30, 60)"
Landcover-775555,33.539166,-117.603682,Landcover,Settlement,Urban areas,Rural: Very Low Dens,train,Csa,"Temperate, dry summer, hot summer",8,Temperate,North America,"[30, 60)"
Landcover-775560,42.9142,-76.758522,Landcover,Settlement,Urban areas,Water,train,Dfa,"Cold, no dry season, hot summer",25,Cold,North America,"[30, 60)"
Landcover-775562,39.215799,48.515013,Landcover,Settlement,Urban areas,Urban: Centre,train,BSk,"Arid, steppe, cold",7,Arid,Asia,"[30, 60)"
Landcover-775563,22.175639,73.578743,Landcover,Settlement,Urban areas,Rural: Very Low Dens,test,Aw,"Tropical, savannah",3,Tropical,Asia,"[10, 30)"
Landcover-775566,30.057467,31.470563,Landcover,Settlement,Urban areas,Rural: Low Dens,test,BWh,"Arid, desert, hot",4,Arid,Africa,"[30, 60)"
Landcover-775577,37.141999,119.784223,Landcover,Settlement,Urban areas,Urban: Suburban,train,Dwa,"Cold, dry winter, hot summer",21,Cold,Asia,"[30, 60)"
Landcover-775579,51.248816,37.874508,Landcover,Settlement,Urban areas,Rural: cluster,test,Dfb,"Cold, no dry season, warm summer",26,Cold,Europe,"[30, 60)"
Landcover-775582,-26.890792,-49.099398,Landcover,Settlement,Urban areas,Urban: Centre,train,Cfa,"Temperate, no dry season, hot summer",14,Temperate,South America,"[-30, -10)"
Landcover-775583,40.960029,39.767565,Landcover,Settlement,Urban areas,Rural: Very Low Dens,train,Cfa,"Temperate, no dry season, hot summer",14,Temperate,Asia,"[30, 60)"
Landcover-775604,28.820221,79.037079,Landcover,Settlement,Urban areas,Urban: Centre,train,Cwa,"Temperate, dry winter, hot summer",11,Temperate,Asia,"[10, 30)"
Landcover-775605,13.086822,100.912029,Landcover,Settlement,Urban areas,Urban: Centre,val,Aw,"Tropical, savannah",3,Tropical,Asia,"[10, 30)"
Landcover-775612,-34.237255,116.154982,Landcover,Settlement,Urban areas,Rural: Very Low Dens,test,Csb,"Temperate, dry summer, warm summer",9,Temperate,Oceania,"[-60, -30)"
Landcover-775617,40.946188,140.394678,Landcover,Settlement,Urban areas,Rural: Low Dens,train,Dfa,"Cold, no dry season, hot summer",25,Cold,Asia,"[30, 60)"
Landcover-775619,33.44332,-111.632739,Landcover,Settlement,Urban areas,Urban: Suburban,train,BWh,"Arid, desert, hot",4,Arid,North America,"[30, 60)"
Landcover-775630,19.587029,-99.310327,Landcover,Settlement,Urban areas,Rural: Very Low Dens,train,Cwb,"Temperate, dry winter, warm summer",12,Temperate,North America,"[10, 30)"
Landcover-775635,36.955859,-86.40551,Landcover,Settlement,Urban areas,Rural: Very Low Dens,val,Cfa,"Temperate, no dry season, hot summer",14,Temperate,North America,"[30, 60)"
Landcover-775637,52.783297,55.777545,Landcover,Settlement,Urban areas,Urban: Dense,train,Dfb,"Cold, no dry season, warm summer",26,Cold,Europe,"[30, 60)"
Landcover-775640,49.60333,18.005472,Landcover,Settlement,Urban areas,Urban: Dense,train,Dfb,"Cold, no dry season, warm summer",26,Cold,Europe,"[30, 60)"
Landcover-775645,53.013291,63.252822,Landcover,Settlement,Urban areas,Rural: Very Low Dens,train,BSk,"Arid, steppe, cold",7,Arid,Asia,"[30, 60)"
Landcover-775651,35.471025,44.399075,Landcover,Settlement,Urban areas,Urban: Centre,train,BSh,"Arid, steppe, hot",6,Arid,Asia,"[30, 60)"
Landcover-775655,36.672701,117.754929,Landcover,Settlement,Urban areas,Urban: Suburban,test,Dwa,"Cold, dry winter, hot summer",21,Cold,Asia,"[30, 60)"
Landcover-775659,7.877269,98.394495,Landcover,Settlement,Urban areas,Urban: Centre,train,Am,"Tropical, monsoon",2,Tropical,Asia,"[-10, 10)"
Landcover-775660,34.076135,-117.335162,Landcover,Settlement,Urban areas,Urban: Centre,train,BSh,"Arid, steppe, hot",6,Arid,North America,"[30, 60)"
Landcover-775663,32.469033,-92.17335,Landcover,Settlement,Urban areas,Urban: Semi-dense,train,Cfa,"Temperate, no dry season, hot summer",14,Temperate,North America,"[30, 60)"
Landcover-775664,50.873502,3.805621,Landcover,Settlement,Urban areas,Urban: Dense,train,Cfb,"Temperate, no dry season, warm summer",15,Temperate,Europe,"[30, 60)"
Landcover-775665,31.176296,-81.483646,Landcover,Settlement,Urban areas,Urban: Suburban,train,Cfa,"Temperate, no dry season, hot summer",14,Temperate,North America,"[30, 60)"
Landcover-775670,56.032912,87.620039,Landcover,Settlement,Urban areas,Rural: cluster,train,Dfc,"Cold, no dry season, cold summer",27,Cold,Europe,"[30, 60)"
Landcover-775674,50.610955,27.151772,Landcover,Settlement,Urban areas,Rural: Low Dens,train,Dfb,"Cold, no dry season, warm summer",26,Cold,Europe,"[30, 60)"
Landcover-775678,35.123362,-80.804496,Landcover,Settlement,Urban areas,Urban: Suburban,train,Cfa,"Temperate, no dry season, hot summer",14,Temperate,North America,"[30, 60)"
Landcover-775683,48.099094,18.057381,Landcover,Settlement,Urban areas,Rural: cluster,train,Dfb,"Cold, no dry season, warm summer",26,Cold,Europe,"[30, 60)"
Landcover-775685,21.373124,-158.025264,Landcover,Settlement,Urban areas,Water,train,Aw,"Tropical, savannah",3,Tropical,North America,"[10, 30)"
Landcover-775686,45.247369,-93.666721,Landcover,Settlement,Urban areas,Rural: cluster,train,Dfa,"Cold, no dry season, hot summer",25,Cold,North America,"[30, 60)"
Landcover-775706,44.049678,10.496436,Landcover,Settlement,Urban areas,Urban: Semi-dense,train,Csb,"Temperate, dry summer, warm summer",9,Temperate,Europe,"[30, 60)"
Landcover-775707,38.937915,-9.095196,Landcover,Settlement,Urban areas,Rural: Low Dens,train,Csb,"Temperate, dry summer, warm summer",9,Temperate,Europe,"[30, 60)"
Landcover-775721,-6.414091,106.942439,Landcover,Settlement,Urban areas,Urban: Centre,train,Af,"Tropical, rainforest",1,Tropical,Asia,"[-10, 10)"
Landcover-775723,52.525934,19.013485,Landcover,Settlement,Urban areas,Rural: Low Dens,train,Dfb,"Cold, no dry season, warm summer",26,Cold,Europe,"[30, 60)"
Landcover-775726,28.172518,68.043093,Landcover,Settlement,Urban areas,Urban: Centre,train,BWh,"Arid, desert, hot",4,Arid,Asia,"[10, 30)"
Landcover-775729,46.49935,131.882342,Landcover,Settlement,Urban areas,Rural: Low Dens,train,Dwa,"Cold, dry winter, hot summer",21,Cold,Asia,"[30, 60)"
Landcover-775760,20.077393,-100.638763,Landcover,Settlement,Urban areas,Water,train,Cwb,"Temperate, dry winter, warm summer",12,Temperate,North America,"[10, 30)"
Landcover-775761,35.501686,6.911564,Landcover,Settlement,Urban areas,Urban: Dense,train,BSk,"Arid, steppe, cold",7,Arid,Africa,"[30, 60)"
Landcover-775765,40.904011,119.992822,Landcover,Settlement,Urban areas,Urban: Semi-dense,train,Dwa,"Cold, dry winter, hot summer",21,Cold,Asia,"[30, 60)"
Landcover-775766,34.59391,118.192467,Landcover,Settlement,Urban areas,Urban: Suburban,train,Dwa,"Cold, dry winter, hot summer",21,Cold,Asia,"[30, 60)"
Landcover-775774,40.420551,110.045344,Landcover,Settlement,Urban areas,Urban: Centre,test,BSk,"Arid, steppe, cold",7,Arid,Asia,"[30, 60)"
Landcover-775779,45.46859,11.311892,Landcover,Settlement,Urban areas,Rural: cluster,train,Cfa,"Temperate, no dry season, hot summer",14,Temperate,Europe,"[30, 60)"
Landcover-775780,36.079538,114.481278,Landcover,Settlement,Urban areas,Urban: Suburban,test,BSk,"Arid, steppe, cold",7,Arid,Asia,"[30, 60)"
Landcover-775781,27.361379,99.645072,Landcover,Settlement,Urban areas,Rural: Very Low Dens,train,Cwb,"Temperate, dry winter, warm summer",12,Temperate,Asia,"[10, 30)"
Landcover-775795,29.21901,55.845953,Landcover,Settlement,Urban areas,Rural: Low Dens,train,BWk,"Arid, desert, cold",5,Arid,Asia,"[10, 30)"
Landcover-775796,48.862158,3.827239,Landcover,Settlement,Urban areas,Rural: Very Low Dens,val,Cfb,"Temperate, no dry season, warm summer",15,Temperate,Europe,"[30, 60)"
Landcover-775816,50.860419,4.698214,Landcover,Settlement,Urban areas,Urban: Suburban,val,Cfb,"Temperate, no dry season, warm summer",15,Temperate,Europe,"[30, 60)"
Landcover-775818,-43.469798,172.693378,Landcover,Settlement,Urban areas,Rural: Low Dens,val,Cfb,"Temperate, no dry season, warm summer",15,Temperate,Oceania,"[-60, -30)"
Landcover-775819,42.69776,-83.079427,Landcover,Settlement,Urban areas,Urban: Suburban,val,Dfa,"Cold, no dry season, hot summer",25,Cold,North America,"[30, 60)"
Landcover-775824,-3.334597,29.268174,Landcover,Settlement,Urban areas,Rural: Very Low Dens,test,Aw,"Tropical, savannah",3,Tropical,Africa,"[-10, 10)"
Landcover-775828,43.403581,5.606007,Landcover,Settlement,Urban areas,Urban: Suburban,train,Csa,"Temperate, dry summer, hot summer",8,Temperate,Europe,"[30, 60)"
Landcover-775837,51.859012,16.505461,Landcover,Settlement,Urban areas,Rural: Low Dens,train,Dfb,"Cold, no dry season, warm summer",26,Cold,Europe,"[30, 60)"
Landcover-775838,23.083981,-82.400299,Landcover,Settlement,Urban areas,Urban: Centre,train,Am,"Tropical, monsoon",2,Tropical,North America,"[10, 30)"
Landcover-775840,-25.064259,-65.49562,Landcover,Settlement,Urban areas,Urban: Suburban,train,BSk,"Arid, steppe, cold",7,Arid,South America,"[-30, -10)"
Landcover-775845,33.6319,-78.973476,Landcover,Settlement,Urban areas,Urban: Dense,train,Cfa,"Temperate, no dry season, hot summer",14,Temperate,North America,"[30, 60)"
Landcover-775847,52.172595,4.578532,Landcover,Settlement,Urban areas,Rural: Low Dens,train,Cfb,"Temperate, no dry season, warm summer",15,Temperate,Europe,"[30, 60)"
Landcover-775853,5.960747,116.055743,Landcover,Settlement,Urban areas,Urban: Centre,train,Af,"Tropical, rainforest",1,Tropical,Asia,"[-10, 10)"
Landcover-775859,31.882351,47.118382,Landcover,Settlement,Urban areas,Urban: Centre,train,BWh,"Arid, desert, hot",4,Arid,Asia,"[30, 60)"
Landcover-775881,11.054653,124.382587,Landcover,Settlement,Urban areas,Urban: Dense,train,Af,"Tropical, rainforest",1,Tropical,Asia,"[10, 30)"
Landcover-775887,30.388932,-91.237326,Landcover,Settlement,Urban areas,Rural: Very Low Dens,train,Cfa,"Temperate, no dry season, hot summer",14,Temperate,North America,"[30, 60)"
Landcover-775903,38.730187,125.234474,Landcover,Settlement,Urban areas,Water,train,Dwa,"Cold, dry winter, hot summer",21,Cold,Asia,"[30, 60)"
Landcover-775912,55.60632,31.182593,Landcover,Settlement,Urban areas,Urban: Semi-dense,train,Dfb,"Cold, no dry season, warm summer",26,Cold,Europe,"[30, 60)"
Landcover-775913,-26.252071,-49.382898,Landcover,Settlement,Urban areas,Urban: Dense,train,Cfb,"Temperate, no dry season, warm summer",15,Temperate,South America,"[-30, -10)"
Landcover-775922,29.975823,120.24325,Landcover,Settlement,Urban areas,Urban: Dense,train,Cfa,"Temperate, no dry season, hot summer",14,Temperate,Asia,"[10, 30)"
Landcover-775932,46.046553,129.071327,Landcover,Settlement,Urban areas,Rural: Low Dens,train,Dwa,"Cold, dry winter, hot summer",21,Cold,Asia,"[30, 60)"
Landcover-775942,23.379267,116.189398,Landcover,Settlement,Urban areas,Rural: Very Low Dens,train,Cwa,"Temperate, dry winter, hot summer",11,Temperate,Asia,"[10, 30)"
Landcover-775946,18.407648,109.864485,Landcover,Settlement,Urban areas,Rural: Very Low Dens,test,Aw,"Tropical, savannah",3,Tropical,Asia,"[10, 30)"
Landcover-775958,29.82313,107.044329,Landcover,Settlement,Urban areas,Urban: Centre,train,Cwa,"Temperate, dry winter, hot summer",11,Temperate,Asia,"[10, 30)"
Landcover-775963,36.381442,43.215928,Landcover,Settlement,Urban areas,Rural: Low Dens,train,Csa,"Temperate, dry summer, hot summer",8,Temperate,Asia,"[30, 60)"
Landcover-775976,33.478953,9.008192,Landcover,Settlement,Urban areas,Urban: Suburban,train,BWh,"Arid, desert, hot",4,Arid,Africa,"[30, 60)"
Landcover-775981,55.595575,98.597451,Landcover,Settlement,Urban areas,Rural: Very Low Dens,val,Dwc,"Cold, dry winter, cold summer",23,Cold,Europe,"[30, 60)"
Landcover-775990,51.924999,9.034454,Landcover,Settlement,Urban areas,Rural: Low Dens,test,Cfb,"Temperate, no dry season, warm summer",15,Temperate,Europe,"[30, 60)"
Landcover-776002,36.387905,-84.122286,Landcover,Settlement,Urban areas,Urban: Semi-dense,train,Cfa,"Temperate, no dry season, hot summer",14,Temperate,North America,"[30, 60)"
Landcover-776008,40.525075,109.684451,Landcover,Settlement,Urban areas,Rural: Very Low Dens,train,BSk,"Arid, steppe, cold",7,Arid,Asia,"[30, 60)"
Landcover-776011,55.595635,13.028443,Landcover,Settlement,Urban areas,Urban: Centre,train,Dfb,"Cold, no dry season, warm summer",26,Cold,Europe,"[30, 60)"
Landcover-776017,5.656009,0.02505,Landcover,Settlement,Urban areas,Water,train,Aw,"Tropical, savannah",3,Tropical,Africa,"[-10, 10)"
Landcover-776022,29.77314,-95.282744,Landcover,Settlement,Urban areas,Urban: Centre,val,Cfa,"Temperate, no dry season, hot summer",14,Temperate,North America,"[10, 30)"
Landcover-776027,40.251251,-8.443285,Landcover,Settlement,Urban areas,Rural: Low Dens,train,Csa,"Temperate, dry summer, hot summer",8,Temperate,Europe,"[30, 60)"
Landcover-776040,37.929272,115.478656,Landcover,Settlement,Urban areas,Rural: Very Low Dens,train,BSk,"Arid, steppe, cold",7,Arid,Asia,"[30, 60)"
Landcover-776046,36.610731,-87.346587,Landcover,Settlement,Urban areas,Rural: Low Dens,test,Cfa,"Temperate, no dry season, hot summer",14,Temperate,North America,"[30, 60)"
Landcover-776048,42.118551,123.625543,Landcover,Settlement,Urban areas,Urban: Semi-dense,train,Dwa,"Cold, dry winter, hot summer",21,Cold,Asia,"[30, 60)"
Landcover-776052,-16.525878,-50.369097,Landcover,Settlement,Urban areas,Rural: Low Dens,train,Aw,"Tropical, savannah",3,Tropical,South America,"[-30, -10)"
Landcover-776054,49.469867,11.157178,Landcover,Settlement,Urban areas,Rural: Very Low Dens,train,Dfb,"Cold, no dry season, warm summer",26,Cold,Europe,"[30, 60)"
Landcover-776059,29.391891,-98.511907,Landcover,Settlement,Urban areas,Urban: Centre,train,Cfa,"Temperate, no dry season, hot summer",14,Temperate,North America,"[10, 30)"
Landcover-776060,51.151449,11.797039,Landcover,Settlement,Urban areas,Urban: Suburban,val,Dfb,"Cold, no dry season, warm summer",26,Cold,Europe,"[30, 60)"
Landcover-776074,22.62524,114.014891,Landcover,Settlement,Urban areas,Urban: Centre,train,Cwa,"Temperate, dry winter, hot summer",11,Temperate,Asia,"[10, 30)"
Landcover-776079,34.964289,-85.236676,Landcover,Settlement,Urban areas,Urban: Suburban,test,Cfa,"Temperate, no dry season, hot summer",14,Temperate,North America,"[30, 60)"
Landcover-776084,24.987919,51.587898,Landcover,Settlement,Urban areas,Water,train,BWh,"Arid, desert, hot",4,Arid,Asia,"[10, 30)"
Landcover-776098,62.209937,130.300684,Landcover,Settlement,Urban areas,Rural: Very Low Dens,train,Dfd,"Cold, no dry season, very cold winter",28,Cold,Europe,"[60, 90)"
Landcover-776106,18.791337,78.300239,Landcover,Settlement,Urban areas,Rural: cluster,train,Aw,"Tropical, savannah",3,Tropical,Asia,"[10, 30)"
Landcover-776120,-2.337799,16.329367,Landcover,Settlement,Urban areas,Rural: Very Low Dens,train,Aw,"Tropical, savannah",3,Tropical,Africa,"[-10, 10)"
Landcover-776129,30.003538,-90.13996,Landcover,Settlement,Urban areas,Urban: Centre,train,Cfa,"Temperate, no dry season, hot summer",14,Temperate,North America,"[30, 60)"
Landcover-776133,11.820342,99.775525,Landcover,Settlement,Urban areas,Urban: Dense,train,Aw,"Tropical, savannah",3,Tropical,Asia,"[10, 30)"
Landcover-776143,46.318432,4.81016,Landcover,Settlement,Urban areas,Urban: Dense,train,Cfb,"Temperate, no dry season, warm summer",15,Temperate,Europe,"[30, 60)"
Landcover-776152,15.703862,32.614814,Landcover,Settlement,Urban areas,Urban: Suburban,test,BWh,"Arid, desert, hot",4,Arid,Africa,"[10, 30)"
Landcover-776153,26.994803,49.610221,Landcover,Settlement,Urban areas,Rural: Low Dens,val,BWh,"Arid, desert, hot",4,Arid,Asia,"[10, 30)"
Landcover-776164,36.474833,59.401467,Landcover,Settlement,Urban areas,Urban: Dense,train,BWk,"Arid, desert, cold",5,Arid,Asia,"[30, 60)"
Landcover-776166,36.568975,119.402737,Landcover,Settlement,Urban areas,Urban: Suburban,train,Dwa,"Cold, dry winter, hot summer",21,Cold,Asia,"[30, 60)"
Landcover-776183,40.932469,115.30451,Landcover,Settlement,Urban areas,Rural: cluster,val,Dwb,"Cold, dry winter, warm summer",22,Cold,Asia,"[30, 60)"
Landcover-776185,35.912065,117.763372,Landcover,Settlement,Urban areas,Urban: Centre,train,Dwa,"Cold, dry winter, hot summer",21,Cold,Asia,"[30, 60)"
Landcover-776197,51.328462,-0.574592,Landcover,Settlement,Urban areas,Urban: Centre,train,Cfb,"Temperate, no dry season, warm summer",15,Temperate,Europe,"[30, 60)"
Landcover-776198,49.501826,0.791855,Landcover,Settlement,Urban areas,Urban: Semi-dense,train,Cfb,"Temperate, no dry season, warm summer",15,Temperate,Europe,"[30, 60)"
Landcover-776204,23.258537,104.477824,Landcover,Settlement,Urban areas,Rural: Very Low Dens,train,Cwa,"Temperate, dry winter, hot summer",11,Temperate,Asia,"[10, 30)"
Landcover-776211,37.460489,30.560594,Landcover,Settlement,Urban areas,Urban: Dense,train,Csa,"Temperate, dry summer, hot summer",8,Temperate,Asia,"[30, 60)"
Landcover-776216,38.090846,113.461033,Landcover,Settlement,Urban areas,Urban: Suburban,train,Dwa,"Cold, dry winter, hot summer",21,Cold,Asia,"[30, 60)"
Landcover-776220,37.428346,-5.968298,Landcover,Settlement,Urban areas,Urban: Centre,train,Csa,"Temperate, dry summer, hot summer",8,Temperate,Europe,"[30, 60)"
Landcover-776224,49.334002,30.627956,Landcover,Settlement,Urban areas,Rural: Very Low Dens,train,Dfb,"Cold, no dry season, warm summer",26,Cold,Europe,"[30, 60)"
Landcover-776226,24.809558,49.35989,Landcover,Settlement,Urban areas,Rural: Very Low Dens,val,BWh,"Arid, desert, hot",4,Arid,Asia,"[10, 30)"
Landcover-776227,-27.426227,153.523646,Landcover,Settlement,Urban areas,Rural: Low Dens,train,Cfa,"Temperate, no dry season, hot summer",14,Temperate,Oceania,"[-30, -10)"
Landcover-776231,35.81685,120.011675,Landcover,Settlement,Urban areas,Rural: cluster,train,Dwa,"Cold, dry winter, hot summer",21,Cold,Asia,"[30, 60)"
Landcover-776232,35.803778,-80.853509,Landcover,Settlement,Urban areas,Urban: Semi-dense,train,Cfa,"Temperate, no dry season, hot summer",14,Temperate,North America,"[30, 60)"
Landcover-776234,43.184481,-77.577783,Landcover,Settlement,Urban areas,Urban: Centre,train,Dfa,"Cold, no dry season, hot summer",25,Cold,North America,"[30, 60)"
Landcover-776238,39.769829,64.328675,Landcover,Settlement,Urban areas,Urban: Suburban,test,BWk,"Arid, desert, cold",5,Arid,Asia,"[30, 60)"
Landcover-776251,46.32325,3.401181,Landcover,Settlement,Urban areas,Rural: cluster,train,Cfb,"Temperate, no dry season, warm summer",15,Temperate,Europe,"[30, 60)"
Landcover-776260,58.392119,42.44017,Landcover,Settlement,Urban areas,Rural: Very Low Dens,train,Dfb,"Cold, no dry season, warm summer",26,Cold,Europe,"[30, 60)"
Landcover-776262,40.219224,-111.672673,Landcover,Settlement,Urban areas,Rural: Very Low Dens,train,BSk,"Arid, steppe, cold",7,Arid,North America,"[30, 60)"
Landcover-776275,33.17606,-8.608816,Landcover,Settlement,Urban areas,Rural: Low Dens,train,Csa,"Temperate, dry summer, hot summer",8,Temperate,Africa,"[30, 60)"
Landcover-776291,47.019439,130.745977,Landcover,Settlement,Urban areas,Urban: Suburban,test,Dwa,"Cold, dry winter, hot summer",21,Cold,Asia,"[30, 60)"
Landcover-776295,29.633297,-115.392846,Landcover,Settlement,Urban areas,Rural: Very Low Dens,train,BWh,"Arid, desert, hot",4,Arid,North America,"[10, 30)"
Landcover-776300,53.553134,-2.618934,Landcover,Settlement,Urban areas,Urban: Centre,train,Cfb,"Temperate, no dry season, warm summer",15,Temperate,Europe,"[30, 60)"
Landcover-776306,53.511896,49.110633,Landcover,Settlement,Urban areas,Rural: cluster,val,Dfb,"Cold, no dry season, warm summer",26,Cold,Europe,"[30, 60)"
Landcover-776309,41.297697,1.258173,Landcover,Settlement,Urban areas,Urban: Suburban,train,BSk,"Arid, steppe, cold",7,Arid,Europe,"[30, 60)"
Landcover-776311,24.452832,98.433329,Landcover,Settlement,Urban areas,Urban: Semi-dense,train,Cwa,"Temperate, dry winter, hot summer",11,Temperate,Asia,"[10, 30)"
Landcover-776314,-14.663202,-52.359957,Landcover,Settlement,Urban areas,Urban: Suburban,train,Aw,"Tropical, savannah",3,Tropical,South America,"[-30, -10)"
Landcover-776318,44.805796,118.506329,Landcover,Settlement,Urban areas,Rural: Very Low Dens,train,Dwb,"Cold, dry winter, warm summer",22,Cold,Asia,"[30, 60)"
Landcover-776321,10.250425,13.285776,Landcover,Settlement,Urban areas,Rural: Very Low Dens,test,Aw,"Tropical, savannah",3,Tropical,Africa,"[10, 30)"
Landcover-776327,37.297426,-4.766621,Landcover,Settlement,Urban areas,Rural: cluster,train,Csa,"Temperate, dry summer, hot summer",8,Temperate,Europe,"[30, 60)"
Landcover-776329,41.863479,43.418207,Landcover,Settlement,Urban areas,Rural: Low Dens,val,Dfb,"Cold, no dry season, warm summer",26,Cold,Asia,"[30, 60)"
Landcover-776332,41.810561,45.726932,Landcover,Settlement,Urban areas,Urban: Semi-dense,train,Cfa,"Temperate, no dry season, hot summer",14,Temperate,Asia,"[30, 60)"
Landcover-776333,39.316,118.600424,Landcover,Settlement,Urban areas,Rural: Low Dens,train,Dwa,"Cold, dry winter, hot summer",21,Cold,Asia,"[30, 60)"
Landcover-776335,14.465751,120.999448,Landcover,Settlement,Urban areas,Urban: Centre,train,Aw,"Tropical, savannah",3,Tropical,Asia,"[10, 30)"
Landcover-776336,8.843985,7.869253,Landcover,Settlement,Urban areas,Urban: Centre,val,Aw,"Tropical, savannah",3,Tropical,Africa,"[-10, 10)"
Landcover-776340,43.918444,126.575403,Landcover,Settlement,Urban areas,Urban: Centre,train,Dwa,"Cold, dry winter, hot summer",21,Cold,Asia,"[30, 60)"
Landcover-776343,49.06314,-122.489647,Landcover,Settlement,Urban areas,Urban: Dense,train,Cfb,"Temperate, no dry season, warm summer",15,Temperate,North America,"[30, 60)"
Landcover-776349,43.968909,43.610302,Landcover,Settlement,Urban areas,Urban: Dense,train,Dfa,"Cold, no dry season, hot summer",25,Cold,Europe,"[30, 60)"
Landcover-776353,28.94396,70.952993,Landcover,Settlement,Urban areas,Urban: Dense,train,BWh,"Arid, desert, hot",4,Arid,Asia,"[10, 30)"
Landcover-776375,32.733329,-96.670792,Landcover,Settlement,Urban areas,Urban: Centre,train,Cfa,"Temperate, no dry season, hot summer",14,Temperate,North America,"[30, 60)"
Landcover-776385,27.426548,-82.448041,Landcover,Settlement,Urban areas,Urban: Centre,train,Cfa,"Temperate, no dry season, hot summer",14,Temperate,North America,"[10, 30)"
Landcover-776388,31.318253,120.836326,Landcover,Settlement,Urban areas,Urban: Centre,train,Cfa,"Temperate, no dry season, hot summer",14,Temperate,Asia,"[30, 60)"
Landcover-776390,34.185966,-84.139765,Landcover,Settlement,Urban areas,Urban: Suburban,train,Cfa,"Temperate, no dry season, hot summer",14,Temperate,North America,"[30, 60)"
Landcover-776397,33.952474,130.919945,Landcover,Settlement,Urban areas,Urban: Centre,train,Cfa,"Temperate, no dry season, hot summer",14,Temperate,Asia,"[30, 60)"
Landcover-776398,21.421899,39.316103,Landcover,Settlement,Urban areas,Rural: Low Dens,train,BWh,"Arid, desert, hot",4,Arid,Asia,"[10, 30)"
Landcover-776399,30.327356,-81.753674,Landcover,Settlement,Urban areas,Urban: Centre,val,Cfa,"Temperate, no dry season, hot summer",14,Temperate,North America,"[30, 60)"
Landcover-776403,45.519762,9.32673,Landcover,Settlement,Urban areas,Urban: Centre,train,Cfa,"Temperate, no dry season, hot summer",14,Temperate,Europe,"[30, 60)"
Landcover-776416,44.790335,24.615075,Landcover,Settlement,Urban areas,Rural: Low Dens,train,Dfb,"Cold, no dry season, warm summer",26,Cold,Europe,"[30, 60)"
Landcover-776424,44.094433,126.476333,Landcover,Settlement,Urban areas,Rural: cluster,train,Dwa,"Cold, dry winter, hot summer",21,Cold,Asia,"[30, 60)"
Landcover-77643,-6.559477,107.785785,Landcover,Agriculture,"Cropland, rainfed",Urban: Centre,train,Am,"Tropical, monsoon",2,Tropical,Asia,"[-10, 10)"
Landcover-776430,45.880516,127.86246,Landcover,Settlement,Urban areas,Rural: Low Dens,train,Dwa,"Cold, dry winter, hot summer",21,Cold,Asia,"[30, 60)"
Landcover-776445,-6.419619,107.602173,Landcover,Settlement,Urban areas,Urban: Suburban,train,Am,"Tropical, monsoon",2,Tropical,Asia,"[-10, 10)"
Landcover-776455,41.269354,1.969443,Landcover,Settlement,Urban areas,Water,train,Csa,"Temperate, dry summer, hot summer",8,Temperate,Europe,"[30, 60)"
Landcover-776458,51.617819,-3.829194,Landcover,Settlement,Urban areas,Urban: Centre,train,Cfb,"Temperate, no dry season, warm summer",15,Temperate,Europe,"[30, 60)"
Landcover-776460,48.941461,17.61748,Landcover,Settlement,Urban areas,Rural: Low Dens,train,Dfb,"Cold, no dry season, warm summer",26,Cold,Europe,"[30, 60)"
Landcover-776465,44.975798,-92.759678,Landcover,Settlement,Urban areas,Urban: Dense,train,Dfa,"Cold, no dry season, hot summer",25,Cold,North America,"[30, 60)"
Landcover-776480,52.788044,-1.584404,Landcover,Settlement,Urban areas,Urban: Dense,val,Cfb,"Temperate, no dry season, warm summer",15,Temperate,Europe,"[30, 60)"
Landcover-776489,46.855517,26.521661,Landcover,Settlement,Urban areas,Urban: Semi-dense,val,Dfb,"Cold, no dry season, warm summer",26,Cold,Europe,"[30, 60)"
Landcover-776491,23.991272,115.893673,Landcover,Settlement,Urban areas,Urban: Semi-dense,train,Cwa,"Temperate, dry winter, hot summer",11,Temperate,Asia,"[10, 30)"
Landcover-776493,42.050282,-71.871654,Landcover,Settlement,Urban areas,Urban: Dense,val,Dfa,"Cold, no dry season, hot summer",25,Cold,North America,"[30, 60)"
Landcover-776517,44.432535,11.527094,Landcover,Settlement,Urban areas,Rural: Very Low Dens,train,Cfa,"Temperate, no dry season, hot summer",14,Temperate,Europe,"[30, 60)"
Landcover-776519,36.664845,52.39681,Landcover,Settlement,Urban areas,Urban: Suburban,test,Csa,"Temperate, dry summer, hot summer",8,Temperate,Asia,"[30, 60)"
Landcover-776526,45.271479,41.830073,Landcover,Settlement,Urban areas,Urban: Semi-dense,train,Dfa,"Cold, no dry season, hot summer",25,Cold,Europe,"[30, 60)"
Landcover-776527,46.990863,34.178073,Landcover,Settlement,Urban areas,Rural: Very Low Dens,train,BSk,"Arid, steppe, cold",7,Arid,Europe,"[30, 60)"
Landcover-776533,-8.199073,26.429274,Landcover,Settlement,Urban areas,Water,train,Aw,"Tropical, savannah",3,Tropical,Africa,"[-10, 10)"
Landcover-776534,38.215298,-84.861957,Landcover,Settlement,Urban areas,Urban: Dense,train,Dfa,"Cold, no dry season, hot summer",25,Cold,North America,"[30, 60)"
Landcover-776535,19.859037,110.355444,Landcover,Settlement,Urban areas,Urban: Dense,val,Aw,"Tropical, savannah",3,Tropical,Asia,"[10, 30)"
Landcover-776539,-8.136239,-79.014939,Landcover,Settlement,Urban areas,Rural: cluster,train,BWh,"Arid, desert, hot",4,Arid,South America,"[-10, 10)"
Landcover-776553,21.408692,70.359821,Landcover,Settlement,Urban areas,Rural: Very Low Dens,test,BSh,"Arid, steppe, hot",6,Arid,Asia,"[10, 30)"
Landcover-776562,31.699949,-106.40501,Landcover,Settlement,Urban areas,Urban: Centre,test,BWh,"Arid, desert, hot",4,Arid,North America,"[30, 60)"
Landcover-776564,44.266166,123.958238,Landcover,Settlement,Urban areas,Rural: Very Low Dens,train,Dwa,"Cold, dry winter, hot summer",21,Cold,Asia,"[30, 60)"
Landcover-776566,23.972021,120.493223,Landcover,Settlement,Urban areas,Urban: Centre,train,Cwa,"Temperate, dry winter, hot summer",11,Temperate,Asia,"[10, 30)"
Landcover-776576,49.840161,27.595718,Landcover,Settlement,Urban areas,Rural: Very Low Dens,train,Dfb,"Cold, no dry season, warm summer",26,Cold,Europe,"[30, 60)"
Landcover-776579,53.383548,62.937978,Landcover,Settlement,Urban areas,Urban: Semi-dense,train,BSk,"Arid, steppe, cold",7,Arid,Asia,"[30, 60)"
Landcover-776597,28.443476,121.52884,Landcover,Settlement,Urban areas,Urban: Suburban,train,Cfa,"Temperate, no dry season, hot summer",14,Temperate,Asia,"[10, 30)"
Landcover-776598,48.746412,37.482859,Landcover,Settlement,Urban areas,Rural: Very Low Dens,train,Dfb,"Cold, no dry season, warm summer",26,Cold,Europe,"[30, 60)"
Landcover-776602,27.013584,49.62441,Landcover,Settlement,Urban areas,Urban: Centre,train,BWh,"Arid, desert, hot",4,Arid,Asia,"[10, 30)"
Landcover-776611,39.527173,-105.012315,Landcover,Settlement,Urban areas,Rural: Low Dens,train,BSk,"Arid, steppe, cold",7,Arid,North America,"[30, 60)"
Landcover-776629,36.201206,5.434927,Landcover,Settlement,Urban areas,Urban: Centre,val,BSk,"Arid, steppe, cold",7,Arid,Africa,"[30, 60)"
Landcover-776636,33.353067,-111.799356,Landcover,Settlement,Urban areas,Urban: Centre,train,BWh,"Arid, desert, hot",4,Arid,North America,"[30, 60)"
Landcover-776641,19.931441,-99.095419,Landcover,Settlement,Urban areas,Rural: Very Low Dens,train,BSk,"Arid, steppe, cold",7,Arid,North America,"[10, 30)"
Landcover-776648,40.530632,71.000596,Landcover,Settlement,Urban areas,Urban: Suburban,train,BWk,"Arid, desert, cold",5,Arid,Asia,"[30, 60)"
Landcover-776649,19.046196,77.637124,Landcover,Settlement,Urban areas,Urban: Dense,train,Aw,"Tropical, savannah",3,Tropical,Asia,"[10, 30)"
Landcover-776657,31.012189,31.132291,Landcover,Settlement,Urban areas,Urban: Suburban,train,BWh,"Arid, desert, hot",4,Arid,Africa,"[30, 60)"
Landcover-776662,35.018731,-85.242622,Landcover,Settlement,Urban areas,Urban: Dense,train,Cfa,"Temperate, no dry season, hot summer",14,Temperate,North America,"[30, 60)"
Landcover-776663,-26.069475,-65.976891,Landcover,Settlement,Urban areas,Rural: Very Low Dens,train,BWk,"Arid, desert, cold",5,Arid,South America,"[-30, -10)"
Landcover-776667,49.006457,22.242054,Landcover,Settlement,Urban areas,Rural: Very Low Dens,train,Dfb,"Cold, no dry season, warm summer",26,Cold,Europe,"[30, 60)"
Landcover-776686,42.587935,12.616302,Landcover,Settlement,Urban areas,Urban: Centre,val,Cfa,"Temperate, no dry season, hot summer",14,Temperate,Europe,"[30, 60)"
Landcover-776690,63.425246,10.634749,Landcover,Settlement,Urban areas,Rural: Very Low Dens,train,Dfc,"Cold, no dry season, cold summer",27,Cold,Europe,"[60, 90)"
Landcover-776695,-23.531296,-47.434364,Landcover,Settlement,Urban areas,Urban: Centre,train,Cfa,"Temperate, no dry season, hot summer",14,Temperate,South America,"[-30, -10)"
Landcover-776704,59.282989,18.031102,Landcover,Settlement,Urban areas,Urban: Centre,train,Dfb,"Cold, no dry season, warm summer",26,Cold,Europe,"[30, 60)"
Landcover-776710,16.273129,-61.511388,Landcover,Settlement,Urban areas,Urban: Centre,train,Am,"Tropical, monsoon",2,Tropical,North America,"[10, 30)"
Landcover-776711,37.123175,-93.489865,Landcover,Settlement,Urban areas,Urban: Semi-dense,train,Dfa,"Cold, no dry season, hot summer",25,Cold,North America,"[30, 60)"
Landcover-776712,18.413298,-68.994186,Landcover,Settlement,Urban areas,Urban: Centre,train,Aw,"Tropical, savannah",3,Tropical,North America,"[10, 30)"
Landcover-776729,40.598479,72.073609,Landcover,Settlement,Urban areas,Rural: Low Dens,val,BWk,"Arid, desert, cold",5,Arid,Asia,"[30, 60)"
Landcover-776738,40.199575,117.95687,Landcover,Settlement,Urban areas,Urban: Centre,train,Dwa,"Cold, dry winter, hot summer",21,Cold,Asia,"[30, 60)"
Landcover-776752,50.151612,8.561223,Landcover,Settlement,Urban areas,Urban: Centre,train,Cfb,"Temperate, no dry season, warm summer",15,Temperate,Europe,"[30, 60)"
Landcover-776756,-12.981003,40.54318,Landcover,Settlement,Urban areas,Urban: Centre,train,Aw,"Tropical, savannah",3,Tropical,Africa,"[-30, -10)"
Landcover-776759,43.927696,4.985918,Landcover,Settlement,Urban areas,Urban: Suburban,train,Csa,"Temperate, dry summer, hot summer",8,Temperate,Europe,"[30, 60)"
Landcover-776763,46.329995,2.601835,Landcover,Settlement,Urban areas,Rural: Low Dens,val,Cfb,"Temperate, no dry season, warm summer",15,Temperate,Europe,"[30, 60)"
Landcover-776765,52.536431,9.329282,Landcover,Settlement,Urban areas,Rural: Very Low Dens,train,Cfb,"Temperate, no dry season, warm summer",15,Temperate,Europe,"[30, 60)"
Landcover-776774,39.556526,-0.529328,Landcover,Settlement,Urban areas,Rural: Low Dens,train,BSk,"Arid, steppe, cold",7,Arid,Europe,"[30, 60)"
Landcover-776780,39.790788,117.818692,Landcover,Settlement,Urban areas,Urban: Suburban,train,Dwa,"Cold, dry winter, hot summer",21,Cold,Asia,"[30, 60)"
Landcover-776781,45.301101,-75.556969,Landcover,Settlement,Urban areas,Rural: Very Low Dens,val,Dfb,"Cold, no dry season, warm summer",26,Cold,North America,"[30, 60)"
Landcover-776784,48.249871,17.912404,Landcover,Settlement,Urban areas,Rural: cluster,train,Dfb,"Cold, no dry season, warm summer",26,Cold,Europe,"[30, 60)"
Landcover-776785,24.168197,55.714592,Landcover,Settlement,Urban areas,Urban: Centre,train,BWh,"Arid, desert, hot",4,Arid,Asia,"[10, 30)"
Landcover-776787,39.647254,-84.176633,Landcover,Settlement,Urban areas,Urban: Centre,train,Dfa,"Cold, no dry season, hot summer",25,Cold,North America,"[30, 60)"
Landcover-776788,35.050641,136.190842,Landcover,Settlement,Urban areas,Rural: Low Dens,train,Cfa,"Temperate, no dry season, hot summer",14,Temperate,Asia,"[30, 60)"
Landcover-776801,54.723503,9.66573,Landcover,Settlement,Urban areas,Rural: Very Low Dens,test,Cfb,"Temperate, no dry season, warm summer",15,Temperate,Europe,"[30, 60)"
Landcover-776812,-5.50394,-45.247935,Landcover,Settlement,Urban areas,Urban: Dense,train,Aw,"Tropical, savannah",3,Tropical,South America,"[-10, 10)"
Landcover-776815,48.097644,-4.326943,Landcover,Settlement,Urban areas,Urban: Dense,train,Cfb,"Temperate, no dry season, warm summer",15,Temperate,Europe,"[30, 60)"
Landcover-776823,40.290412,45.129619,Landcover,Settlement,Urban areas,Urban: Semi-dense,train,Dfb,"Cold, no dry season, warm summer",26,Cold,Asia,"[30, 60)"
Landcover-776824,33.741591,-112.260633,Landcover,Settlement,Urban areas,Urban: Dense,train,BWh,"Arid, desert, hot",4,Arid,North America,"[30, 60)"
Landcover-776829,-28.451292,-65.715531,Landcover,Settlement,Urban areas,Urban: Suburban,train,BSh,"Arid, steppe, hot",6,Arid,South America,"[-30, -10)"
Landcover-776837,34.000976,-84.034942,Landcover,Settlement,Urban areas,Urban: Suburban,test,Cfa,"Temperate, no dry season, hot summer",14,Temperate,North America,"[30, 60)"
Landcover-776838,41.511077,-87.251001,Landcover,Settlement,Urban areas,Rural: Low Dens,test,Dfa,"Cold, no dry season, hot summer",25,Cold,North America,"[30, 60)"
Landcover-776846,47.762214,46.402912,Landcover,Settlement,Urban areas,Urban: Semi-dense,train,BSk,"Arid, steppe, cold",7,Arid,Europe,"[30, 60)"
Landcover-776852,13.744031,100.417853,Landcover,Settlement,Urban areas,Urban: Centre,val,Aw,"Tropical, savannah",3,Tropical,Asia,"[10, 30)"
Landcover-776864,5.662126,44.039765,Landcover,Settlement,Urban areas,Rural: Very Low Dens,train,BWh,"Arid, desert, hot",4,Arid,Africa,"[-10, 10)"
Landcover-776873,33.015794,-96.531113,Landcover,Settlement,Urban areas,Urban: Centre,train,Cfa,"Temperate, no dry season, hot summer",14,Temperate,North America,"[30, 60)"
Landcover-776895,12.491586,7.585817,Landcover,Settlement,Urban areas,Rural: Very Low Dens,train,BSh,"Arid, steppe, hot",6,Arid,Africa,"[10, 30)"
Landcover-776898,41.924971,21.019093,Landcover,Settlement,Urban areas,Rural: Low Dens,train,Dfb,"Cold, no dry season, warm summer",26,Cold,Europe,"[30, 60)"
Landcover-776902,36.346167,139.819709,Landcover,Settlement,Urban areas,Urban: Suburban,train,Cfa,"Temperate, no dry season, hot summer",14,Temperate,Asia,"[30, 60)"
Landcover-776905,3.524451,98.711512,Landcover,Settlement,Urban areas,Urban: Centre,train,Af,"Tropical, rainforest",1,Tropical,Asia,"[-10, 10)"
Landcover-776914,31.880952,120.305379,Landcover,Settlement,Urban areas,Urban: Suburban,train,Cfa,"Temperate, no dry season, hot summer",14,Temperate,Asia,"[30, 60)"
Landcover-776918,31.579278,119.896223,Landcover,Settlement,Urban areas,Urban: Suburban,train,Cfa,"Temperate, no dry season, hot summer",14,Temperate,Asia,"[30, 60)"
Landcover-776921,25.380935,114.927339,Landcover,Settlement,Urban areas,Urban: Centre,train,Cfa,"Temperate, no dry season, hot summer",14,Temperate,Asia,"[10, 30)"
Landcover-776929,22.609598,107.901732,Landcover,Settlement,Urban areas,Rural: Very Low Dens,train,Cwa,"Temperate, dry winter, hot summer",11,Temperate,Asia,"[10, 30)"
Landcover-776932,41.411763,-8.539652,Landcover,Settlement,Urban areas,Urban: Dense,train,Csb,"Temperate, dry summer, warm summer",9,Temperate,Europe,"[30, 60)"
Landcover-776948,29.40489,-81.145318,Landcover,Settlement,Urban areas,Rural: Very Low Dens,train,Cfa,"Temperate, no dry season, hot summer",14,Temperate,North America,"[10, 30)"
Landcover-776952,48.406055,-71.079603,Landcover,Settlement,Urban areas,Urban: Dense,train,Dfb,"Cold, no dry season, warm summer",26,Cold,North America,"[30, 60)"
Landcover-776955,41.392689,-72.901785,Landcover,Settlement,Urban areas,Urban: Dense,train,Dfa,"Cold, no dry season, hot summer",25,Cold,North America,"[30, 60)"
Landcover-776957,44.808039,124.543144,Landcover,Settlement,Urban areas,Urban: Semi-dense,test,Dwa,"Cold, dry winter, hot summer",21,Cold,Asia,"[30, 60)"
Landcover-776960,43.606154,-84.198649,Landcover,Settlement,Urban areas,Urban: Suburban,train,Dfa,"Cold, no dry season, hot summer",25,Cold,North America,"[30, 60)"
Landcover-776961,50.805433,19.166184,Landcover,Settlement,Urban areas,Urban: Dense,train,Dfb,"Cold, no dry season, warm summer",26,Cold,Europe,"[30, 60)"
Landcover-776965,34.223742,-102.736526,Landcover,Settlement,Urban areas,Rural: cluster,train,BSk,"Arid, steppe, cold",7,Arid,North America,"[30, 60)"
Landcover-776973,29.022484,120.115295,Landcover,Settlement,Urban areas,Urban: Suburban,train,Cfa,"Temperate, no dry season, hot summer",14,Temperate,Asia,"[10, 30)"
Landcover-776984,38.37069,115.150399,Landcover,Settlement,Urban areas,Rural: Low Dens,val,BSk,"Arid, steppe, cold",7,Arid,Asia,"[30, 60)"
Landcover-776989,36.17348,37.224392,Landcover,Settlement,Urban areas,Urban: Centre,test,BSk,"Arid, steppe, cold",7,Arid,Asia,"[30, 60)"
Landcover-776992,32.896995,44.337457,Landcover,Settlement,Urban areas,Urban: Dense,val,BWh,"Arid, desert, hot",4,Arid,Asia,"[30, 60)"
Landcover-776993,38.693602,0.086122,Landcover,Settlement,Urban areas,Urban: Suburban,train,BSk,"Arid, steppe, cold",7,Arid,Europe,"[30, 60)"
Landcover-776999,29.517009,-98.371986,Landcover,Settlement,Urban areas,Urban: Centre,train,Cfa,"Temperate, no dry season, hot summer",14,Temperate,North America,"[10, 30)"
Landcover-777013,13.176941,80.269403,Landcover,Settlement,Urban areas,Urban: Centre,train,Aw,"Tropical, savannah",3,Tropical,Asia,"[10, 30)"
Landcover-777021,35.756378,-83.991377,Landcover,Settlement,Urban areas,Urban: Dense,train,Cfa,"Temperate, no dry season, hot summer",14,Temperate,North America,"[30, 60)"
Landcover-777024,44.334735,125.846539,Landcover,Settlement,Urban areas,Rural: Very Low Dens,val,Dwa,"Cold, dry winter, hot summer",21,Cold,Asia,"[30, 60)"
Landcover-777026,36.579407,-121.719693,Landcover,Settlement,Urban areas,Rural: Low Dens,train,Csb,"Temperate, dry summer, warm summer",9,Temperate,North America,"[30, 60)"
Landcover-777031,33.182715,130.402812,Landcover,Settlement,Urban areas,Urban: Dense,train,Cfa,"Temperate, no dry season, hot summer",14,Temperate,Asia,"[30, 60)"
Landcover-777048,12.611342,-7.881707,Landcover,Settlement,Urban areas,Urban: Suburban,test,Aw,"Tropical, savannah",3,Tropical,Africa,"[10, 30)"
Landcover-777049,55.839635,37.161788,Landcover,Settlement,Urban areas,Urban: Suburban,train,Dfb,"Cold, no dry season, warm summer",26,Cold,Europe,"[30, 60)"
Landcover-777056,49.124628,-66.48104,Landcover,Settlement,Urban areas,Rural: Very Low Dens,train,Dfb,"Cold, no dry season, warm summer",26,Cold,North America,"[30, 60)"
Landcover-777060,31.445451,119.818008,Landcover,Settlement,Urban areas,Urban: Suburban,test,Cfa,"Temperate, no dry season, hot summer",14,Temperate,Asia,"[30, 60)"
Landcover-777074,49.604628,27.803423,Landcover,Settlement,Urban areas,Rural: Low Dens,train,Dfb,"Cold, no dry season, warm summer",26,Cold,Europe,"[30, 60)"
Landcover-777078,-19.228745,17.359653,Landcover,Settlement,Urban areas,Rural: Very Low Dens,train,BSh,"Arid, steppe, hot",6,Arid,Africa,"[-30, -10)"
Landcover-777079,2.969864,99.132979,Landcover,Settlement,Urban areas,Urban: Suburban,train,Af,"Tropical, rainforest",1,Tropical,Asia,"[-10, 10)"
Landcover-777080,50.184899,9.047069,Landcover,Settlement,Urban areas,Rural: Low Dens,train,Cfb,"Temperate, no dry season, warm summer",15,Temperate,Europe,"[30, 60)"
Landcover-777081,40.099907,-74.905324,Landcover,Settlement,Urban areas,Urban: Suburban,train,Dfa,"Cold, no dry season, hot summer",25,Cold,North America,"[30, 60)"
Landcover-777095,52.442342,-0.689892,Landcover,Settlement,Urban areas,Rural: Very Low Dens,train,Cfb,"Temperate, no dry season, warm summer",15,Temperate,Europe,"[30, 60)"
Landcover-777099,37.342264,-5.852925,Landcover,Settlement,Urban areas,Urban: Dense,train,Csa,"Temperate, dry summer, hot summer",8,Temperate,Europe,"[30, 60)"
Landcover-777101,37.362158,140.993185,Landcover,Settlement,Urban areas,Urban: Semi-dense,train,Cfa,"Temperate, no dry season, hot summer",14,Temperate,Asia,"[30, 60)"
Landcover-777114,34.806272,113.517386,Landcover,Settlement,Urban areas,Urban: Centre,test,Dwa,"Cold, dry winter, hot summer",21,Cold,Asia,"[30, 60)"
Landcover-777118,23.578104,87.091413,Landcover,Settlement,Urban areas,Urban: Dense,train,Aw,"Tropical, savannah",3,Tropical,Asia,"[10, 30)"
Landcover-777159,36.856713,65.09818,Landcover,Settlement,Urban areas,Rural: cluster,val,BSk,"Arid, steppe, cold",7,Arid,Asia,"[30, 60)"
Landcover-777162,42.732978,-90.491327,Landcover,Settlement,Urban areas,Rural: Low Dens,val,Dfa,"Cold, no dry season, hot summer",25,Cold,North America,"[30, 60)"
Landcover-777163,29.717843,-95.601996,Landcover,Settlement,Urban areas,Urban: Centre,test,Cfa,"Temperate, no dry season, hot summer",14,Temperate,North America,"[10, 30)"
Landcover-777165,48.357159,31.86674,Landcover,Settlement,Urban areas,Rural: Low Dens,test,Dfb,"Cold, no dry season, warm summer",26,Cold,Europe,"[30, 60)"
Landcover-777169,32.162298,119.302399,Landcover,Settlement,Urban areas,Urban: Suburban,val,Cfa,"Temperate, no dry season, hot summer",14,Temperate,Asia,"[30, 60)"
Landcover-777174,35.298416,128.312336,Landcover,Settlement,Urban areas,Urban: Semi-dense,train,Dwa,"Cold, dry winter, hot summer",21,Cold,Asia,"[30, 60)"
Landcover-777175,38.962501,20.74645,Landcover,Settlement,Urban areas,Urban: Dense,train,Csa,"Temperate, dry summer, hot summer",8,Temperate,Europe,"[30, 60)"
Landcover-777177,-6.087541,107.08458,Landcover,Settlement,Urban areas,Rural: Low Dens,train,Am,"Tropical, monsoon",2,Tropical,Asia,"[-10, 10)"
Landcover-777179,44.975872,25.432468,Landcover,Settlement,Urban areas,Rural: cluster,train,Dfb,"Cold, no dry season, warm summer",26,Cold,Europe,"[30, 60)"
Landcover-777210,18.593783,99.048419,Landcover,Settlement,Urban areas,Urban: Dense,train,Aw,"Tropical, savannah",3,Tropical,Asia,"[10, 30)"
Landcover-777225,12.390239,-1.544682,Landcover,Settlement,Urban areas,Urban: Centre,train,BSh,"Arid, steppe, hot",6,Arid,Africa,"[10, 30)"
Landcover-777228,19.322737,77.144562,Landcover,Settlement,Urban areas,Rural: cluster,train,Aw,"Tropical, savannah",3,Tropical,Asia,"[10, 30)"
Landcover-777229,38.120476,140.722921,Landcover,Settlement,Urban areas,Rural: cluster,train,Cfa,"Temperate, no dry season, hot summer",14,Temperate,Asia,"[30, 60)"
Landcover-777231,-17.75683,31.007098,Landcover,Settlement,Urban areas,Urban: Centre,val,Cwb,"Temperate, dry winter, warm summer",12,Temperate,Africa,"[-30, -10)"
Landcover-777239,48.649558,31.627682,Landcover,Settlement,Urban areas,Urban: Dense,test,Dfb,"Cold, no dry season, warm summer",26,Cold,Europe,"[30, 60)"
Landcover-777240,48.531804,2.005963,Landcover,Settlement,Urban areas,Urban: Semi-dense,train,Cfb,"Temperate, no dry season, warm summer",15,Temperate,Europe,"[30, 60)"
Landcover-777247,53.538996,10.013971,Landcover,Settlement,Urban areas,Urban: Centre,train,Cfb,"Temperate, no dry season, warm summer",15,Temperate,Europe,"[30, 60)"
Landcover-777248,2.300371,30.986699,Landcover,Settlement,Urban areas,Urban: Centre,train,Csb,"Temperate, dry summer, warm summer",9,Temperate,Africa,"[-10, 10)"
Landcover-777254,44.91602,40.595052,Landcover,Settlement,Urban areas,Urban: Dense,train,Dfa,"Cold, no dry season, hot summer",25,Cold,Europe,"[30, 60)"
Landcover-777264,26.480155,80.390382,Landcover,Settlement,Urban areas,Urban: Centre,train,Cwa,"Temperate, dry winter, hot summer",11,Temperate,Asia,"[10, 30)"
Landcover-777269,53.862299,11.17556,Landcover,Settlement,Urban areas,Urban: Suburban,train,Cfb,"Temperate, no dry season, warm summer",15,Temperate,Europe,"[30, 60)"
Landcover-777301,20.968346,77.745927,Landcover,Settlement,Urban areas,Urban: Centre,train,BSh,"Arid, steppe, hot",6,Arid,Asia,"[10, 30)"
Landcover-777302,47.327281,36.294019,Landcover,Settlement,Urban areas,Rural: Very Low Dens,train,Dfa,"Cold, no dry season, hot summer",25,Cold,Europe,"[30, 60)"
Landcover-777310,21.237764,-102.339872,Landcover,Settlement,Urban areas,Urban: Suburban,train,Cwa,"Temperate, dry winter, hot summer",11,Temperate,North America,"[10, 30)"
Landcover-777313,52.740915,-1.35152,Landcover,Settlement,Urban areas,Urban: Suburban,test,Cfb,"Temperate, no dry season, warm summer",15,Temperate,Europe,"[30, 60)"
Landcover-777318,30.49391,31.636289,Landcover,Settlement,Urban areas,Urban: Dense,test,BWh,"Arid, desert, hot",4,Arid,Africa,"[30, 60)"
Landcover-777323,38.072922,12.630861,Landcover,Settlement,Urban areas,Rural: Very Low Dens,val,Csa,"Temperate, dry summer, hot summer",8,Temperate,Europe,"[30, 60)"
Landcover-777327,40.642441,-80.312203,Landcover,Settlement,Urban areas,Urban: Suburban,train,Dfa,"Cold, no dry season, hot summer",25,Cold,North America,"[30, 60)"
Landcover-777340,33.599454,-83.863846,Landcover,Settlement,Urban areas,Urban: Dense,val,Cfa,"Temperate, no dry season, hot summer",14,Temperate,North America,"[30, 60)"
Landcover-777344,-16.794268,-50.165572,Landcover,Settlement,Urban areas,Rural: Very Low Dens,train,Aw,"Tropical, savannah",3,Tropical,South America,"[-30, -10)"
Landcover-777348,40.088413,-4.492442,Landcover,Settlement,Urban areas,Rural: Low Dens,train,BSk,"Arid, steppe, cold",7,Arid,Europe,"[30, 60)"
Landcover-777349,-34.732216,150.828041,Landcover,Settlement,Urban areas,Water,train,Cfb,"Temperate, no dry season, warm summer",15,Temperate,Oceania,"[-60, -30)"
Landcover-777350,41.104654,-81.440665,Landcover,Settlement,Urban areas,Urban: Suburban,train,Dfa,"Cold, no dry season, hot summer",25,Cold,North America,"[30, 60)"
Landcover-777358,36.614126,117.971365,Landcover,Settlement,Urban areas,Urban: Centre,train,Dwa,"Cold, dry winter, hot summer",21,Cold,Asia,"[30, 60)"
Landcover-777366,49.84169,34.996938,Landcover,Settlement,Urban areas,Rural: Low Dens,train,Dfb,"Cold, no dry season, warm summer",26,Cold,Europe,"[30, 60)"
Landcover-777370,42.858783,74.286468,Landcover,Settlement,Urban areas,Urban: Dense,train,BSk,"Arid, steppe, cold",7,Arid,Asia,"[30, 60)"
Landcover-777372,45.742299,3.168602,Landcover,Settlement,Urban areas,Urban: Dense,train,Cfb,"Temperate, no dry season, warm summer",15,Temperate,Europe,"[30, 60)"
Landcover-777377,4.887732,100.731683,Landcover,Settlement,Urban areas,Urban: Centre,train,Af,"Tropical, rainforest",1,Tropical,Asia,"[-10, 10)"
Landcover-777387,31.924753,120.777048,Landcover,Settlement,Urban areas,Rural: Low Dens,train,Cfa,"Temperate, no dry season, hot summer",14,Temperate,Asia,"[30, 60)"
Landcover-777402,47.598393,133.881117,Landcover,Settlement,Urban areas,Urban: Suburban,train,Dwa,"Cold, dry winter, hot summer",21,Cold,Asia,"[30, 60)"
Landcover-777404,44.134801,8.261231,Landcover,Settlement,Urban areas,Urban: Dense,val,Csa,"Temperate, dry summer, hot summer",8,Temperate,Europe,"[30, 60)"
Landcover-777410,55.234067,61.374613,Landcover,Settlement,Urban areas,Urban: Centre,train,Dfb,"Cold, no dry season, warm summer",26,Cold,Europe,"[30, 60)"
Landcover-777412,26.209308,-98.321656,Landcover,Settlement,Urban areas,Urban: Centre,train,BSh,"Arid, steppe, hot",6,Arid,North America,"[10, 30)"
Landcover-777414,41.728292,-87.703848,Landcover,Settlement,Urban areas,Urban: Centre,train,Dfa,"Cold, no dry season, hot summer",25,Cold,North America,"[30, 60)"
Landcover-777416,33.799601,112.936086,Landcover,Settlement,Urban areas,Urban: Suburban,train,Cwa,"Temperate, dry winter, hot summer",11,Temperate,Asia,"[30, 60)"
Landcover-777422,29.936324,-95.215385,Landcover,Settlement,Urban areas,Urban: Dense,train,Cfa,"Temperate, no dry season, hot summer",14,Temperate,North America,"[10, 30)"
Landcover-777424,38.469882,14.950887,Landcover,Settlement,Urban areas,Water,train,Csa,"Temperate, dry summer, hot summer",8,Temperate,Europe,"[30, 60)"
Landcover-777426,51.311425,8.643491,Landcover,Settlement,Urban areas,Rural: Low Dens,train,Dfb,"Cold, no dry season, warm summer",26,Cold,Europe,"[30, 60)"
Landcover-777432,38.707307,-93.272474,Landcover,Settlement,Urban areas,Urban: Dense,train,Dfa,"Cold, no dry season, hot summer",25,Cold,North America,"[30, 60)"
Landcover-777447,32.67431,-114.403907,Landcover,Settlement,Urban areas,Rural: Low Dens,train,BWh,"Arid, desert, hot",4,Arid,North America,"[30, 60)"
Landcover-777454,29.291874,-97.158831,Landcover,Settlement,Urban areas,Rural: cluster,train,Cfa,"Temperate, no dry season, hot summer",14,Temperate,North America,"[10, 30)"
Landcover-777475,41.219542,27.104936,Landcover,Settlement,Urban areas,Urban: Dense,train,Csa,"Temperate, dry summer, hot summer",8,Temperate,Asia,"[30, 60)"
Landcover-777477,36.14217,-80.242288,Landcover,Settlement,Urban areas,Rural: Low Dens,train,Cfa,"Temperate, no dry season, hot summer",14,Temperate,North America,"[30, 60)"
Landcover-777479,40.442639,-104.89709,Landcover,Settlement,Urban areas,Rural: Very Low Dens,val,BSk,"Arid, steppe, cold",7,Arid,North America,"[30, 60)"
Landcover-777480,52.657126,84.950881,Landcover,Settlement,Urban areas,Rural: Very Low Dens,train,Dfb,"Cold, no dry season, warm summer",26,Cold,Europe,"[30, 60)"
Landcover-777481,-12.157324,-77.014493,Landcover,Settlement,Urban areas,Urban: Centre,train,BWh,"Arid, desert, hot",4,Arid,South America,"[-30, -10)"
Landcover-777494,31.29494,34.429019,Landcover,Settlement,Urban areas,Rural: Very Low Dens,test,BSh,"Arid, steppe, hot",6,Arid,Asia,"[30, 60)"
Landcover-777507,51.135646,133.028388,Landcover,Settlement,Urban areas,Rural: Low Dens,train,Dwc,"Cold, dry winter, cold summer",23,Cold,Europe,"[30, 60)"
Landcover-777516,37.896086,-122.45366,Landcover,Settlement,Urban areas,Water,train,Csb,"Temperate, dry summer, warm summer",9,Temperate,North America,"[30, 60)"
Landcover-777518,44.565962,135.61961,Landcover,Settlement,Urban areas,Urban: Dense,train,Dwb,"Cold, dry winter, warm summer",22,Cold,Europe,"[30, 60)"
Landcover-777527,-24.159887,-46.754837,Landcover,Settlement,Urban areas,Water,val,Af,"Tropical, rainforest",1,Tropical,South America,"[-30, -10)"
Landcover-777531,44.356029,126.448684,Landcover,Settlement,Urban areas,Rural: cluster,train,Dwa,"Cold, dry winter, hot summer",21,Cold,Asia,"[30, 60)"
Landcover-777536,29.758469,116.004547,Landcover,Settlement,Urban areas,Water,train,Cfa,"Temperate, no dry season, hot summer",14,Temperate,Asia,"[10, 30)"
Landcover-777537,15.309354,32.54901,Landcover,Settlement,Urban areas,Rural: Low Dens,val,BWh,"Arid, desert, hot",4,Arid,Africa,"[10, 30)"
Landcover-777541,50.736753,-108.759836,Landcover,Settlement,Urban areas,Rural: Very Low Dens,train,BSk,"Arid, steppe, cold",7,Arid,North America,"[30, 60)"
Landcover-777542,32.797265,35.185439,Landcover,Settlement,Urban areas,Urban: Suburban,train,Csa,"Temperate, dry summer, hot summer",8,Temperate,Asia,"[30, 60)"
Landcover-777556,52.562088,24.448196,Landcover,Settlement,Urban areas,Urban: Dense,train,Dfb,"Cold, no dry season, warm summer",26,Cold,Europe,"[30, 60)"
Landcover-777576,30.350612,-95.424791,Landcover,Settlement,Urban areas,Rural: Low Dens,val,Cfa,"Temperate, no dry season, hot summer",14,Temperate,North America,"[30, 60)"
Landcover-777588,42.609962,-72.597486,Landcover,Settlement,Urban areas,Rural: Low Dens,train,Dfb,"Cold, no dry season, warm summer",26,Cold,North America,"[30, 60)"
Landcover-777602,49.826511,18.959697,Landcover,Settlement,Urban areas,Urban: Centre,train,Dfb,"Cold, no dry season, warm summer",26,Cold,Europe,"[30, 60)"
Landcover-777618,43.914492,12.912294,Landcover,Settlement,Urban areas,Urban: Centre,train,Cfa,"Temperate, no dry season, hot summer",14,Temperate,Europe,"[30, 60)"
Landcover-777620,-1.024403,-46.643056,Landcover,Settlement,Urban areas,Urban: Dense,train,Am,"Tropical, monsoon",2,Tropical,South America,"[-10, 10)"
Landcover-777624,43.657388,-79.367406,Landcover,Settlement,Urban areas,Urban: Centre,test,Dfa,"Cold, no dry season, hot summer",25,Cold,North America,"[30, 60)"
Landcover-777627,-20.186061,28.629316,Landcover,Settlement,Urban areas,Rural: Low Dens,train,BSh,"Arid, steppe, hot",6,Arid,Africa,"[-30, -10)"
Landcover-777635,36.038379,106.217046,Landcover,Settlement,Urban areas,Rural: cluster,train,Dwb,"Cold, dry winter, warm summer",22,Cold,Asia,"[30, 60)"
Landcover-777653,48.131956,8.708133,Landcover,Settlement,Urban areas,Rural: Very Low Dens,train,Dfb,"Cold, no dry season, warm summer",26,Cold,Europe,"[30, 60)"
Landcover-777654,49.159551,-121.958662,Landcover,Settlement,Urban areas,Urban: Suburban,train,Cfb,"Temperate, no dry season, warm summer",15,Temperate,North America,"[30, 60)"
Landcover-777656,51.072288,138.420049,Landcover,Settlement,Urban areas,Rural: Low Dens,train,Dfb,"Cold, no dry season, warm summer",26,Cold,Europe,"[30, 60)"
Landcover-777663,46.821436,23.448228,Landcover,Settlement,Urban areas,Rural: Low Dens,test,Dfb,"Cold, no dry season, warm summer",26,Cold,Europe,"[30, 60)"
Landcover-777666,-41.311624,174.763732,Landcover,Settlement,Urban areas,Urban: Centre,train,Cfb,"Temperate, no dry season, warm summer",15,Temperate,Oceania,"[-60, -30)"
Landcover-777673,52.253409,21.246204,Landcover,Settlement,Urban areas,Urban: Suburban,train,Dfb,"Cold, no dry season, warm summer",26,Cold,Europe,"[30, 60)"
Landcover-777677,51.00501,6.246789,Landcover,Settlement,Urban areas,Rural: cluster,train,Cfb,"Temperate, no dry season, warm summer",15,Temperate,Europe,"[30, 60)"
Landcover-777678,36.2916,59.501325,Landcover,Settlement,Urban areas,Urban: Suburban,train,BWk,"Arid, desert, cold",5,Arid,Asia,"[30, 60)"
Landcover-777684,40.396672,-8.454023,Landcover,Settlement,Urban areas,Rural: Low Dens,val,Csa,"Temperate, dry summer, hot summer",8,Temperate,Europe,"[30, 60)"
Landcover-777689,49.588939,6.373304,Landcover,Settlement,Urban areas,Rural: Very Low Dens,val,Cfb,"Temperate, no dry season, warm summer",15,Temperate,Europe,"[30, 60)"
Landcover-777691,29.617473,106.531736,Landcover,Settlement,Urban areas,Urban: Centre,test,Cfa,"Temperate, no dry season, hot summer",14,Temperate,Asia,"[10, 30)"
Landcover-777700,46.906861,-124.110073,Landcover,Settlement,Urban areas,Water,train,Csb,"Temperate, dry summer, warm summer",9,Temperate,North America,"[30, 60)"
Landcover-777701,22.454706,88.306242,Landcover,Settlement,Urban areas,Urban: Centre,train,Aw,"Tropical, savannah",3,Tropical,Asia,"[10, 30)"
Landcover-777703,46.876931,27.976979,Landcover,Settlement,Urban areas,Rural: Very Low Dens,val,Dfb,"Cold, no dry season, warm summer",26,Cold,Europe,"[30, 60)"
Landcover-777712,33.836665,-116.552258,Landcover,Settlement,Urban areas,Urban: Centre,train,BWh,"Arid, desert, hot",4,Arid,North America,"[30, 60)"
Landcover-777713,46.161879,129.613225,Landcover,Settlement,Urban areas,Rural: Low Dens,train,Dwa,"Cold, dry winter, hot summer",21,Cold,Asia,"[30, 60)"
Landcover-777718,56.401877,68.343696,Landcover,Settlement,Urban areas,Urban: Suburban,train,Dfb,"Cold, no dry season, warm summer",26,Cold,Europe,"[30, 60)"
Landcover-777722,22.530737,113.913047,Landcover,Settlement,Urban areas,Urban: Centre,train,Cwa,"Temperate, dry winter, hot summer",11,Temperate,Asia,"[10, 30)"
Landcover-777736,39.795356,30.611965,Landcover,Settlement,Urban areas,Rural: Low Dens,train,BSk,"Arid, steppe, cold",7,Arid,Asia,"[30, 60)"
Landcover-777739,56.476816,10.071786,Landcover,Settlement,Urban areas,Rural: Low Dens,train,Dfb,"Cold, no dry season, warm summer",26,Cold,Europe,"[30, 60)"
Landcover-777744,47.783186,7.390349,Landcover,Settlement,Urban areas,Rural: Low Dens,train,Cfb,"Temperate, no dry season, warm summer",15,Temperate,Europe,"[30, 60)"
Landcover-777760,1.479504,124.849458,Landcover,Settlement,Urban areas,Urban: Centre,train,Af,"Tropical, rainforest",1,Tropical,Asia,"[-10, 10)"
Landcover-777766,40.886411,-74.014583,Landcover,Settlement,Urban areas,Urban: Centre,train,Dfa,"Cold, no dry season, hot summer",25,Cold,North America,"[30, 60)"
Landcover-777778,45.715022,132.111688,Landcover,Settlement,Urban areas,Rural: Very Low Dens,train,Dwa,"Cold, dry winter, hot summer",21,Cold,Asia,"[30, 60)"
Landcover-777781,47.734064,-116.95341,Landcover,Settlement,Urban areas,Urban: Dense,test,Dsb,"Cold, dry summer, warm summer",18,Cold,North America,"[30, 60)"
Landcover-777786,54.063629,81.864184,Landcover,Settlement,Urban areas,Rural: Very Low Dens,train,Dfb,"Cold, no dry season, warm summer",26,Cold,Europe,"[30, 60)"
Landcover-777801,39.164958,118.355912,Landcover,Settlement,Urban areas,Rural: Very Low Dens,train,Dwa,"Cold, dry winter, hot summer",21,Cold,Asia,"[30, 60)"
Landcover-777803,27.791869,-97.679823,Landcover,Settlement,Urban areas,Urban: Suburban,train,Cfa,"Temperate, no dry season, hot summer",14,Temperate,North America,"[10, 30)"
Landcover-777808,34.142498,-117.606951,Landcover,Settlement,Urban areas,Urban: Centre,train,Csa,"Temperate, dry summer, hot summer",8,Temperate,North America,"[30, 60)"
Landcover-777817,-7.088111,107.867973,Landcover,Settlement,Urban areas,Urban: Centre,train,Af,"Tropical, rainforest",1,Tropical,Asia,"[-10, 10)"
Landcover-777832,40.58182,46.318724,Landcover,Settlement,Urban areas,Urban: Dense,test,BSk,"Arid, steppe, cold",7,Arid,Asia,"[30, 60)"
Landcover-777835,28.117401,77.027168,Landcover,Settlement,Urban areas,Urban: Dense,train,BSh,"Arid, steppe, hot",6,Arid,Asia,"[10, 30)"
Landcover-777850,22.572944,113.933784,Landcover,Settlement,Urban areas,Urban: Centre,train,Cwa,"Temperate, dry winter, hot summer",11,Temperate,Asia,"[10, 30)"
Landcover-777857,50.385772,-105.53806,Landcover,Settlement,Urban areas,Rural: Very Low Dens,train,Dfb,"Cold, no dry season, warm summer",26,Cold,North America,"[30, 60)"
Landcover-777863,35.671738,139.784615,Landcover,Settlement,Urban areas,Urban: Centre,val,Cfa,"Temperate, no dry season, hot summer",14,Temperate,Asia,"[30, 60)"
Landcover-777872,30.116482,-81.603432,Landcover,Settlement,Urban areas,Urban: Suburban,train,Cfa,"Temperate, no dry season, hot summer",14,Temperate,North America,"[30, 60)"
Landcover-777875,-20.311047,-40.439673,Landcover,Settlement,Urban areas,Urban: Suburban,train,Aw,"Tropical, savannah",3,Tropical,South America,"[-30, -10)"
Landcover-777876,21.870343,-102.265272,Landcover,Settlement,Urban areas,Urban: Centre,train,BSh,"Arid, steppe, hot",6,Arid,North America,"[10, 30)"
Landcover-777882,33.821578,-117.821612,Landcover,Settlement,Urban areas,Urban: Centre,train,Csa,"Temperate, dry summer, hot summer",8,Temperate,North America,"[30, 60)"
Landcover-777892,55.046908,82.953571,Landcover,Settlement,Urban areas,Urban: Centre,train,Dfb,"Cold, no dry season, warm summer",26,Cold,Europe,"[30, 60)"
Landcover-777893,13.453598,108.089072,Landcover,Settlement,Urban areas,Rural: cluster,train,Aw,"Tropical, savannah",3,Tropical,Asia,"[10, 30)"
Landcover-777897,42.082398,121.804332,Landcover,Settlement,Urban areas,Urban: Suburban,test,Dwa,"Cold, dry winter, hot summer",21,Cold,Asia,"[30, 60)"
Landcover-777907,-28.126199,-54.464507,Landcover,Settlement,Urban areas,Rural: Low Dens,train,Cfa,"Temperate, no dry season, hot summer",14,Temperate,South America,"[-30, -10)"
Landcover-777908,43.707652,-86.367342,Landcover,Settlement,Urban areas,Rural: Low Dens,train,Dfb,"Cold, no dry season, warm summer",26,Cold,North America,"[30, 60)"
Landcover-777916,35.753313,-95.39378,Landcover,Settlement,Urban areas,Urban: Dense,train,Cfa,"Temperate, no dry season, hot summer",14,Temperate,North America,"[30, 60)"
Landcover-777933,-2.2454,-55.058903,Landcover,Settlement,Urban areas,Rural: Low Dens,train,Am,"Tropical, monsoon",2,Tropical,South America,"[-10, 10)"
Landcover-777938,51.233024,51.958924,Landcover,Settlement,Urban areas,Rural: cluster,train,BSk,"Arid, steppe, cold",7,Arid,Asia,"[30, 60)"
Landcover-777946,36.90985,119.006218,Landcover,Settlement,Urban areas,Rural: cluster,train,Dwa,"Cold, dry winter, hot summer",21,Cold,Asia,"[30, 60)"
Landcover-777953,21.606864,109.553206,Landcover,Settlement,Urban areas,Urban: Semi-dense,val,Cwa,"Temperate, dry winter, hot summer",11,Temperate,Asia,"[10, 30)"
Landcover-777955,64.137586,-21.916365,Landcover,Settlement,Urban areas,Urban: Centre,train,Dfc,"Cold, no dry season, cold summer",27,Cold,Europe,"[60, 90)"
Landcover-777962,-15.68981,-44.203113,Landcover,Settlement,Urban areas,Rural: Very Low Dens,train,Aw,"Tropical, savannah",3,Tropical,South America,"[-30, -10)"
Landcover-777985,42.473466,-83.043223,Landcover,Settlement,Urban areas,Urban: Centre,train,Dfa,"Cold, no dry season, hot summer",25,Cold,North America,"[30, 60)"
Landcover-777988,39.83117,109.845545,Landcover,Settlement,Urban areas,Urban: Semi-dense,train,BSk,"Arid, steppe, cold",7,Arid,Asia,"[30, 60)"
Landcover-777995,40.137565,-88.2102,Landcover,Settlement,Urban areas,Urban: Centre,train,Dfa,"Cold, no dry season, hot summer",25,Cold,North America,"[30, 60)"
Landcover-777998,33.406568,73.206598,Landcover,Settlement,Urban areas,Rural: Low Dens,train,Cwa,"Temperate, dry winter, hot summer",11,Temperate,Asia,"[30, 60)"
Landcover-778004,31.55973,74.283916,Landcover,Settlement,Urban areas,Urban: Centre,train,BSh,"Arid, steppe, hot",6,Arid,Asia,"[30, 60)"
Landcover-778009,36.165436,113.852186,Landcover,Settlement,Urban areas,Urban: Suburban,train,Dwa,"Cold, dry winter, hot summer",21,Cold,Asia,"[30, 60)"
Landcover-778022,41.867249,25.979212,Landcover,Settlement,Urban areas,Rural: cluster,train,Cfa,"Temperate, no dry season, hot summer",14,Temperate,Europe,"[30, 60)"
Landcover-778027,47.905844,-103.97918,Landcover,Settlement,Urban areas,Rural: Very Low Dens,train,BSk,"Arid, steppe, cold",7,Arid,North America,"[30, 60)"
Landcover-778033,50.065871,26.529915,Landcover,Settlement,Urban areas,Rural: Very Low Dens,train,Dfb,"Cold, no dry season, warm summer",26,Cold,Europe,"[30, 60)"
Landcover-778039,-38.457226,176.705524,Landcover,Settlement,Urban areas,Rural: Very Low Dens,train,Cfb,"Temperate, no dry season, warm summer",15,Temperate,Oceania,"[-60, -30)"
Landcover-778043,54.426756,56.314158,Landcover,Settlement,Urban areas,Rural: Very Low Dens,test,Dfb,"Cold, no dry season, warm summer",26,Cold,Europe,"[30, 60)"
Landcover-778052,44.667062,-63.646623,Landcover,Settlement,Urban areas,Urban: Centre,train,Dfb,"Cold, no dry season, warm summer",26,Cold,North America,"[30, 60)"
Landcover-778057,56.170855,97.200003,Landcover,Settlement,Urban areas,Urban: Semi-dense,train,Dfc,"Cold, no dry season, cold summer",27,Cold,Europe,"[30, 60)"
Landcover-778059,52.535179,64.046329,Landcover,Settlement,Urban areas,Rural: Low Dens,train,BSk,"Arid, steppe, cold",7,Arid,Asia,"[30, 60)"
Landcover-778065,-25.200434,28.035326,Landcover,Settlement,Urban areas,Rural: Very Low Dens,train,BSh,"Arid, steppe, hot",6,Arid,Africa,"[-30, -10)"
Landcover-778073,49.808264,8.452956,Landcover,Settlement,Urban areas,Urban: Semi-dense,train,Cfb,"Temperate, no dry season, warm summer",15,Temperate,Europe,"[30, 60)"
Landcover-778080,51.334834,9.539215,Landcover,Settlement,Urban areas,Urban: Suburban,train,Cfb,"Temperate, no dry season, warm summer",15,Temperate,Europe,"[30, 60)"
Landcover-778089,52.767202,9.603236,Landcover,Settlement,Urban areas,Rural: Very Low Dens,train,Cfb,"Temperate, no dry season, warm summer",15,Temperate,Europe,"[30, 60)"
Landcover-778091,22.383273,91.766566,Landcover,Settlement,Urban areas,Urban: Centre,train,Am,"Tropical, monsoon",2,Tropical,Asia,"[10, 30)"
Landcover-778102,22.801821,120.505163,Landcover,Settlement,Urban areas,Rural: Very Low Dens,train,Am,"Tropical, monsoon",2,Tropical,Asia,"[10, 30)"
Landcover-778106,37.185591,117.821646,Landcover,Settlement,Urban areas,Urban: Dense,train,Dwa,"Cold, dry winter, hot summer",21,Cold,Asia,"[30, 60)"
Landcover-778108,-27.37996,31.616024,Landcover,Settlement,Urban areas,Rural: Very Low Dens,train,Cwa,"Temperate, dry winter, hot summer",11,Temperate,Africa,"[-30, -10)"
Landcover-778116,42.464831,-82.959598,Landcover,Settlement,Urban areas,Urban: Centre,train,Dfa,"Cold, no dry season, hot summer",25,Cold,North America,"[30, 60)"
Landcover-778120,15.128372,120.59293,Landcover,Settlement,Urban areas,Urban: Centre,train,Aw,"Tropical, savannah",3,Tropical,Asia,"[10, 30)"
Landcover-778124,33.677783,-96.59284,Landcover,Settlement,Urban areas,Rural: Very Low Dens,val,Cfa,"Temperate, no dry season, hot summer",14,Temperate,North America,"[30, 60)"
Landcover-778133,39.390795,118.084473,Landcover,Settlement,Urban areas,Urban: Semi-dense,train,Dwa,"Cold, dry winter, hot summer",21,Cold,Asia,"[30, 60)"
Landcover-778143,-21.782081,-48.566803,Landcover,Settlement,Urban areas,Rural: Very Low Dens,train,Aw,"Tropical, savannah",3,Tropical,South America,"[-30, -10)"
Landcover-778154,47.702517,33.251583,Landcover,Settlement,Urban areas,Rural: cluster,train,BSk,"Arid, steppe, cold",7,Arid,Europe,"[30, 60)"
Landcover-778157,-22.070714,28.587939,Landcover,Settlement,Urban areas,Rural: Low Dens,train,BSh,"Arid, steppe, hot",6,Arid,Africa,"[-30, -10)"
Landcover-778162,18.962619,-97.908887,Landcover,Settlement,Urban areas,Urban: Dense,train,Cwb,"Temperate, dry winter, warm summer",12,Temperate,North America,"[10, 30)"
Landcover-778163,54.092602,52.547113,Landcover,Settlement,Urban areas,Rural: cluster,test,Dfb,"Cold, no dry season, warm summer",26,Cold,Europe,"[30, 60)"
Landcover-778167,2.694457,101.849557,Landcover,Settlement,Urban areas,Rural: Low Dens,train,Af,"Tropical, rainforest",1,Tropical,Asia,"[-10, 10)"
Landcover-778168,49.552485,30.492165,Landcover,Settlement,Urban areas,Urban: Suburban,train,Dfb,"Cold, no dry season, warm summer",26,Cold,Europe,"[30, 60)"
Landcover-778174,22.950924,113.5685,Landcover,Settlement,Urban areas,Rural: Low Dens,train,Cwa,"Temperate, dry winter, hot summer",11,Temperate,Asia,"[10, 30)"
Landcover-778178,34.632052,112.496502,Landcover,Settlement,Urban areas,Urban: Centre,train,Cwa,"Temperate, dry winter, hot summer",11,Temperate,Asia,"[30, 60)"
Landcover-778183,32.133782,112.753397,Landcover,Settlement,Urban areas,Urban: Centre,train,Cwa,"Temperate, dry winter, hot summer",11,Temperate,Asia,"[30, 60)"
Landcover-778186,44.47639,-88.065745,Landcover,Settlement,Urban areas,Urban: Centre,val,Dfb,"Cold, no dry season, warm summer",26,Cold,North America,"[30, 60)"
Landcover-778191,50.474012,30.380149,Landcover,Settlement,Urban areas,Urban: Centre,train,Dfb,"Cold, no dry season, warm summer",26,Cold,Europe,"[30, 60)"
Landcover-778202,48.803088,29.385165,Landcover,Settlement,Urban areas,Urban: Dense,train,Dfb,"Cold, no dry season, warm summer",26,Cold,Europe,"[30, 60)"
Landcover-778212,20.933827,-89.017566,Landcover,Settlement,Urban areas,Rural: Low Dens,train,Aw,"Tropical, savannah",3,Tropical,North America,"[10, 30)"
Landcover-778229,34.234337,-97.481149,Landcover,Settlement,Urban areas,Rural: Very Low Dens,train,Cfa,"Temperate, no dry season, hot summer",14,Temperate,North America,"[30, 60)"
Landcover-778242,14.492604,75.923914,Landcover,Settlement,Urban areas,Urban: Centre,train,BSh,"Arid, steppe, hot",6,Arid,Asia,"[10, 30)"
Landcover-778248,14.541345,121.005262,Landcover,Settlement,Urban areas,Urban: Centre,train,Aw,"Tropical, savannah",3,Tropical,Asia,"[10, 30)"
Landcover-778249,30.28887,78.050257,Landcover,Settlement,Urban areas,Urban: Centre,val,Cwa,"Temperate, dry winter, hot summer",11,Temperate,Asia,"[30, 60)"
Landcover-778282,-22.860857,-43.251563,Landcover,Settlement,Urban areas,Urban: Centre,train,Am,"Tropical, monsoon",2,Tropical,South America,"[-30, -10)"
Landcover-778290,46.178283,21.347242,Landcover,Settlement,Urban areas,Urban: Centre,train,Dfb,"Cold, no dry season, warm summer",26,Cold,Europe,"[30, 60)"
Landcover-778293,10.16035,76.399837,Landcover,Settlement,Urban areas,Urban: Centre,val,Am,"Tropical, monsoon",2,Tropical,Asia,"[10, 30)"
Landcover-778294,29.143359,-82.042671,Landcover,Settlement,Urban areas,Urban: Dense,train,Cfa,"Temperate, no dry season, hot summer",14,Temperate,North America,"[10, 30)"
Landcover-778305,29.637899,90.976621,Landcover,Settlement,Urban areas,Rural: Low Dens,train,BSk,"Arid, steppe, cold",7,Arid,Asia,"[10, 30)"
Landcover-778328,45.805212,11.959677,Landcover,Settlement,Urban areas,Rural: Low Dens,train,Cfa,"Temperate, no dry season, hot summer",14,Temperate,Europe,"[30, 60)"
Landcover-778340,33.863071,113.053454,Landcover,Settlement,Urban areas,Urban: Suburban,val,Cwa,"Temperate, dry winter, hot summer",11,Temperate,Asia,"[30, 60)"
Landcover-778341,36.796465,42.530692,Landcover,Settlement,Urban areas,Rural: Low Dens,test,Csa,"Temperate, dry summer, hot summer",8,Temperate,Asia,"[30, 60)"
Landcover-778345,48.513388,14.434702,Landcover,Settlement,Urban areas,Rural: Low Dens,train,Dfb,"Cold, no dry season, warm summer",26,Cold,Europe,"[30, 60)"
Landcover-778346,54.178026,37.428601,Landcover,Settlement,Urban areas,Rural: Low Dens,train,Dfb,"Cold, no dry season, warm summer",26,Cold,Europe,"[30, 60)"
Landcover-778349,51.930285,7.354375,Landcover,Settlement,Urban areas,Urban: Semi-dense,train,Cfb,"Temperate, no dry season, warm summer",15,Temperate,Europe,"[30, 60)"
Landcover-778356,27.957983,109.597929,Landcover,Settlement,Urban areas,Rural: cluster,train,Cfa,"Temperate, no dry season, hot summer",14,Temperate,Asia,"[10, 30)"
Landcover-778367,12.77767,-16.50546,Landcover,Settlement,Urban areas,Rural: Very Low Dens,test,Aw,"Tropical, savannah",3,Tropical,Africa,"[10, 30)"
Landcover-778369,35.269312,128.777921,Landcover,Settlement,Urban areas,Urban: Dense,train,Cwa,"Temperate, dry winter, hot summer",11,Temperate,Asia,"[30, 60)"
Landcover-778382,35.931338,120.154746,Landcover,Settlement,Urban areas,Urban: Centre,train,Dwa,"Cold, dry winter, hot summer",21,Cold,Asia,"[30, 60)"
Landcover-778388,-32.991772,137.519738,Landcover,Settlement,Urban areas,Rural: Very Low Dens,train,BWh,"Arid, desert, hot",4,Arid,Oceania,"[-60, -30)"
Landcover-778391,32.609384,-114.715798,Landcover,Settlement,Urban areas,Rural: Low Dens,train,BWh,"Arid, desert, hot",4,Arid,North America,"[30, 60)"
Landcover-778394,32.731816,-99.28944,Landcover,Settlement,Urban areas,Rural: Very Low Dens,train,Cfa,"Temperate, no dry season, hot summer",14,Temperate,North America,"[30, 60)"
Landcover-778396,27.989521,-82.278231,Landcover,Settlement,Urban areas,Urban: Centre,train,Cfa,"Temperate, no dry season, hot summer",14,Temperate,North America,"[10, 30)"
Landcover-778407,17.672063,75.928331,Landcover,Settlement,Urban areas,Urban: Centre,train,BSh,"Arid, steppe, hot",6,Arid,Asia,"[10, 30)"
Landcover-778410,30.917524,-94.743229,Landcover,Settlement,Urban areas,Rural: Very Low Dens,train,Cfa,"Temperate, no dry season, hot summer",14,Temperate,North America,"[30, 60)"
Landcover-778411,26.079204,74.385658,Landcover,Settlement,Urban areas,Urban: Centre,train,BSh,"Arid, steppe, hot",6,Arid,Asia,"[10, 30)"
Landcover-778419,52.69316,1.195643,Landcover,Settlement,Urban areas,Urban: Dense,train,Cfb,"Temperate, no dry season, warm summer",15,Temperate,Europe,"[30, 60)"
Landcover-778433,55.812058,36.980689,Landcover,Settlement,Urban areas,Rural: Low Dens,train,Dfb,"Cold, no dry season, warm summer",26,Cold,Europe,"[30, 60)"
Landcover-778463,38.758824,-90.738897,Landcover,Settlement,Urban areas,Urban: Dense,train,Dfa,"Cold, no dry season, hot summer",25,Cold,North America,"[30, 60)"
Landcover-778469,43.109416,13.830112,Landcover,Settlement,Urban areas,Urban: Semi-dense,train,Cfa,"Temperate, no dry season, hot summer",14,Temperate,Europe,"[30, 60)"
Landcover-778476,24.821509,70.534754,Landcover,Settlement,Urban areas,Rural: Very Low Dens,train,BWh,"Arid, desert, hot",4,Arid,Asia,"[10, 30)"
Landcover-778489,-7.008442,107.566562,Landcover,Settlement,Urban areas,Urban: Centre,train,Af,"Tropical, rainforest",1,Tropical,Asia,"[-10, 10)"
Landcover-778491,33.676469,-112.237197,Landcover,Settlement,Urban areas,Urban: Centre,train,BWh,"Arid, desert, hot",4,Arid,North America,"[30, 60)"
Landcover-778499,31.372349,120.436718,Landcover,Settlement,Urban areas,Urban: Suburban,train,Cfa,"Temperate, no dry season, hot summer",14,Temperate,Asia,"[30, 60)"
Landcover-778521,50.66916,17.82041,Landcover,Settlement,Urban areas,Rural: Low Dens,train,Dfb,"Cold, no dry season, warm summer",26,Cold,Europe,"[30, 60)"
Landcover-778523,19.400987,-102.049764,Landcover,Settlement,Urban areas,Urban: Centre,test,Cwa,"Temperate, dry winter, hot summer",11,Temperate,North America,"[10, 30)"
Landcover-778530,37.464764,118.583304,Landcover,Settlement,Urban areas,Urban: Centre,train,Dwa,"Cold, dry winter, hot summer",21,Cold,Asia,"[30, 60)"
Landcover-778534,-25.6223,28.213851,Landcover,Settlement,Urban areas,Rural: Very Low Dens,train,Cwa,"Temperate, dry winter, hot summer",11,Temperate,Africa,"[-30, -10)"
Landcover-778535,45.899781,12.29428,Landcover,Settlement,Urban areas,Urban: Dense,test,Cfa,"Temperate, no dry season, hot summer",14,Temperate,Europe,"[30, 60)"
Landcover-778539,43.824977,25.389699,Landcover,Settlement,Urban areas,Rural: cluster,train,Dfa,"Cold, no dry season, hot summer",25,Cold,Europe,"[30, 60)"
Landcover-778542,48.600997,10.118108,Landcover,Settlement,Urban areas,Rural: cluster,train,Dfb,"Cold, no dry season, warm summer",26,Cold,Europe,"[30, 60)"
Landcover-778549,45.1346,10.738359,Landcover,Settlement,Urban areas,Rural: Very Low Dens,train,Cfa,"Temperate, no dry season, hot summer",14,Temperate,Europe,"[30, 60)"
Landcover-778551,27.512079,54.192248,Landcover,Settlement,Urban areas,Rural: Very Low Dens,test,BWh,"Arid, desert, hot",4,Arid,Asia,"[10, 30)"
Landcover-778552,48.211019,15.208054,Landcover,Settlement,Urban areas,Rural: Low Dens,train,Dfb,"Cold, no dry season, warm summer",26,Cold,Europe,"[30, 60)"
Landcover-778554,38.208349,15.640149,Landcover,Settlement,Urban areas,Urban: Suburban,val,Csa,"Temperate, dry summer, hot summer",8,Temperate,Europe,"[30, 60)"
Landcover-778557,44.557576,12.278357,Landcover,Settlement,Urban areas,Rural: Very Low Dens,train,Cfa,"Temperate, no dry season, hot summer",14,Temperate,Europe,"[30, 60)"
Landcover-778573,41.173436,61.409922,Landcover,Settlement,Urban areas,Rural: cluster,train,BWk,"Arid, desert, cold",5,Arid,Asia,"[30, 60)"
Landcover-778579,35.491304,-0.533195,Landcover,Settlement,Urban areas,Rural: cluster,train,Csa,"Temperate, dry summer, hot summer",8,Temperate,Africa,"[30, 60)"
Landcover-778587,21.09566,-76.152839,Landcover,Settlement,Urban areas,Rural: Very Low Dens,train,Aw,"Tropical, savannah",3,Tropical,North America,"[10, 30)"
Landcover-778627,10.785856,106.608377,Landcover,Settlement,Urban areas,Urban: Centre,train,Aw,"Tropical, savannah",3,Tropical,Asia,"[10, 30)"
Landcover-778632,21.659472,-99.825979,Landcover,Settlement,Urban areas,Urban: Semi-dense,train,BSh,"Arid, steppe, hot",6,Arid,North America,"[10, 30)"
Landcover-778634,-30.737368,121.453072,Landcover,Settlement,Urban areas,Urban: Dense,train,BWh,"Arid, desert, hot",4,Arid,Oceania,"[-60, -30)"
Landcover-778663,47.540624,7.720959,Landcover,Settlement,Urban areas,Urban: Suburban,train,Cfb,"Temperate, no dry season, warm summer",15,Temperate,Europe,"[30, 60)"
Landcover-778683,40.336684,-76.42689,Landcover,Settlement,Urban areas,Urban: Suburban,train,Dfa,"Cold, no dry season, hot summer",25,Cold,North America,"[30, 60)"
Landcover-778687,36.143313,37.134923,Landcover,Settlement,Urban areas,Rural: cluster,train,BSh,"Arid, steppe, hot",6,Arid,Asia,"[30, 60)"
Landcover-778689,-7.445614,112.725002,Landcover,Settlement,Urban areas,Urban: Centre,train,Aw,"Tropical, savannah",3,Tropical,Asia,"[-10, 10)"
Landcover-778715,45.905618,12.527904,Landcover,Settlement,Urban areas,Urban: Semi-dense,train,Cfa,"Temperate, no dry season, hot summer",14,Temperate,Europe,"[30, 60)"
Landcover-778717,17.943184,-77.063951,Landcover,Settlement,Urban areas,Rural: Very Low Dens,train,Aw,"Tropical, savannah",3,Tropical,North America,"[10, 30)"
Landcover-778723,21.017003,105.735295,Landcover,Settlement,Urban areas,Urban: Centre,test,Cwa,"Temperate, dry winter, hot summer",11,Temperate,Asia,"[10, 30)"
Landcover-778731,47.782242,67.746769,Landcover,Settlement,Urban areas,Urban: Suburban,train,BWk,"Arid, desert, cold",5,Arid,Asia,"[30, 60)"
Landcover-778743,16.735075,74.602757,Landcover,Settlement,Urban areas,Rural: Very Low Dens,train,BSh,"Arid, steppe, hot",6,Arid,Asia,"[10, 30)"
Landcover-778756,43.013429,124.133711,Landcover,Settlement,Urban areas,Urban: Semi-dense,train,Dwa,"Cold, dry winter, hot summer",21,Cold,Asia,"[30, 60)"
Landcover-778775,45.307744,-66.199306,Landcover,Settlement,Urban areas,Rural: Very Low Dens,val,Dfb,"Cold, no dry season, warm summer",26,Cold,North America,"[30, 60)"
Landcover-778776,10.673387,106.581539,Landcover,Settlement,Urban areas,Urban: Centre,train,Aw,"Tropical, savannah",3,Tropical,Asia,"[10, 30)"
Landcover-779287,-33.493056,-53.727513,Landcover,Agriculture,"Cropland, irrigated or post‐flooding",Rural: Very Low Dens,train,Cfa,"Temperate, no dry season, hot summer",14,Temperate,South America,"[-60, -30)"
Landcover-783591,-18.137718,28.059634,Landcover,Agriculture,"Cropland, irrigated or post‐flooding",Rural: Very Low Dens,train,BSh,"Arid, steppe, hot",6,Arid,Africa,"[-30, -10)"
Landcover-78405,31.614832,107.175948,Landcover,Agriculture,"Cropland, rainfed",Rural: Very Low Dens,test,Cwa,"Temperate, dry winter, hot summer",11,Temperate,Asia,"[30, 60)"
Landcover-785992,37.375416,66.725989,Landcover,Agriculture,"Cropland, irrigated or post‐flooding",Rural: Very Low Dens,train,BWh,"Arid, desert, hot",4,Arid,Asia,"[30, 60)"
Landcover-78918,34.803103,137.990679,Landcover,Agriculture,"Cropland, rainfed",Urban: Suburban,train,Cfa,"Temperate, no dry season, hot summer",14,Temperate,Asia,"[30, 60)"
Landcover-790009,42.771963,59.703771,Landcover,Agriculture,"Cropland, irrigated or post‐flooding",Rural: Very Low Dens,train,BWk,"Arid, desert, cold",5,Arid,Asia,"[30, 60)"
Landcover-790719,22.962387,113.595229,Landcover,Agriculture,"Cropland, irrigated or post‐flooding",Urban: Suburban,val,Cwa,"Temperate, dry winter, hot summer",11,Temperate,Asia,"[10, 30)"
Landcover-790784,38.801437,100.643924,Landcover,Agriculture,"Cropland, irrigated or post‐flooding",Rural: Very Low Dens,train,BWk,"Arid, desert, cold",5,Arid,Asia,"[30, 60)"
Landcover-790888,12.095992,78.928051,Landcover,Agriculture,"Cropland, irrigated or post‐flooding",Rural: cluster,train,Aw,"Tropical, savannah",3,Tropical,Asia,"[10, 30)"
Landcover-791283,44.049887,81.917567,Landcover,Agriculture,"Cropland, irrigated or post‐flooding",Rural: Very Low Dens,train,BSk,"Arid, steppe, cold",7,Arid,Asia,"[30, 60)"
Landcover-793085,23.480919,77.887653,Landcover,Agriculture,"Cropland, irrigated or post‐flooding",Rural: Very Low Dens,train,Aw,"Tropical, savannah",3,Tropical,Asia,"[10, 30)"
Landcover-793637,9.836701,43.195228,Landcover,Agriculture,"Cropland, irrigated or post‐flooding",Rural: Very Low Dens,val,BSh,"Arid, steppe, hot",6,Arid,Africa,"[-10, 10)"
Landcover-795169,17.062245,80.166282,Landcover,Agriculture,"Cropland, irrigated or post‐flooding",Rural: Very Low Dens,train,Aw,"Tropical, savannah",3,Tropical,Asia,"[10, 30)"
Landcover-797000,44.152328,123.866791,Landcover,Agriculture,"Cropland, irrigated or post‐flooding",Rural: Very Low Dens,train,Dwa,"Cold, dry winter, hot summer",21,Cold,Asia,"[30, 60)"
Landcover-799882,16.438043,102.874836,Landcover,Agriculture,"Cropland, irrigated or post‐flooding",Urban: Centre,train,Aw,"Tropical, savannah",3,Tropical,Asia,"[10, 30)"
Landcover-800507,36.748111,117.305524,Landcover,Agriculture,"Cropland, irrigated or post‐flooding",Urban: Dense,train,Dwa,"Cold, dry winter, hot summer",21,Cold,Asia,"[30, 60)"
Landcover-801291,44.315951,81.012131,Landcover,Agriculture,"Cropland, irrigated or post‐flooding",Rural: Very Low Dens,train,BSk,"Arid, steppe, cold",7,Arid,Asia,"[30, 60)"
Landcover-801463,32.510582,118.012323,Landcover,Agriculture,"Cropland, irrigated or post‐flooding",Rural: Very Low Dens,train,Cfa,"Temperate, no dry season, hot summer",14,Temperate,Asia,"[30, 60)"
Landcover-801984,16.407872,94.976747,Landcover,Agriculture,"Cropland, irrigated or post‐flooding",Rural: Very Low Dens,train,Am,"Tropical, monsoon",2,Tropical,Asia,"[10, 30)"
Landcover-802701,21.341977,81.122288,Landcover,Agriculture,"Cropland, irrigated or post‐flooding",Rural: Low Dens,val,Aw,"Tropical, savannah",3,Tropical,Asia,"[10, 30)"
Landcover-803731,25.626684,87.755694,Landcover,Agriculture,"Cropland, irrigated or post‐flooding",Rural: Very Low Dens,train,Cwa,"Temperate, dry winter, hot summer",11,Temperate,Asia,"[10, 30)"
Landcover-805118,27.725661,77.146439,Landcover,Agriculture,"Cropland, irrigated or post‐flooding",Rural: cluster,train,BSh,"Arid, steppe, hot",6,Arid,Asia,"[10, 30)"
Landcover-805418,22.314525,77.173035,Landcover,Agriculture,"Cropland, irrigated or post‐flooding",Rural: Very Low Dens,train,Aw,"Tropical, savannah",3,Tropical,Asia,"[10, 30)"
Landcover-806052,21.707871,74.510262,Landcover,Agriculture,"Cropland, irrigated or post‐flooding",Rural: Low Dens,train,BSh,"Arid, steppe, hot",6,Arid,Asia,"[10, 30)"
Landcover-806708,24.593752,83.039586,Landcover,Agriculture,"Cropland, irrigated or post‐flooding",Rural: cluster,train,Cwa,"Temperate, dry winter, hot summer",11,Temperate,Asia,"[10, 30)"
Landcover-807640,29.484169,77.669984,Landcover,Agriculture,"Cropland, irrigated or post‐flooding",Urban: Centre,train,Cwa,"Temperate, dry winter, hot summer",11,Temperate,Asia,"[10, 30)"
Landcover-812305,22.866085,43.874089,Landcover,Other,Bare areas,Rural: Very Low Dens,train,BWh,"Arid, desert, hot",4,Arid,Asia,"[10, 30)"
Landcover-813579,27.43773,-1.911144,Landcover,Other,Bare areas,Rural: Very Low Dens,train,BWh,"Arid, desert, hot",4,Arid,Africa,"[10, 30)"
Landcover-816178,28.46133,2.27023,Landcover,Other,Bare areas,Rural: Very Low Dens,train,BWh,"Arid, desert, hot",4,Arid,Africa,"[10, 30)"
Landcover-817333,25.026893,24.098705,Landcover,Other,Bare areas,Rural: Very Low Dens,train,BWh,"Arid, desert, hot",4,Arid,Africa,"[10, 30)"
Landcover-817664,19.483676,34.233832,Landcover,Other,Bare areas,Rural: Very Low Dens,train,BWh,"Arid, desert, hot",4,Arid,Africa,"[10, 30)"
Landcover-818580,36.907658,100.665538,Landcover,Other,Bare areas,Rural: Very Low Dens,train,Dwc,"Cold, dry winter, cold summer",23,Cold,Asia,"[30, 60)"
Landcover-822338,78.58582,-93.244924,Landcover,Other,Bare areas,Rural: Very Low Dens,test,ET,"Polar, tundra",29,Polar,North America,"[60, 90)"
Landcover-822906,24.366716,9.464667,Landcover,Other,Bare areas,Rural: Very Low Dens,test,BWh,"Arid, desert, hot",4,Arid,Africa,"[10, 30)"
Landcover-823696,38.173282,88.319014,Landcover,Other,Bare areas,Rural: Very Low Dens,train,BWk,"Arid, desert, cold",5,Arid,Asia,"[30, 60)"
Landcover-826131,48.430361,93.073952,Landcover,Other,Bare areas,Rural: Very Low Dens,train,BWk,"Arid, desert, cold",5,Arid,Asia,"[30, 60)"
Landcover-827855,18.793145,-11.536397,Landcover,Other,Bare areas,Rural: Very Low Dens,train,BWh,"Arid, desert, hot",4,Arid,Africa,"[10, 30)"
Landcover-830181,45.563233,85.187552,Landcover,Other,Bare areas,Rural: Very Low Dens,train,BWk,"Arid, desert, cold",5,Arid,Asia,"[30, 60)"
Landcover-836934,20.492844,24.722581,Landcover,Other,Bare areas,Rural: Very Low Dens,val,BWh,"Arid, desert, hot",4,Arid,Africa,"[10, 30)"
Landcover-8379,23.753323,115.681557,Landcover,Agriculture,"Cropland, rainfed",Urban: Suburban,train,Cwa,"Temperate, dry winter, hot summer",11,Temperate,Asia,"[10, 30)"
Landcover-841682,-28.884483,140.181458,Landcover,Other,Bare areas,Rural: Very Low Dens,train,BWh,"Arid, desert, hot",4,Arid,Oceania,"[-30, -10)"
Landcover-842467,37.015674,-112.711502,Landcover,Other,Bare areas,Rural: Very Low Dens,train,BSk,"Arid, steppe, cold",7,Arid,North America,"[30, 60)"
Landcover-843523,32.002164,40.939451,Landcover,Other,Bare areas,Rural: Very Low Dens,train,BWh,"Arid, desert, hot",4,Arid,Asia,"[30, 60)"
Landcover-846347,30.376083,9.241175,Landcover,Other,Bare areas,Rural: Very Low Dens,train,BWh,"Arid, desert, hot",4,Arid,Africa,"[30, 60)"
Landcover-848098,28.910624,12.991664,Landcover,Other,Bare areas,Rural: Very Low Dens,train,BWh,"Arid, desert, hot",4,Arid,Africa,"[10, 30)"
Landcover-849673,29.434365,-4.738069,Landcover,Other,Bare areas,Rural: Very Low Dens,train,BWh,"Arid, desert, hot",4,Arid,Africa,"[10, 30)"
Landcover-854301,38.504262,62.379886,Landcover,Other,Bare areas,Rural: Very Low Dens,test,BWk,"Arid, desert, cold",5,Arid,Asia,"[30, 60)"
Landcover-85604,51.982822,35.602763,Landcover,Agriculture,"Cropland, rainfed",Rural: Very Low Dens,train,Dfb,"Cold, no dry season, warm summer",26,Cold,Europe,"[30, 60)"
Landcover-856745,69.19864,89.967913,Landcover,Other,Bare areas,Rural: Very Low Dens,val,Dfc,"Cold, no dry season, cold summer",27,Cold,Europe,"[60, 90)"
Landcover-858596,19.028971,56.468664,Landcover,Other,Bare areas,Rural: Very Low Dens,train,BWh,"Arid, desert, hot",4,Arid,Asia,"[10, 30)"
Landcover-864892,29.265905,29.974587,Landcover,Other,Bare areas,Rural: Very Low Dens,train,BWh,"Arid, desert, hot",4,Arid,Africa,"[10, 30)"
Landcover-868810,39.656087,101.929364,Landcover,Other,Bare areas,Rural: Very Low Dens,train,BWk,"Arid, desert, cold",5,Arid,Asia,"[30, 60)"
Landcover-871192,35.508345,83.678191,Landcover,Other,Bare areas,Rural: Very Low Dens,train,BWk,"Arid, desert, cold",5,Arid,Asia,"[30, 60)"
Landcover-8732,15.032277,100.747956,Landcover,Agriculture,"Cropland, rainfed",Rural: Very Low Dens,train,Aw,"Tropical, savannah",3,Tropical,Asia,"[10, 30)"
Landcover-87405,13.601002,-15.274063,Landcover,Agriculture,"Cropland, rainfed",Rural: Very Low Dens,train,BSh,"Arid, steppe, hot",6,Arid,Africa,"[10, 30)"
Landcover-87482,4.596207,-8.009688,Landcover,Agriculture,"Cropland, rainfed",Rural: Very Low Dens,train,Af,"Tropical, rainforest",1,Tropical,Africa,"[-10, 10)"
Landcover-876184,30.156864,23.561685,Landcover,Other,Bare areas,Rural: Very Low Dens,train,BWh,"Arid, desert, hot",4,Arid,Africa,"[30, 60)"
Landcover-878254,23.628515,-8.633344,Landcover,Other,Bare areas,Rural: Very Low Dens,train,BWh,"Arid, desert, hot",4,Arid,Africa,"[10, 30)"
Landcover-888505,47.051956,12.98914,Landcover,Other,Bare areas,Rural: Very Low Dens,train,ET,"Polar, tundra",29,Polar,Europe,"[30, 60)"
Landcover-889538,21.252012,25.658699,Landcover,Other,Bare areas,Rural: Very Low Dens,val,BWh,"Arid, desert, hot",4,Arid,Africa,"[10, 30)"
Landcover-890848,28.224252,32.256054,Landcover,Other,Bare areas,Rural: Very Low Dens,train,BWh,"Arid, desert, hot",4,Arid,Africa,"[10, 30)"
Landcover-891395,-17.023409,-71.497901,Landcover,Other,Bare areas,Rural: Very Low Dens,train,BWh,"Arid, desert, hot",4,Arid,South America,"[-30, -10)"
Landcover-892146,44.491182,107.994229,Landcover,Other,Bare areas,Rural: Very Low Dens,train,BWk,"Arid, desert, cold",5,Arid,Asia,"[30, 60)"
Landcover-892835,17.21002,-5.110917,Landcover,Other,Bare areas,Rural: Very Low Dens,test,BWh,"Arid, desert, hot",4,Arid,Africa,"[10, 30)"
Landcover-894223,31.015114,36.9788,Landcover,Other,Bare areas,Rural: Very Low Dens,train,BWh,"Arid, desert, hot",4,Arid,Asia,"[30, 60)"
Landcover-894532,23.785849,6.449751,Landcover,Other,Bare areas,Rural: Very Low Dens,train,BWh,"Arid, desert, hot",4,Arid,Africa,"[10, 30)"
Landcover-896994,40.65332,82.721633,Landcover,Other,Bare areas,Rural: Very Low Dens,train,BWk,"Arid, desert, cold",5,Arid,Asia,"[30, 60)"
Landcover-898682,13.681344,41.440696,Landcover,Other,Bare areas,Rural: Very Low Dens,train,BWh,"Arid, desert, hot",4,Arid,Africa,"[10, 30)"
Landcover-906415,35.299987,40.450932,Landcover,Other,Bare areas,Rural: Very Low Dens,train,BWh,"Arid, desert, hot",4,Arid,Asia,"[30, 60)"
Landcover-909687,31.696449,4.044482,Landcover,Other,Bare areas,Rural: Very Low Dens,train,BWh,"Arid, desert, hot",4,Arid,Africa,"[30, 60)"
Landcover-911245,24.232615,1.888116,Landcover,Other,Bare areas,Rural: Very Low Dens,train,BWh,"Arid, desert, hot",4,Arid,Africa,"[10, 30)"
Landcover-913388,27.544642,6.13264,Landcover,Other,Bare areas,Rural: Very Low Dens,train,BWh,"Arid, desert, hot",4,Arid,Africa,"[10, 30)"
Landcover-914091,38.68537,62.106023,Landcover,Other,Bare areas,Rural: Very Low Dens,train,BWk,"Arid, desert, cold",5,Arid,Asia,"[30, 60)"
Landcover-921966,19.333387,-4.023645,Landcover,Other,Bare areas,Rural: Very Low Dens,train,BWh,"Arid, desert, hot",4,Arid,Africa,"[10, 30)"
Landcover-926949,22.758688,4.736403,Landcover,Other,Bare areas,Rural: Very Low Dens,train,BWh,"Arid, desert, hot",4,Arid,Africa,"[10, 30)"
Landcover-927486,29.850905,65.334524,Landcover,Other,Bare areas,Rural: Very Low Dens,train,BWh,"Arid, desert, hot",4,Arid,Asia,"[10, 30)"
Landcover-929039,41.823493,88.924261,Landcover,Other,Bare areas,Rural: Very Low Dens,train,BWk,"Arid, desert, cold",5,Arid,Asia,"[30, 60)"
Landcover-934632,32.053274,65.678117,Landcover,Other,Bare areas,Rural: Very Low Dens,train,BSk,"Arid, steppe, cold",7,Arid,Asia,"[30, 60)"
Landcover-936484,32.108945,62.822895,Landcover,Other,Bare areas,Rural: Very Low Dens,train,BWh,"Arid, desert, hot",4,Arid,Asia,"[30, 60)"
Landcover-936725,13.223122,40.081879,Landcover,Other,Bare areas,Rural: Very Low Dens,train,BSh,"Arid, steppe, hot",6,Arid,Africa,"[10, 30)"
Landcover-936894,19.935305,15.192639,Landcover,Other,Bare areas,Rural: Very Low Dens,train,BWh,"Arid, desert, hot",4,Arid,Africa,"[10, 30)"
Landcover-936904,25.003118,33.136652,Landcover,Other,Bare areas,Rural: Very Low Dens,test,BWh,"Arid, desert, hot",4,Arid,Africa,"[10, 30)"
Landcover-941773,16.66547,37.350118,Landcover,Other,Bare areas,Rural: Very Low Dens,test,BWh,"Arid, desert, hot",4,Arid,Africa,"[10, 30)"
Landcover-942166,17.577597,28.694961,Landcover,Other,Bare areas,Rural: Very Low Dens,train,BWh,"Arid, desert, hot",4,Arid,Africa,"[10, 30)"
Landcover-942569,70.041669,21.939292,Landcover,Other,Bare areas,Rural: Very Low Dens,train,Dfc,"Cold, no dry season, cold summer",27,Cold,Europe,"[60, 90)"
Landcover-949534,25.706084,7.912285,Landcover,Other,Bare areas,Rural: Very Low Dens,train,BWh,"Arid, desert, hot",4,Arid,Africa,"[10, 30)"
Landcover-955196,-26.692245,20.836208,Landcover,Other,Bare areas,Rural: Very Low Dens,test,BWh,"Arid, desert, hot",4,Arid,Africa,"[-30, -10)"
Landcover-955740,18.689168,11.89503,Landcover,Other,Bare areas,Rural: Very Low Dens,test,BWh,"Arid, desert, hot",4,Arid,Africa,"[10, 30)"
Landcover-955960,18.947025,-8.296644,Landcover,Other,Bare areas,Rural: Very Low Dens,train,BWh,"Arid, desert, hot",4,Arid,Africa,"[10, 30)"
Landcover-958598,40.454212,57.831715,Landcover,Other,Bare areas,Rural: Very Low Dens,train,BWk,"Arid, desert, cold",5,Arid,Asia,"[30, 60)"
Landcover-960901,27.935003,16.88914,Landcover,Other,Bare areas,Rural: Very Low Dens,train,BWh,"Arid, desert, hot",4,Arid,Africa,"[10, 30)"
Landcover-968340,17.477399,21.462719,Landcover,Other,Bare areas,Rural: Very Low Dens,train,BWh,"Arid, desert, hot",4,Arid,Africa,"[10, 30)"
Landcover-972287,19.868868,16.938622,Landcover,Other,Bare areas,Rural: Very Low Dens,train,BWh,"Arid, desert, hot",4,Arid,Africa,"[10, 30)"
Landcover-975316,-29.823645,140.715496,Landcover,Other,Bare areas,Rural: Very Low Dens,train,BWh,"Arid, desert, hot",4,Arid,Oceania,"[-30, -10)"
Landcover-983333,24.408163,4.870947,Landcover,Other,Bare areas,Rural: Very Low Dens,train,BWh,"Arid, desert, hot",4,Arid,Africa,"[10, 30)"
Landcover-989288,21.641994,-3.957319,Landcover,Other,Bare areas,Rural: Very Low Dens,val,BWh,"Arid, desert, hot",4,Arid,Africa,"[10, 30)"
Landcover-990382,20.127269,-6.702677,Landcover,Other,Bare areas,Rural: Very Low Dens,train,BWh,"Arid, desert, hot",4,Arid,Africa,"[10, 30)"
Landcover-995043,29.016829,58.583202,Landcover,Other,Bare areas,Rural: Very Low Dens,train,BWh,"Arid, desert, hot",4,Arid,Asia,"[10, 30)"
UNHCR-3645,25.412313,97.399628,UNHCR,Agriculture,"Cropland, irrigated or post‐flooding",Urban: Centre,val,Aw,"Tropical, savannah",3,Tropical,Asia,"[10, 30)"
UNHCR-7977,36.39481,43.184348,UNHCR,Settlement,Urban areas,Urban: Centre,train,Csa,"Temperate, dry summer, hot summer",8,Temperate,Asia,"[30, 60)"
UNHCR-AFGs000003,34.3492,62.1844,UNHCR,Settlement,Urban areas,Urban: Centre,val,BSk,"Arid, steppe, cold",7,Arid,Asia,"[30, 60)"
UNHCR-AFGs003914,34.36,70.56,UNHCR,Agriculture,"Cropland, rainfed",Rural: Very Low Dens,train,BWh,"Arid, desert, hot",4,Arid,Asia,"[30, 60)"
UNHCR-AFGs015390,33.1764,68.7307,UNHCR,Other,Bare areas,Rural: Very Low Dens,train,BSk,"Arid, steppe, cold",7,Arid,Asia,"[30, 60)"
UNHCR-AFGs026087,33.332705,69.922045,UNHCR,Agriculture,"Cropland, irrigated or post‐flooding",Rural: Low Dens,val,BSk,"Arid, steppe, cold",7,Arid,Asia,"[30, 60)"
UNHCR-AGOs003821,-7.38425,20.044583,UNHCR,Forest,"Tree cover, broadleaved, deciduous, closed to open (>15%)",Rural: Very Low Dens,train,Aw,"Tropical, savannah",3,Tropical,Africa,"[-10, 10)"
UNHCR-AGOs003823,-7.385498,20.837463,UNHCR,Settlement,Urban areas,Urban: Centre,train,Aw,"Tropical, savannah",3,Tropical,Africa,"[-10, 10)"
UNHCR-AZEs002227,40.1,47.525833,UNHCR,Agriculture,"Cropland, rainfed",Rural: cluster,test,BSk,"Arid, steppe, cold",7,Arid,Asia,"[30, 60)"
UNHCR-AZEs002228,40.636667,46.828889,UNHCR,Agriculture,"Cropland, rainfed",Rural: Very Low Dens,train,BSk,"Arid, steppe, cold",7,Arid,Asia,"[30, 60)"
UNHCR-AZEs003149,40.77,47.04889,UNHCR,Settlement,Urban areas,Urban: Centre,train,BSk,"Arid, steppe, cold",7,Arid,Asia,"[30, 60)"
UNHCR-AZEs003151,40.58972,49.66861,UNHCR,Settlement,Urban areas,Urban: Centre,val,BWk,"Arid, desert, cold",5,Arid,Asia,"[30, 60)"
UNHCR-AZEs003152,40.344387,46.938,UNHCR,Settlement,Urban areas,Urban: Dense,test,BSk,"Arid, steppe, cold",7,Arid,Asia,"[30, 60)"
UNHCR-AZEs003158,40.466587,49.842189,UNHCR,Settlement,Urban areas,Urban: Centre,train,BWk,"Arid, desert, cold",5,Arid,Asia,"[30, 60)"
UNHCR-BDIs003896,-3.35569,30.27746,UNHCR,Grassland,Grassland,Rural: Very Low Dens,train,Cwb,"Temperate, dry winter, warm summer",12,Temperate,Africa,"[-10, 10)"
UNHCR-BENs003156,6.497,2.6289,UNHCR,Settlement,Urban areas,Urban: Centre,unassigned,Aw,"Tropical, savannah",3,Tropical,Africa,"[-10, 10)"
UNHCR-BFAs003156,12.471226,-1.470112,UNHCR,Agriculture,"Mosaic cropland (>50%) / natural vegetation (tree, shrub, herbaceous cover) (<50%)",Rural: Very Low Dens,train,BSh,"Arid, steppe, hot",6,Arid,Africa,"[10, 30)"
UNHCR-BFAs004224,14.006225,-1.671639,UNHCR,Grassland,Grassland,Rural: Very Low Dens,val,BSh,"Arid, steppe, hot",6,Arid,Africa,"[10, 30)"
UNHCR-BFAs004479,14.695444,-0.609361,UNHCR,Grassland,Grassland,Rural: Very Low Dens,train,BWh,"Arid, desert, hot",4,Arid,Africa,"[10, 30)"
UNHCR-BFAs004480,14.99056,-0.38694,UNHCR,Grassland,Grassland,Rural: Very Low Dens,test,BWh,"Arid, desert, hot",4,Arid,Africa,"[10, 30)"
UNHCR-BFAs004481,15.01222,-0.5725,UNHCR,Grassland,Grassland,Rural: Very Low Dens,train,BWh,"Arid, desert, hot",4,Arid,Africa,"[10, 30)"
UNHCR-BFAs004482,15.05778,-0.46639,UNHCR,Grassland,Grassland,Rural: Very Low Dens,val,BWh,"Arid, desert, hot",4,Arid,Africa,"[10, 30)"
UNHCR-BFAs004485,13.899722,-1.766,UNHCR,Grassland,Grassland,Rural: cluster,train,BSh,"Arid, steppe, hot",6,Arid,Africa,"[10, 30)"
UNHCR-BFAs004486,14.067,-1.482,UNHCR,Agriculture,"Cropland, rainfed",Rural: Very Low Dens,test,BSh,"Arid, steppe, hot",6,Arid,Africa,"[10, 30)"
UNHCR-BFAs004495,13.856845,-0.937,UNHCR,Grassland,Grassland,Rural: Very Low Dens,train,BSh,"Arid, steppe, hot",6,Arid,Africa,"[10, 30)"
UNHCR-BFAs004498,13.515556,-1.288,UNHCR,Agriculture,"Cropland, rainfed",Rural: Very Low Dens,train,BSh,"Arid, steppe, hot",6,Arid,Africa,"[10, 30)"
UNHCR-BFAs004502,14.048,-2.761426,UNHCR,Grassland,Grassland,Rural: Very Low Dens,train,BSh,"Arid, steppe, hot",6,Arid,Africa,"[10, 30)"
UNHCR-BFAs004506,14.182015,-2.213889,UNHCR,Grassland,Grassland,Rural: Very Low Dens,train,BSh,"Arid, steppe, hot",6,Arid,Africa,"[10, 30)"
UNHCR-BFAs004515,12.668,-0.575833,UNHCR,Agriculture,"Cropland, rainfed",Urban: Centre,train,BSh,"Arid, steppe, hot",6,Arid,Africa,"[10, 30)"
UNHCR-BFAs004520,12.354807,1.033,UNHCR,Agriculture,Herbaceous cover,Rural: Very Low Dens,val,BSh,"Arid, steppe, hot",6,Arid,Africa,"[10, 30)"
UNHCR-BFAs004527,13.281391,-0.928721,UNHCR,Agriculture,"Cropland, rainfed",Rural: Very Low Dens,train,BSh,"Arid, steppe, hot",6,Arid,Africa,"[10, 30)"
UNHCR-BFAs004528,13.308171,-1.598058,UNHCR,Agriculture,"Cropland, rainfed",Rural: Very Low Dens,test,BSh,"Arid, steppe, hot",6,Arid,Africa,"[10, 30)"
UNHCR-BFAs004530,13.831731,-1.608155,UNHCR,Grassland,Grassland,Rural: Very Low Dens,train,BSh,"Arid, steppe, hot",6,Arid,Africa,"[10, 30)"
UNHCR-BFAs004533,13.291389,-1.726111,UNHCR,Agriculture,"Cropland, rainfed",Rural: cluster,train,BSh,"Arid, steppe, hot",6,Arid,Africa,"[10, 30)"
UNHCR-BFAs004538,13.410556,-0.136944,UNHCR,Agriculture,"Cropland, rainfed",Rural: Very Low Dens,train,BSh,"Arid, steppe, hot",6,Arid,Africa,"[10, 30)"
UNHCR-BFAs004540,12.582222,-1.298333,UNHCR,Agriculture,"Cropland, rainfed",Rural: Very Low Dens,train,BSh,"Arid, steppe, hot",6,Arid,Africa,"[10, 30)"
UNHCR-BFAs004551,13.975072,-1.881195,UNHCR,Agriculture,"Cropland, rainfed",Rural: Very Low Dens,train,BSh,"Arid, steppe, hot",6,Arid,Africa,"[10, 30)"
UNHCR-BFAs004554,11.966667,-2.55,UNHCR,Agriculture,"Cropland, rainfed",Rural: Low Dens,train,BSh,"Arid, steppe, hot",6,Arid,Africa,"[10, 30)"
UNHCR-BFAs004558,13.128822,-1.414196,UNHCR,Agriculture,"Cropland, rainfed",Rural: Very Low Dens,train,BSh,"Arid, steppe, hot",6,Arid,Africa,"[10, 30)"
UNHCR-BFAs004562,13.848398,-0.824984,UNHCR,Grassland,Grassland,Rural: Very Low Dens,train,BSh,"Arid, steppe, hot",6,Arid,Africa,"[10, 30)"
UNHCR-BFAs004565,13.948268,-2.212262,UNHCR,Grassland,Grassland,Rural: Very Low Dens,val,BSh,"Arid, steppe, hot",6,Arid,Africa,"[10, 30)"
UNHCR-BFAs004567,10.666667,-4.733333,UNHCR,Agriculture,"Cropland, rainfed",Rural: Low Dens,test,Aw,"Tropical, savannah",3,Tropical,Africa,"[10, 30)"
UNHCR-BFAs004578,13.630323,-1.78843,UNHCR,Agriculture,"Mosaic natural vegetation (tree, shrub, herbaceous cover) (>50%) / cropland (<50%)",Rural: Very Low Dens,train,BSh,"Arid, steppe, hot",6,Arid,Africa,"[10, 30)"
UNHCR-BFAs004579,13.58207,-1.642079,UNHCR,Grassland,Grassland,Rural: Very Low Dens,train,BSh,"Arid, steppe, hot",6,Arid,Africa,"[10, 30)"
UNHCR-BFAs004584,13.500534,-1.741934,UNHCR,Agriculture,"Cropland, rainfed",Rural: Very Low Dens,train,BSh,"Arid, steppe, hot",6,Arid,Africa,"[10, 30)"
UNHCR-BFAs004586,13.486054,-2.325947,UNHCR,Agriculture,"Cropland, rainfed",Rural: Very Low Dens,val,BSh,"Arid, steppe, hot",6,Arid,Africa,"[10, 30)"
UNHCR-BFAs004600,13.28066,-1.279494,UNHCR,Agriculture,Herbaceous cover,Rural: Very Low Dens,test,BSh,"Arid, steppe, hot",6,Arid,Africa,"[10, 30)"
UNHCR-BFAs004616,13.611759,-1.500194,UNHCR,Agriculture,"Cropland, rainfed",Rural: Very Low Dens,train,BSh,"Arid, steppe, hot",6,Arid,Africa,"[10, 30)"
UNHCR-BFAs004617,13.629158,-0.877848,UNHCR,Grassland,Grassland,Rural: Very Low Dens,train,BSh,"Arid, steppe, hot",6,Arid,Africa,"[10, 30)"
UNHCR-BFAs004620,11.8297,-4.737854,UNHCR,Agriculture,"Mosaic cropland (>50%) / natural vegetation (tree, shrub, herbaceous cover) (<50%)",Rural: Low Dens,test,Aw,"Tropical, savannah",3,Tropical,Africa,"[10, 30)"
UNHCR-BFAs004622,12.816111,-1.726389,UNHCR,Agriculture,"Mosaic cropland (>50%) / natural vegetation (tree, shrub, herbaceous cover) (<50%)",Rural: Very Low Dens,train,BSh,"Arid, steppe, hot",6,Arid,Africa,"[10, 30)"
UNHCR-BFAs004628,13.364364,-1.904354,UNHCR,Agriculture,"Mosaic cropland (>50%) / natural vegetation (tree, shrub, herbaceous cover) (<50%)",Rural: Very Low Dens,train,BSh,"Arid, steppe, hot",6,Arid,Africa,"[10, 30)"
UNHCR-BFAs004629,12.466667,-3.466667,UNHCR,Settlement,Urban areas,Urban: Centre,train,BSh,"Arid, steppe, hot",6,Arid,Africa,"[10, 30)"
UNHCR-BFAs004631,13.540085,-2.546886,UNHCR,Agriculture,"Cropland, rainfed",Rural: Very Low Dens,train,BSh,"Arid, steppe, hot",6,Arid,Africa,"[10, 30)"
UNHCR-BFAs004632,13.816958,-0.735954,UNHCR,Agriculture,"Cropland, rainfed",Rural: Very Low Dens,train,BSh,"Arid, steppe, hot",6,Arid,Africa,"[10, 30)"
UNHCR-BFAs004634,14.51248,-0.99094,UNHCR,Grassland,Grassland,Rural: Very Low Dens,train,BWh,"Arid, desert, hot",4,Arid,Africa,"[10, 30)"
UNHCR-BFAs004643,12.154444,0.929722,UNHCR,Agriculture,"Cropland, rainfed",Rural: Very Low Dens,val,BSh,"Arid, steppe, hot",6,Arid,Africa,"[10, 30)"
UNHCR-BFAs004646,13.189806,-1.039789,UNHCR,Grassland,Grassland,Rural: Very Low Dens,train,BSh,"Arid, steppe, hot",6,Arid,Africa,"[10, 30)"
UNHCR-BFAs004655,13.441667,-1.966944,UNHCR,Settlement,Urban areas,Rural: cluster,train,BSh,"Arid, steppe, hot",6,Arid,Africa,"[10, 30)"
UNHCR-BFAs004660,13.081098,-1.017299,UNHCR,Agriculture,"Cropland, rainfed",Rural: Very Low Dens,train,BSh,"Arid, steppe, hot",6,Arid,Africa,"[10, 30)"
UNHCR-BFAs004662,13.436412,0.530443,UNHCR,Agriculture,"Cropland, rainfed",Rural: Very Low Dens,train,BSh,"Arid, steppe, hot",6,Arid,Africa,"[10, 30)"
UNHCR-BGDs032264,21.18276,92.155749,UNHCR,Agriculture,"Mosaic cropland (>50%) / natural vegetation (tree, shrub, herbaceous cover) (<50%)",Rural: Very Low Dens,train,Am,"Tropical, monsoon",2,Tropical,Asia,"[10, 30)"
UNHCR-BGDs032272,20.980258,92.247219,UNHCR,Agriculture,"Cropland, irrigated or post‐flooding",Urban: Centre,train,Am,"Tropical, monsoon",2,Tropical,Asia,"[10, 30)"
UNHCR-BGRs002331,41.837853,26.093,UNHCR,Settlement,Urban areas,Rural: Very Low Dens,train,Cfa,"Temperate, no dry season, hot summer",14,Temperate,Europe,"[30, 60)"
UNHCR-BIHs008566,43.834962,18.366257,UNHCR,Agriculture,"Mosaic cropland (>50%) / natural vegetation (tree, shrub, herbaceous cover) (<50%)",Urban: Suburban,train,Dfb,"Cold, no dry season, warm summer",26,Cold,Europe,"[30, 60)"
UNHCR-BIHs008577,44.879433,15.792632,UNHCR,Agriculture,"Cropland, rainfed",Rural: Very Low Dens,train,Dfb,"Cold, no dry season, warm summer",26,Cold,Europe,"[30, 60)"
UNHCR-BLRs003161,53.91,30.341,UNHCR,Settlement,Urban areas,Urban: Centre,train,Dfb,"Cold, no dry season, warm summer",26,Cold,Europe,"[30, 60)"
UNHCR-BLRs003164,52.445,30.979,UNHCR,Settlement,Urban areas,Urban: Centre,train,Dfb,"Cold, no dry season, warm summer",26,Cold,Europe,"[30, 60)"
UNHCR-BOLs003164,-17.38333,-66.15,UNHCR,Settlement,Urban areas,Urban: Centre,train,Cwb,"Temperate, dry winter, warm summer",12,Temperate,South America,"[-30, -10)"
UNHCR-BOLs003165,-16.494,-68.149,UNHCR,Settlement,Urban areas,Urban: Centre,train,ET,"Polar, tundra",29,Polar,South America,"[-30, -10)"
UNHCR-BRAs003173,-12.03333,-41.96667,UNHCR,Other,Shrubland,Rural: Very Low Dens,unassigned,BSh,"Arid, steppe, hot",6,Arid,South America,"[-30, -10)"
UNHCR-BRAs003183,-7.96667,-37.05,UNHCR,Forest,"Tree cover, broadleaved, deciduous, open (15‐40%)",Rural: Very Low Dens,train,BSh,"Arid, steppe, hot",6,Arid,South America,"[-10, 10)"
UNHCR-BRAs003192,2.821516,-60.728476,UNHCR,Settlement,Urban areas,Urban: Centre,train,Aw,"Tropical, savannah",3,Tropical,South America,"[-10, 10)"
UNHCR-BRAs003200,-23.612029,-46.47809,UNHCR,Settlement,Urban areas,Urban: Centre,train,Cfa,"Temperate, no dry season, hot summer",14,Temperate,South America,"[-30, -10)"
UNHCR-CAFs000088,4.366,18.557,UNHCR,Settlement,Urban areas,Urban: Centre,train,Aw,"Tropical, savannah",3,Tropical,Africa,"[-10, 10)"
UNHCR-CAFs005203,7.031841,19.38424,UNHCR,Forest,"Tree cover, broadleaved, deciduous, open (15‐40%)",Rural: Very Low Dens,train,Aw,"Tropical, savannah",3,Tropical,Africa,"[-10, 10)"
UNHCR-CAFs005209,7.25083,18.855,UNHCR,Forest,"Tree cover, broadleaved, deciduous, open (15‐40%)",Rural: Very Low Dens,train,Aw,"Tropical, savannah",3,Tropical,Africa,"[-10, 10)"
UNHCR-CAFs005221,7.700565,18.631944,UNHCR,Agriculture,"Mosaic natural vegetation (tree, shrub, herbaceous cover) (>50%) / cropland (<50%)",Rural: Low Dens,test,Aw,"Tropical, savannah",3,Tropical,Africa,"[-10, 10)"
UNHCR-CAFs005225,7.03719,18.346286,UNHCR,Forest,"Tree cover, broadleaved, deciduous, open (15‐40%)",Rural: Very Low Dens,train,Aw,"Tropical, savannah",3,Tropical,Africa,"[-10, 10)"
UNHCR-CAFs005242,7.309526,18.296573,UNHCR,Settlement,Urban areas,Rural: Very Low Dens,train,Aw,"Tropical, savannah",3,Tropical,Africa,"[-10, 10)"
UNHCR-CAFs033233,5.113666,24.463376,UNHCR,Agriculture,"Mosaic cropland (>50%) / natural vegetation (tree, shrub, herbaceous cover) (<50%)",Rural: Very Low Dens,train,Aw,"Tropical, savannah",3,Tropical,Africa,"[-10, 10)"
UNHCR-CAFs033235,4.882871,21.332646,UNHCR,Agriculture,"Mosaic cropland (>50%) / natural vegetation (tree, shrub, herbaceous cover) (<50%)",Rural: Very Low Dens,train,Aw,"Tropical, savannah",3,Tropical,Africa,"[-10, 10)"
UNHCR-CAFs033243,6.830072,18.505414,UNHCR,Forest,"Tree cover, broadleaved, deciduous, open (15‐40%)",Rural: Very Low Dens,train,Aw,"Tropical, savannah",3,Tropical,Africa,"[-10, 10)"
UNHCR-CAFs033250,7.175911,18.179205,UNHCR,Forest,"Tree cover, broadleaved, deciduous, open (15‐40%)",Rural: Very Low Dens,test,Aw,"Tropical, savannah",3,Tropical,Africa,"[-10, 10)"
UNHCR-CAFs033253,6.552625,21.986148,UNHCR,Settlement,Urban areas,Urban: Centre,train,Aw,"Tropical, savannah",3,Tropical,Africa,"[-10, 10)"
UNHCR-CAFs033268,5.835264,20.642944,UNHCR,Grassland,Mosaic herbaceous cover (>50%) / tree and shrub (<50%),Rural: Very Low Dens,train,Aw,"Tropical, savannah",3,Tropical,Africa,"[-10, 10)"
UNHCR-CAFs033270,5.375743,26.469539,UNHCR,Forest,"Tree cover, broadleaved, deciduous, open (15‐40%)",Rural: Low Dens,train,Aw,"Tropical, savannah",3,Tropical,Africa,"[-10, 10)"
UNHCR-CAFs033272,5.339652,20.730846,UNHCR,Forest,"Tree cover, broadleaved, deciduous, open (15‐40%)",Rural: Very Low Dens,train,Aw,"Tropical, savannah",3,Tropical,Africa,"[-10, 10)"
UNHCR-CAFs033278,4.993979,23.917023,UNHCR,Forest,"Tree cover, broadleaved, deciduous, open (15‐40%)",Rural: Very Low Dens,test,Aw,"Tropical, savannah",3,Tropical,Africa,"[-10, 10)"
UNHCR-CHEs003033,46.717869,6.368649,UNHCR,Forest,"Tree cover, mixed leaf type (broadleaved and needleleaved)",Rural: cluster,train,Dfb,"Cold, no dry season, warm summer",26,Cold,Europe,"[30, 60)"
UNHCR-CHNs003196,31.22222,121.45806,UNHCR,Settlement,Urban areas,Urban: Centre,train,Cfa,"Temperate, no dry season, hot summer",14,Temperate,Asia,"[30, 60)"
UNHCR-CHNs003197,31.63167,105.15889,UNHCR,Settlement,Urban areas,Urban: Centre,train,Cwa,"Temperate, dry winter, hot summer",11,Temperate,Asia,"[30, 60)"
UNHCR-CMRs004003,6.85985,14.9658,UNHCR,Forest,"Tree cover, broadleaved, deciduous, open (15‐40%)",Rural: Very Low Dens,train,Aw,"Tropical, savannah",3,Tropical,Africa,"[-10, 10)"
UNHCR-CMRs004005,6.7497,14.9497,UNHCR,Settlement,Urban areas,Urban: Dense,unassigned,Aw,"Tropical, savannah",3,Tropical,Africa,"[-10, 10)"
UNHCR-CMRs004018,6.73344,14.6001,UNHCR,Forest,"Tree cover, broadleaved, deciduous, open (15‐40%)",Rural: Very Low Dens,unassigned,Aw,"Tropical, savannah",3,Tropical,Africa,"[-10, 10)"
UNHCR-CMRs004020,6.56667,14.5835,UNHCR,Forest,"Tree cover, broadleaved, deciduous, open (15‐40%)",Rural: Very Low Dens,train,Aw,"Tropical, savannah",3,Tropical,Africa,"[-10, 10)"
UNHCR-CMRs004036,6.53343,14.3168,UNHCR,Forest,"Tree cover, broadleaved, deciduous, open (15‐40%)",Rural: Very Low Dens,train,Aw,"Tropical, savannah",3,Tropical,Africa,"[-10, 10)"
UNHCR-CMRs004042,6.42387,14.2205,UNHCR,Other,Shrubland,Rural: Very Low Dens,test,Aw,"Tropical, savannah",3,Tropical,Africa,"[-10, 10)"
UNHCR-CMRs004049,4.86812,14.1041,UNHCR,Grassland,Grassland,Rural: Very Low Dens,train,Aw,"Tropical, savannah",3,Tropical,Africa,"[-10, 10)"
UNHCR-CMRs004061,4.67182,13.8003,UNHCR,Forest,"Tree cover, broadleaved, evergreen, closed to open (>15%)",Rural: Very Low Dens,test,Aw,"Tropical, savannah",3,Tropical,Africa,"[-10, 10)"
UNHCR-CMRs005229,4.27556,14.90722,UNHCR,Forest,"Tree cover, broadleaved, deciduous, open (15‐40%)",Rural: Very Low Dens,unassigned,Am,"Tropical, monsoon",2,Tropical,Africa,"[-10, 10)"
UNHCR-CMRs005230,3.932428,15.111,UNHCR,Agriculture,"Cropland, rainfed",Rural: Very Low Dens,train,Aw,"Tropical, savannah",3,Tropical,Africa,"[-10, 10)"
UNHCR-CMRs008574,2.682238,16.072,UNHCR,Water,Water bodies,Rural: Very Low Dens,train,Am,"Tropical, monsoon",2,Tropical,Africa,"[-10, 10)"
UNHCR-CMRs008577,5.786119,14.543243,UNHCR,Forest,"Tree cover, broadleaved, deciduous, open (15‐40%)",Rural: Very Low Dens,train,Aw,"Tropical, savannah",3,Tropical,Africa,"[-10, 10)"
UNHCR-CMRs008591,11.333381,14.666689,UNHCR,Other,Shrubland,Rural: Very Low Dens,train,BSh,"Arid, steppe, hot",6,Arid,Africa,"[10, 30)"
UNHCR-CMRs008599,5.0856,9.7696,UNHCR,Forest,"Tree cover, broadleaved, evergreen, closed to open (>15%)",Rural: Low Dens,unassigned,Am,"Tropical, monsoon",2,Tropical,Africa,"[-10, 10)"
UNHCR-CMRs008632,5.121805,9.961432,UNHCR,Forest,"Tree cover, broadleaved, evergreen, closed to open (>15%)",Rural: Very Low Dens,train,Am,"Tropical, monsoon",2,Tropical,Africa,"[-10, 10)"
UNHCR-CMRs008646,5.507867,10.635604,UNHCR,Other,Shrubland,Rural: Low Dens,train,Aw,"Tropical, savannah",3,Tropical,Africa,"[-10, 10)"
UNHCR-CMRs008657,4.0469,9.7084,UNHCR,Settlement,Urban areas,Urban: Centre,train,Am,"Tropical, monsoon",2,Tropical,Africa,"[-10, 10)"
UNHCR-CMRs009177,6.3167,14.7167,UNHCR,Settlement,Urban areas,Rural: Very Low Dens,train,Aw,"Tropical, savannah",3,Tropical,Africa,"[-10, 10)"
UNHCR-CMRs009615,4.4,14.216667,UNHCR,Agriculture,"Mosaic natural vegetation (tree, shrub, herbaceous cover) (>50%) / cropland (<50%)",Rural: Very Low Dens,train,Aw,"Tropical, savannah",3,Tropical,Africa,"[-10, 10)"
UNHCR-CMRs009617,4.333333,14.766667,UNHCR,Forest,"Tree cover, broadleaved, deciduous, open (15‐40%)",Rural: Very Low Dens,train,Am,"Tropical, monsoon",2,Tropical,Africa,"[-10, 10)"
UNHCR-CMRs009621,4.283333,13.833333,UNHCR,Forest,"Tree cover, broadleaved, evergreen, closed to open (>15%)",Rural: Very Low Dens,train,Aw,"Tropical, savannah",3,Tropical,Africa,"[-10, 10)"
UNHCR-CMRs009622,4.216667,14.683333,UNHCR,Forest,"Tree cover, broadleaved, evergreen, closed to open (>15%)",Rural: Very Low Dens,train,Aw,"Tropical, savannah",3,Tropical,Africa,"[-10, 10)"
UNHCR-CMRs009635,7.428564,15.315187,UNHCR,Forest,"Tree cover, broadleaved, deciduous, open (15‐40%)",Rural: Very Low Dens,val,Aw,"Tropical, savannah",3,Tropical,Africa,"[-10, 10)"
UNHCR-CMRs016489,12.438914,14.552719,UNHCR,Agriculture,"Mosaic cropland (>50%) / natural vegetation (tree, shrub, herbaceous cover) (<50%)",Rural: Very Low Dens,train,BSh,"Arid, steppe, hot",6,Arid,Africa,"[10, 30)"
UNHCR-CMRs016501,5.231353,13.700638,UNHCR,Forest,"Tree cover, broadleaved, evergreen, closed to open (>15%)",Rural: Very Low Dens,train,Aw,"Tropical, savannah",3,Tropical,Africa,"[-10, 10)"
UNHCR-CMRs016503,2.849854,15.128363,UNHCR,Forest,"Tree cover, broadleaved, evergreen, closed to open (>15%)",Rural: Very Low Dens,train,Am,"Tropical, monsoon",2,Tropical,Africa,"[-10, 10)"
UNHCR-CMRs016504,6.385739,9.543721,UNHCR,Forest,"Tree cover, broadleaved, deciduous, open (15‐40%)",Rural: Very Low Dens,train,Am,"Tropical, monsoon",2,Tropical,Africa,"[-10, 10)"
UNHCR-CMRs032265,5.916667,14.483333,UNHCR,Forest,"Tree cover, broadleaved, deciduous, open (15‐40%)",Rural: Very Low Dens,val,Aw,"Tropical, savannah",3,Tropical,Africa,"[-10, 10)"
UNHCR-CMRs032267,7.080924,15.133997,UNHCR,Forest,"Tree cover, broadleaved, deciduous, open (15‐40%)",Rural: Very Low Dens,train,Aw,"Tropical, savannah",3,Tropical,Africa,"[-10, 10)"
UNHCR-CMRs032270,3.641297,10.774199,UNHCR,Settlement,Urban areas,Rural: cluster,train,Am,"Tropical, monsoon",2,Tropical,Africa,"[-10, 10)"
UNHCR-CMRs032271,6.15,13.86667,UNHCR,Forest,"Tree cover, broadleaved, evergreen, closed to open (>15%)",Rural: Very Low Dens,train,Aw,"Tropical, savannah",3,Tropical,Africa,"[-10, 10)"
UNHCR-CMRs032288,6.67513,14.254968,UNHCR,Forest,"Tree cover, broadleaved, deciduous, open (15‐40%)",Rural: Very Low Dens,train,Aw,"Tropical, savannah",3,Tropical,Africa,"[-10, 10)"
UNHCR-CODs002391,4.135099,18.803325,UNHCR,Agriculture,"Mosaic natural vegetation (tree, shrub, herbaceous cover) (>50%) / cropland (<50%)",Rural: Very Low Dens,train,Aw,"Tropical, savannah",3,Tropical,Africa,"[-10, 10)"
UNHCR-CODs002678,3.86204,30.219098,UNHCR,Agriculture,"Mosaic cropland (>50%) / natural vegetation (tree, shrub, herbaceous cover) (<50%)",Rural: Low Dens,val,Aw,"Tropical, savannah",3,Tropical,Africa,"[-10, 10)"
UNHCR-CODs002679,2.772272,27.608328,UNHCR,Settlement,Urban areas,Urban: Centre,train,Am,"Tropical, monsoon",2,Tropical,Africa,"[-10, 10)"
UNHCR-CODs003203,-11.662,27.478,UNHCR,Settlement,Urban areas,Urban: Centre,train,Cwa,"Temperate, dry winter, hot summer",11,Temperate,Africa,"[-30, -10)"
UNHCR-CODs003835,-2.49898,28.86223,UNHCR,Settlement,Urban areas,Urban: Centre,train,Aw,"Tropical, savannah",3,Tropical,Africa,"[-10, 10)"
UNHCR-CODs003869,-3.18,27.68,UNHCR,Forest,"Tree cover, broadleaved, evergreen, closed to open (>15%)",Rural: Very Low Dens,train,Am,"Tropical, monsoon",2,Tropical,Africa,"[-10, 10)"
UNHCR-CODs003870,-4.301072,28.944007,UNHCR,Agriculture,"Cropland, rainfed",Rural: Low Dens,train,Aw,"Tropical, savannah",3,Tropical,Africa,"[-10, 10)"
UNHCR-CODs003955,-1.237366,29.056228,UNHCR,Agriculture,"Cropland, rainfed",Rural: Very Low Dens,train,Cfb,"Temperate, no dry season, warm summer",15,Temperate,Africa,"[-10, 10)"
UNHCR-CODs003958,-1.129,29.039,UNHCR,Agriculture,"Cropland, rainfed",Rural: Very Low Dens,train,Af,"Tropical, rainforest",1,Tropical,Africa,"[-10, 10)"
UNHCR-CODs004703,-3.39666,29.13958,UNHCR,Water,Water bodies,Water,train,Aw,"Tropical, savannah",3,Tropical,Africa,"[-10, 10)"
UNHCR-CODs004760,4.038554,25.852335,UNHCR,Settlement,Urban areas,Rural: Very Low Dens,train,Aw,"Tropical, savannah",3,Tropical,Africa,"[-10, 10)"
UNHCR-CODs004964,-0.455316,28.662683,UNHCR,Forest,"Tree cover, broadleaved, evergreen, closed to open (>15%)",Rural: Very Low Dens,train,Af,"Tropical, rainforest",1,Tropical,Africa,"[-10, 10)"
UNHCR-CODs005136,4.18667,19.8997,UNHCR,Agriculture,"Mosaic natural vegetation (tree, shrub, herbaceous cover) (>50%) / cropland (<50%)",Rural: Very Low Dens,train,Aw,"Tropical, savannah",3,Tropical,Africa,"[-10, 10)"
UNHCR-CODs005179,4.5413,19.9185,UNHCR,Forest,"Tree cover, broadleaved, deciduous, open (15‐40%)",Rural: Very Low Dens,train,Aw,"Tropical, savannah",3,Tropical,Africa,"[-10, 10)"
UNHCR-CODs006942,-6.2059,27.664722,UNHCR,Wetland,"Shrub or herbaceous cover, flooded, fresh/saline/brakish water",Rural: Very Low Dens,test,Aw,"Tropical, savannah",3,Tropical,Africa,"[-10, 10)"
UNHCR-CODs006944,-10.327576,27.62388,UNHCR,Forest,"Tree cover, broadleaved, deciduous, closed to open (>15%)",Rural: Very Low Dens,train,Cwb,"Temperate, dry winter, warm summer",12,Temperate,Africa,"[-30, -10)"
UNHCR-CODs026828,3.534528,30.699333,UNHCR,Agriculture,"Mosaic cropland (>50%) / natural vegetation (tree, shrub, herbaceous cover) (<50%)",Rural: Very Low Dens,train,Aw,"Tropical, savannah",3,Tropical,Africa,"[-10, 10)"
UNHCR-CODs026832,4.419,28.996,UNHCR,Forest,"Tree cover, broadleaved, evergreen, closed to open (>15%)",Rural: Very Low Dens,train,Aw,"Tropical, savannah",3,Tropical,Africa,"[-10, 10)"
UNHCR-CODs026833,5.007,27.418,UNHCR,Forest,"Tree cover, broadleaved, deciduous, closed (>40%)",Rural: Very Low Dens,train,Aw,"Tropical, savannah",3,Tropical,Africa,"[-10, 10)"
UNHCR-CODs031867,1.640228,30.331115,UNHCR,Agriculture,"Cropland, rainfed",Rural: Very Low Dens,train,Am,"Tropical, monsoon",2,Tropical,Africa,"[-10, 10)"
UNHCR-CODs031871,1.587222,30.240833,UNHCR,Agriculture,"Cropland, rainfed",Urban: Centre,test,Am,"Tropical, monsoon",2,Tropical,Africa,"[-10, 10)"
UNHCR-COGs000102,-1.03903,17.11207,UNHCR,Water,Water bodies,Water,train,Am,"Tropical, monsoon",2,Tropical,Africa,"[-10, 10)"
UNHCR-COGs002910,2.43499,18.214793,UNHCR,Water,Water bodies,Rural: Very Low Dens,train,Am,"Tropical, monsoon",2,Tropical,Africa,"[-10, 10)"
UNHCR-COGs002922,2.657931,18.3446,UNHCR,Water,Water bodies,Rural: Very Low Dens,train,Am,"Tropical, monsoon",2,Tropical,Africa,"[-10, 10)"
UNHCR-COGs002943,1.990027,18.073889,UNHCR,Water,Water bodies,Water,train,Am,"Tropical, monsoon",2,Tropical,Africa,"[-10, 10)"
UNHCR-COGs002952,1.758333,18.06,UNHCR,Water,Water bodies,Rural: Very Low Dens,val,Af,"Tropical, rainforest",1,Tropical,Africa,"[-10, 10)"
UNHCR-COGs002972,1.171443,17.918393,UNHCR,Water,Water bodies,Rural: Very Low Dens,train,Af,"Tropical, rainforest",1,Tropical,Africa,"[-10, 10)"
UNHCR-COGs002975,0.713435,17.865812,UNHCR,Water,Water bodies,Rural: Very Low Dens,val,Af,"Tropical, rainforest",1,Tropical,Africa,"[-10, 10)"
UNHCR-COGs002978,0.42453,17.950031,UNHCR,Water,Water bodies,Water,train,Af,"Tropical, rainforest",1,Tropical,Africa,"[-10, 10)"
UNHCR-COGs002979,0.319858,17.912469,UNHCR,Water,Water bodies,Rural: Very Low Dens,train,Af,"Tropical, rainforest",1,Tropical,Africa,"[-10, 10)"
UNHCR-COGs004877,1.884449,18.021951,UNHCR,Forest,"Tree cover, broadleaved, evergreen, closed to open (>15%)",Rural: Very Low Dens,train,Af,"Tropical, rainforest",1,Tropical,Africa,"[-10, 10)"
UNHCR-COGs004977,-0.665867,17.610153,UNHCR,Water,Water bodies,Water,train,Am,"Tropical, monsoon",2,Tropical,Africa,"[-10, 10)"
UNHCR-COGs004997,2.569518,18.29144,UNHCR,Water,Water bodies,Rural: Very Low Dens,train,Am,"Tropical, monsoon",2,Tropical,Africa,"[-10, 10)"
UNHCR-COGs010046,1.613611,16.051667,UNHCR,Settlement,Urban areas,Rural: Low Dens,train,Af,"Tropical, rainforest",1,Tropical,Africa,"[-10, 10)"
UNHCR-COGs026824,-0.8725,14.821,UNHCR,Agriculture,Herbaceous cover,Rural: Very Low Dens,train,Aw,"Tropical, savannah",3,Tropical,Africa,"[-10, 10)"
UNHCR-COGs031852,-0.889722,17.129194,UNHCR,Water,Water bodies,Rural: Very Low Dens,val,Am,"Tropical, monsoon",2,Tropical,Africa,"[-10, 10)"
UNHCR-COGs031854,3.059737,18.507094,UNHCR,Agriculture,"Cropland, rainfed",Urban: Centre,train,Am,"Tropical, monsoon",2,Tropical,Africa,"[-10, 10)"
UNHCR-COGs031856,-2.049773,15.866842,UNHCR,Forest,"Tree cover, broadleaved, deciduous, open (15‐40%)",Rural: Very Low Dens,train,Am,"Tropical, monsoon",2,Tropical,Africa,"[-10, 10)"
UNHCR-COLs003209,10.393444,-75.481944,UNHCR,Settlement,Urban areas,Urban: Centre,test,Aw,"Tropical, savannah",3,Tropical,South America,"[10, 30)"
UNHCR-COLs003224,1.204722,-77.285889,UNHCR,Settlement,Urban areas,Urban: Centre,train,Cfb,"Temperate, no dry season, warm summer",15,Temperate,South America,"[-10, 10)"
UNHCR-COLs003235,11.537556,-72.917917,UNHCR,Settlement,Urban areas,Urban: Centre,train,Aw,"Tropical, savannah",3,Tropical,South America,"[10, 30)"
UNHCR-COLs003237,10.204917,-73.067056,UNHCR,Forest,"Tree cover, broadleaved, evergreen, closed to open (>15%)",Rural: Very Low Dens,train,Cwb,"Temperate, dry winter, warm summer",12,Temperate,South America,"[10, 30)"
UNHCR-CZEs000123,50.105,14.265182,UNHCR,Agriculture,Herbaceous cover,Urban: Suburban,train,Dfb,"Cold, no dry season, warm summer",26,Cold,Europe,"[30, 60)"
UNHCR-CZEs000126,50.083866,13.301,UNHCR,Forest,"Tree cover, needleleaved, evergreen, closed to open (>15%)",Rural: Very Low Dens,train,Dfb,"Cold, no dry season, warm summer",26,Cold,Europe,"[30, 60)"
UNHCR-DJIs000145,11.3,42.9167,UNHCR,Other,Bare areas,Rural: Very Low Dens,test,BWh,"Arid, desert, hot",4,Arid,Africa,"[10, 30)"
UNHCR-ECUs003228,-0.189,-78.492,UNHCR,Settlement,Urban areas,Urban: Centre,train,Cfb,"Temperate, no dry season, warm summer",15,Temperate,South America,"[-10, 10)"
UNHCR-EGYs015319,31.4175,31.8144,UNHCR,Settlement,Urban areas,Urban: Centre,train,BWh,"Arid, desert, hot",4,Arid,Africa,"[30, 60)"
UNHCR-ERIs002007,15.608649,39.45417,UNHCR,Water,Water bodies,Urban: Centre,train,BWh,"Arid, desert, hot",4,Arid,Africa,"[10, 30)"
UNHCR-ETHs003238,9.049979,38.828011,UNHCR,Settlement,Urban areas,Urban: Centre,train,Cwb,"Temperate, dry winter, warm summer",12,Temperate,Africa,"[-10, 10)"
UNHCR-ETHs004074,4.5226,41.7226,UNHCR,Grassland,Grassland,Rural: Very Low Dens,train,BWh,"Arid, desert, hot",4,Arid,Africa,"[-10, 10)"
UNHCR-ETHs004109,4.369878,41.862199,UNHCR,Grassland,Grassland,Rural: Very Low Dens,train,BWh,"Arid, desert, hot",4,Arid,Africa,"[-10, 10)"
UNHCR-ETHs004591,9.778603,34.779412,UNHCR,Agriculture,"Mosaic natural vegetation (tree, shrub, herbaceous cover) (>50%) / cropland (<50%)",Rural: Very Low Dens,train,Aw,"Tropical, savannah",3,Tropical,Africa,"[-10, 10)"
UNHCR-ETHs004633,10.336861,34.623806,UNHCR,Forest,"Tree cover, broadleaved, deciduous, open (15‐40%)",Rural: Very Low Dens,train,Aw,"Tropical, savannah",3,Tropical,Africa,"[10, 30)"
UNHCR-ETHs008604,10.237036,34.613565,UNHCR,Forest,"Tree cover, broadleaved, deciduous, open (15‐40%)",Rural: Very Low Dens,train,Aw,"Tropical, savannah",3,Tropical,Africa,"[10, 30)"
UNHCR-ETHs008605,8.15199,34.703518,UNHCR,Forest,"Tree cover, broadleaved, deciduous, open (15‐40%)",Rural: Very Low Dens,train,Aw,"Tropical, savannah",3,Tropical,Africa,"[-10, 10)"
UNHCR-ETHs009626,8.352633,33.434975,UNHCR,Other,Shrubland,Rural: Very Low Dens,train,Aw,"Tropical, savannah",3,Tropical,Africa,"[-10, 10)"
UNHCR-ETHs011867,13.256389,39.843889,UNHCR,Grassland,Mosaic herbaceous cover (>50%) / tree and shrub (<50%),Rural: Very Low Dens,train,BSh,"Arid, steppe, hot",6,Arid,Africa,"[10, 30)"
UNHCR-ETHs028027,14.276667,39.460556,UNHCR,Settlement,Urban areas,Urban: Centre,train,BSk,"Arid, steppe, cold",7,Arid,Africa,"[10, 30)"
UNHCR-ETHs028031,13.683056,39.583056,UNHCR,Agriculture,"Cropland, rainfed",Rural: Very Low Dens,train,BSh,"Arid, steppe, hot",6,Arid,Africa,"[10, 30)"
UNHCR-ETHs028034,12.419206,39.553494,UNHCR,Settlement,Urban areas,Urban: Centre,train,Cwb,"Temperate, dry winter, warm summer",12,Temperate,Africa,"[10, 30)"
UNHCR-ETHs028039,14.52,39.3825,UNHCR,Agriculture,"Cropland, rainfed",Rural: Very Low Dens,train,BSk,"Arid, steppe, cold",7,Arid,Africa,"[10, 30)"
UNHCR-ETHs028884,8.313006,34.328425,UNHCR,Other,Shrubland,Rural: Very Low Dens,train,Aw,"Tropical, savannah",3,Tropical,Africa,"[-10, 10)"
UNHCR-ETHs033346,8.45,36.35,UNHCR,Agriculture,Herbaceous cover,Rural: Low Dens,train,Csb,"Temperate, dry summer, warm summer",9,Temperate,Africa,"[-10, 10)"
UNHCR-GEOs002452,42.58,43.443,UNHCR,Forest,Mosaic tree and shrub (>50%) / herbaceous cover (<50%),Rural: Very Low Dens,train,Dfb,"Cold, no dry season, warm summer",26,Cold,Asia,"[30, 60)"
UNHCR-GEOs002464,41.649,42.314,UNHCR,Agriculture,"Cropland, rainfed",Rural: Very Low Dens,val,Dfb,"Cold, no dry season, warm summer",26,Cold,Asia,"[30, 60)"
UNHCR-GEOs002467,41.634,42.183,UNHCR,Forest,"Tree cover, broadleaved, deciduous, closed to open (>15%)",Rural: cluster,train,Dfb,"Cold, no dry season, warm summer",26,Cold,Asia,"[30, 60)"
UNHCR-GEOs002468,42.016,42.233,UNHCR,Settlement,Urban areas,Urban: Semi-dense,val,Cfa,"Temperate, no dry season, hot summer",14,Temperate,Asia,"[30, 60)"
UNHCR-GEOs002473,42.11,43.012,UNHCR,Settlement,Urban areas,Urban: Suburban,train,Cfa,"Temperate, no dry season, hot summer",14,Temperate,Asia,"[30, 60)"
UNHCR-GEOs003066,41.75709,44.762598,UNHCR,Settlement,Urban areas,Urban: Centre,train,Cfa,"Temperate, no dry season, hot summer",14,Temperate,Asia,"[30, 60)"
UNHCR-GHAs003586,6.139317,0.980869,UNHCR,Agriculture,"Cropland, rainfed",Rural: Low Dens,train,Aw,"Tropical, savannah",3,Tropical,Africa,"[-10, 10)"
UNHCR-GHAs003590,6.02613,0.98721,UNHCR,Settlement,Urban areas,Rural: Very Low Dens,train,Aw,"Tropical, savannah",3,Tropical,Africa,"[-10, 10)"
UNHCR-GHAs003610,7.521175,0.475525,UNHCR,Agriculture,"Cropland, rainfed",Rural: Very Low Dens,train,Aw,"Tropical, savannah",3,Tropical,Africa,"[-10, 10)"
UNHCR-GHAs003624,6.22141,1.0376,UNHCR,Agriculture,"Cropland, rainfed",Rural: Low Dens,train,Aw,"Tropical, savannah",3,Tropical,Africa,"[-10, 10)"
UNHCR-GHAs003633,6.49707,0.51365,UNHCR,Agriculture,"Mosaic cropland (>50%) / natural vegetation (tree, shrub, herbaceous cover) (<50%)",Rural: Very Low Dens,train,Aw,"Tropical, savannah",3,Tropical,Africa,"[-10, 10)"
UNHCR-GHAs026075,10.974438,-0.564921,UNHCR,Agriculture,"Cropland, rainfed",Rural: Very Low Dens,val,Aw,"Tropical, savannah",3,Tropical,Africa,"[10, 30)"
UNHCR-GMBs003273,13.177,-16.415833,UNHCR,Agriculture,"Cropland, rainfed",Rural: Very Low Dens,train,Aw,"Tropical, savannah",3,Tropical,Africa,"[10, 30)"
UNHCR-GMBs003298,13.206667,-16.262,UNHCR,Agriculture,"Cropland, rainfed",Rural: Very Low Dens,train,Aw,"Tropical, savannah",3,Tropical,Africa,"[10, 30)"
UNHCR-GMBs003335,13.349,-16.790833,UNHCR,Settlement,Urban areas,Urban: Suburban,train,Aw,"Tropical, savannah",3,Tropical,Africa,"[10, 30)"
UNHCR-GMBs003346,13.459,-16.663333,UNHCR,Settlement,Urban areas,Rural: Very Low Dens,val,Aw,"Tropical, savannah",3,Tropical,Africa,"[10, 30)"
UNHCR-GMBs003359,13.362,-16.686111,UNHCR,Settlement,Urban areas,Urban: Suburban,unassigned,Aw,"Tropical, savannah",3,Tropical,Africa,"[10, 30)"
UNHCR-GMBs003386,13.533,-14.766667,UNHCR,Agriculture,"Cropland, irrigated or post‐flooding",Rural: Very Low Dens,train,BSh,"Arid, steppe, hot",6,Arid,Africa,"[10, 30)"
UNHCR-GMBs003392,13.196,-16.628056,UNHCR,Agriculture,"Cropland, rainfed",Rural: Very Low Dens,train,Aw,"Tropical, savannah",3,Tropical,Africa,"[10, 30)"
UNHCR-GMBs003407,13.073,-16.746944,UNHCR,Forest,"Tree cover, flooded, saline water",Rural: Very Low Dens,val,Aw,"Tropical, savannah",3,Tropical,Africa,"[10, 30)"
UNHCR-GMBs003416,13.2,-15.866667,UNHCR,Forest,"Tree cover, broadleaved, deciduous, open (15‐40%)",Rural: Very Low Dens,val,Aw,"Tropical, savannah",3,Tropical,Africa,"[10, 30)"
UNHCR-GMBs003424,13.228,-16.091389,UNHCR,Agriculture,"Cropland, rainfed",Rural: Very Low Dens,val,Aw,"Tropical, savannah",3,Tropical,Africa,"[10, 30)"
UNHCR-GMBs003434,13.277,-16.552222,UNHCR,Agriculture,"Cropland, rainfed",Urban: Dense,train,Aw,"Tropical, savannah",3,Tropical,Africa,"[10, 30)"
UNHCR-GMBs003442,13.352,-16.433889,UNHCR,Forest,"Tree cover, flooded, saline water",Rural: Very Low Dens,train,Aw,"Tropical, savannah",3,Tropical,Africa,"[10, 30)"
UNHCR-GNBs001053,12.2139,-15.8658,UNHCR,Forest,"Tree cover, broadleaved, deciduous, open (15‐40%)",Rural: Very Low Dens,train,Aw,"Tropical, savannah",3,Tropical,Africa,"[10, 30)"
UNHCR-GNBs001069,12.3,-16.56666,UNHCR,Agriculture,Herbaceous cover,Rural: Very Low Dens,train,Aw,"Tropical, savannah",3,Tropical,Africa,"[10, 30)"
UNHCR-GNBs001074,12.400837,-15.606,UNHCR,Forest,"Tree cover, broadleaved, deciduous, open (15‐40%)",Rural: Very Low Dens,train,Aw,"Tropical, savannah",3,Tropical,Africa,"[10, 30)"
UNHCR-GNBs001075,12.428,-15.791,UNHCR,Agriculture,"Mosaic natural vegetation (tree, shrub, herbaceous cover) (>50%) / cropland (<50%)",Rural: Very Low Dens,train,Aw,"Tropical, savannah",3,Tropical,Africa,"[10, 30)"
UNHCR-GNBs001091,11.95,-15.650002,UNHCR,Agriculture,"Cropland, rainfed",Urban: Suburban,val,Aw,"Tropical, savannah",3,Tropical,Africa,"[10, 30)"
UNHCR-GNBs001099,11.900832,-15.541779,UNHCR,Forest,"Tree cover, flooded, saline water",Rural: Very Low Dens,train,Aw,"Tropical, savannah",3,Tropical,Africa,"[10, 30)"
UNHCR-GNBs001103,12.41,-16.160832,UNHCR,Forest,"Tree cover, broadleaved, deciduous, open (15‐40%)",Rural: Very Low Dens,unassigned,Aw,"Tropical, savannah",3,Tropical,Africa,"[10, 30)"
UNHCR-GNBs001116,12.467,-16.08333,UNHCR,Forest,"Tree cover, broadleaved, deciduous, open (15‐40%)",Rural: Very Low Dens,test,Aw,"Tropical, savannah",3,Tropical,Africa,"[10, 30)"
UNHCR-GNBs001132,12.332,-15.677499,UNHCR,Agriculture,"Mosaic natural vegetation (tree, shrub, herbaceous cover) (>50%) / cropland (<50%)",Rural: Very Low Dens,train,Aw,"Tropical, savannah",3,Tropical,Africa,"[10, 30)"
UNHCR-GRCs000010,36.893189,27.287869,UNHCR,Settlement,Urban areas,Urban: Semi-dense,val,Csa,"Temperate, dry summer, hot summer",8,Temperate,Asia,"[30, 60)"
UNHCR-GRCs000043,37.984117,23.696326,UNHCR,Settlement,Urban areas,Urban: Centre,train,Csa,"Temperate, dry summer, hot summer",8,Temperate,Europe,"[30, 60)"
UNHCR-GRCs000052,38.386915,23.504613,UNHCR,Agriculture,"Cropland, rainfed",Rural: Low Dens,train,Csa,"Temperate, dry summer, hot summer",8,Temperate,Europe,"[30, 60)"
UNHCR-GRCs000055,38.797206,22.543237,UNHCR,Other,Shrubland,Rural: Very Low Dens,val,Csa,"Temperate, dry summer, hot summer",8,Temperate,Europe,"[30, 60)"
UNHCR-GRCs000063,40.63332,22.951101,UNHCR,Settlement,Urban areas,Urban: Centre,train,BSk,"Arid, steppe, cold",7,Arid,Europe,"[30, 60)"
UNHCR-GRCs000066,40.70095,22.86394,UNHCR,Agriculture,"Cropland, rainfed",Urban: Suburban,train,BSk,"Arid, steppe, cold",7,Arid,Europe,"[30, 60)"
UNHCR-GRCs000069,41.17143,24.068963,UNHCR,Settlement,Urban areas,Rural: Low Dens,test,BSk,"Arid, steppe, cold",7,Arid,Europe,"[30, 60)"
UNHCR-GRCs000078,40.049359,20.749345,UNHCR,Settlement,Urban areas,Rural: Very Low Dens,train,Csa,"Temperate, dry summer, hot summer",8,Temperate,Europe,"[30, 60)"
UNHCR-GRCs000084,36.408781,27.395633,UNHCR,Grassland,Grassland,Rural: Very Low Dens,train,Csa,"Temperate, dry summer, hot summer",8,Temperate,Asia,"[30, 60)"
UNHCR-GRCs035267,39.696272,20.816931,UNHCR,Settlement,Urban areas,Urban: Centre,train,Csa,"Temperate, dry summer, hot summer",8,Temperate,Europe,"[30, 60)"
UNHCR-GRCs035283,38.32329,26.09239,UNHCR,Agriculture,"Cropland, rainfed",Rural: cluster,train,Csa,"Temperate, dry summer, hot summer",8,Temperate,Asia,"[30, 60)"
UNHCR-GRCs035292,39.631091,22.419074,UNHCR,Settlement,Urban areas,Urban: Centre,train,BSk,"Arid, steppe, cold",7,Arid,Europe,"[30, 60)"
UNHCR-GRCs035294,39.381584,22.8517,UNHCR,Agriculture,"Cropland, rainfed",Rural: Very Low Dens,train,BSk,"Arid, steppe, cold",7,Arid,Europe,"[30, 60)"
UNHCR-GRCs035297,35.513206,24.020189,UNHCR,Settlement,Urban areas,Urban: Centre,test,Csa,"Temperate, dry summer, hot summer",8,Temperate,Europe,"[30, 60)"
UNHCR-GRCs035302,40.993682,22.87457,UNHCR,Settlement,Urban areas,Urban: Dense,train,BSk,"Arid, steppe, cold",7,Arid,Europe,"[30, 60)"
UNHCR-HRVs002489,45.540224,18.674369,UNHCR,Agriculture,Herbaceous cover,Rural: Low Dens,val,Dfb,"Cold, no dry season, warm summer",26,Cold,Europe,"[30, 60)"
UNHCR-HRVs003027,45.759,16.006439,UNHCR,Settlement,Urban areas,Urban: Suburban,train,Cfa,"Temperate, no dry season, hot summer",14,Temperate,Europe,"[30, 60)"
UNHCR-HUNs001856,47.014,16.595431,UNHCR,Settlement,Urban areas,Urban: Suburban,train,Dfb,"Cold, no dry season, warm summer",26,Cold,Europe,"[30, 60)"
UNHCR-HUNs002541,47.833309,22.136539,UNHCR,Settlement,Urban areas,Rural: cluster,train,Dfb,"Cold, no dry season, warm summer",26,Cold,Europe,"[30, 60)"
UNHCR-HUNs002665,45.768009,18.454,UNHCR,Agriculture,Herbaceous cover,Rural: Very Low Dens,test,Dfb,"Cold, no dry season, warm summer",26,Cold,Europe,"[30, 60)"
UNHCR-HUNs002669,47.607542,19.199,UNHCR,Settlement,Urban areas,Urban: Suburban,train,Dfb,"Cold, no dry season, warm summer",26,Cold,Europe,"[30, 60)"
UNHCR-HUNs002676,46.179,19.983266,UNHCR,Agriculture,Herbaceous cover,Rural: Very Low Dens,train,Dfb,"Cold, no dry season, warm summer",26,Cold,Europe,"[30, 60)"
UNHCR-HUNs002677,46.168,19.5585,UNHCR,Agriculture,Herbaceous cover,Rural: Low Dens,train,Dfb,"Cold, no dry season, warm summer",26,Cold,Europe,"[30, 60)"
UNHCR-IDNs003280,-5.190426,119.722788,UNHCR,Agriculture,"Mosaic cropland (>50%) / natural vegetation (tree, shrub, herbaceous cover) (<50%)",Rural: Very Low Dens,train,Am,"Tropical, monsoon",2,Tropical,Asia,"[-10, 10)"
UNHCR-IDNs003281,-10.1724,123.578,UNHCR,Settlement,Urban areas,Urban: Centre,train,Aw,"Tropical, savannah",3,Tropical,Asia,"[-30, -10)"
UNHCR-INDs003269,31.100025,77.166597,UNHCR,Forest,"Tree cover, needleleaved, evergreen, closed to open (>15%)",Rural: Very Low Dens,train,Cwa,"Temperate, dry winter, hot summer",11,Temperate,Asia,"[30, 60)"
UNHCR-INDs003271,11.667026,92.735983,UNHCR,Settlement,Urban areas,Urban: Centre,train,Am,"Tropical, monsoon",2,Tropical,Asia,"[10, 30)"
UNHCR-INDs003281,8.50193,76.948075,UNHCR,Settlement,Urban areas,Urban: Centre,train,Aw,"Tropical, savannah",3,Tropical,Asia,"[-10, 10)"
UNHCR-INDs003288,26.923079,75.808041,UNHCR,Settlement,Urban areas,Urban: Centre,train,BSh,"Arid, steppe, hot",6,Arid,Asia,"[10, 30)"
UNHCR-IRNs001061,36.153,45.48,UNHCR,Settlement,Urban areas,Urban: Centre,train,Dsa,"Cold, dry summer, hot summer",17,Cold,Asia,"[30, 60)"
UNHCR-IRNs001065,29.4333,51.2833,UNHCR,Agriculture,"Cropland, rainfed",Rural: Low Dens,train,BSh,"Arid, steppe, hot",6,Arid,Asia,"[10, 30)"
UNHCR-IRNs001075,30.4061,55.9464,UNHCR,Agriculture,"Cropland, rainfed",Rural: Very Low Dens,val,BWh,"Arid, desert, hot",4,Arid,Asia,"[30, 60)"
UNHCR-IRNs001083,36.7071,45.0968,UNHCR,Agriculture,"Cropland, rainfed",Rural: Very Low Dens,train,Dsa,"Cold, dry summer, hot summer",17,Cold,Asia,"[30, 60)"
UNHCR-IRNs004103,31.742491,54.187672,UNHCR,Agriculture,"Cropland, rainfed",Urban: Suburban,train,BWk,"Arid, desert, cold",5,Arid,Asia,"[30, 60)"
UNHCR-IRNs006123,35.67943,51.260273,UNHCR,Settlement,Urban areas,Urban: Centre,train,BSk,"Arid, steppe, cold",7,Arid,Asia,"[30, 60)"
UNHCR-IRNs006124,33.453008,49.419922,UNHCR,Agriculture,"Mosaic cropland (>50%) / natural vegetation (tree, shrub, herbaceous cover) (<50%)",Rural: Low Dens,train,Dsa,"Cold, dry summer, hot summer",17,Cold,Asia,"[30, 60)"
UNHCR-IRQs003072,35.983333,44.166667,UNHCR,Agriculture,"Cropland, rainfed",Rural: Very Low Dens,test,Csa,"Temperate, dry summer, hot summer",8,Temperate,Asia,"[30, 60)"
UNHCR-IRQs003273,32.54083,44.42417,UNHCR,Agriculture,"Cropland, rainfed",Urban: Centre,train,BWh,"Arid, desert, hot",4,Arid,Asia,"[30, 60)"
UNHCR-IRQs003277,32.59778,44.01611,UNHCR,Settlement,Urban areas,Urban: Centre,val,BWh,"Arid, desert, hot",4,Arid,Asia,"[30, 60)"
UNHCR-IRQs004242,36.782322,42.891424,UNHCR,Agriculture,"Cropland, rainfed",Rural: Low Dens,train,Csa,"Temperate, dry summer, hot summer",8,Temperate,Asia,"[30, 60)"
UNHCR-IRQs004652,36.73543,43.87958,UNHCR,Agriculture,"Cropland, rainfed",Urban: Suburban,train,Csa,"Temperate, dry summer, hot summer",8,Temperate,Asia,"[30, 60)"
UNHCR-IRQs004654,36.346081,43.811282,UNHCR,Agriculture,"Cropland, rainfed",Rural: Very Low Dens,train,Csa,"Temperate, dry summer, hot summer",8,Temperate,Asia,"[30, 60)"
UNHCR-IRQs004655,36.465401,43.888397,UNHCR,Agriculture,Herbaceous cover,Rural: Very Low Dens,train,Csa,"Temperate, dry summer, hot summer",8,Temperate,Asia,"[30, 60)"
UNHCR-IRQs008165,34.374129,41.066993,UNHCR,Settlement,Urban areas,Urban: Dense,val,BWh,"Arid, desert, hot",4,Arid,Asia,"[30, 60)"
UNHCR-IRQs010037,33.36286,44.66264,UNHCR,Other,Bare areas,Rural: Very Low Dens,train,BWh,"Arid, desert, hot",4,Arid,Asia,"[30, 60)"
UNHCR-IRQs010041,37.0603,42.618683,UNHCR,Agriculture,Herbaceous cover,Rural: Very Low Dens,train,Csa,"Temperate, dry summer, hot summer",8,Temperate,Asia,"[30, 60)"
UNHCR-IRQs010044,37.18099,42.85387,UNHCR,Settlement,Urban areas,Rural: Very Low Dens,test,Csa,"Temperate, dry summer, hot summer",8,Temperate,Asia,"[30, 60)"
UNHCR-IRQs010047,37.093332,43.229453,UNHCR,Agriculture,Herbaceous cover,Rural: Very Low Dens,train,Csa,"Temperate, dry summer, hot summer",8,Temperate,Asia,"[30, 60)"
UNHCR-IRQs010052,36.256285,43.994913,UNHCR,Other,Bare areas,Rural: Low Dens,train,Csa,"Temperate, dry summer, hot summer",8,Temperate,Asia,"[30, 60)"
UNHCR-IRQs012298,36.72461,43.26904,UNHCR,Agriculture,"Cropland, rainfed",Rural: Very Low Dens,train,Csa,"Temperate, dry summer, hot summer",8,Temperate,Asia,"[30, 60)"
UNHCR-IRQs012307,34.544193,45.390722,UNHCR,Agriculture,"Cropland, rainfed",Rural: Very Low Dens,train,BSh,"Arid, steppe, hot",6,Arid,Asia,"[30, 60)"
UNHCR-IRQs012310,33.484131,44.189417,UNHCR,Agriculture,"Cropland, rainfed",Urban: Suburban,train,BWh,"Arid, desert, hot",4,Arid,Asia,"[30, 60)"
UNHCR-IRQs034980,33.317933,44.445211,UNHCR,Settlement,Urban areas,Urban: Centre,train,BWh,"Arid, desert, hot",4,Arid,Asia,"[30, 60)"
UNHCR-IRQs034997,32.985122,44.475672,UNHCR,Agriculture,Herbaceous cover,Rural: Low Dens,train,BWh,"Arid, desert, hot",4,Arid,Asia,"[30, 60)"
UNHCR-IRQs035003,33.250864,43.579861,UNHCR,Other,Bare areas,Rural: Very Low Dens,test,BWh,"Arid, desert, hot",4,Arid,Asia,"[30, 60)"
UNHCR-IRQs035034,36.30727,43.53602,UNHCR,Other,Bare areas,Rural: Very Low Dens,train,Csa,"Temperate, dry summer, hot summer",8,Temperate,Asia,"[30, 60)"
UNHCR-IRQs035064,36.323549,43.144482,UNHCR,Settlement,Urban areas,Urban: Centre,train,Csa,"Temperate, dry summer, hot summer",8,Temperate,Asia,"[30, 60)"
UNHCR-IRQs035095,35.528922,44.387331,UNHCR,Other,Bare areas,Urban: Centre,train,BSh,"Arid, steppe, hot",6,Arid,Asia,"[30, 60)"
UNHCR-IRQs035114,36.803052,42.774607,UNHCR,Agriculture,Herbaceous cover,Rural: Very Low Dens,train,Csa,"Temperate, dry summer, hot summer",8,Temperate,Asia,"[30, 60)"
UNHCR-IRQs035120,36.81192,43.000768,UNHCR,Agriculture,"Cropland, rainfed",Rural: Very Low Dens,test,Csa,"Temperate, dry summer, hot summer",8,Temperate,Asia,"[30, 60)"
UNHCR-IRQs035122,33.143058,43.839584,UNHCR,Other,Bare areas,Rural: Very Low Dens,val,BWh,"Arid, desert, hot",4,Arid,Asia,"[30, 60)"
UNHCR-IRQs035150,34.893922,44.637734,UNHCR,Settlement,Urban areas,Urban: Suburban,train,BSh,"Arid, steppe, hot",6,Arid,Asia,"[30, 60)"
UNHCR-IRQs035153,34.601542,43.648371,UNHCR,Settlement,Urban areas,Urban: Centre,train,BWh,"Arid, desert, hot",4,Arid,Asia,"[30, 60)"
UNHCR-IRQs035180,36.394913,41.856362,UNHCR,Agriculture,"Mosaic cropland (>50%) / natural vegetation (tree, shrub, herbaceous cover) (<50%)",Rural: Very Low Dens,train,Csa,"Temperate, dry summer, hot summer",8,Temperate,Asia,"[30, 60)"
UNHCR-IRQs035182,35.240428,44.388741,UNHCR,Other,Bare areas,Rural: Very Low Dens,train,BSh,"Arid, steppe, hot",6,Arid,Asia,"[30, 60)"
UNHCR-IRQs035187,35.14816,44.44427,UNHCR,Settlement,Urban areas,Urban: Dense,train,BSh,"Arid, steppe, hot",6,Arid,Asia,"[30, 60)"
UNHCR-IRQs035201,34.702106,43.619277,UNHCR,Other,Bare areas,Rural: Low Dens,train,BWh,"Arid, desert, hot",4,Arid,Asia,"[30, 60)"
UNHCR-IRQs035248,34.943475,43.489756,UNHCR,Settlement,Urban areas,Urban: Centre,train,BWh,"Arid, desert, hot",4,Arid,Asia,"[30, 60)"
UNHCR-IRQs035254,37.084687,42.450327,UNHCR,Agriculture,"Cropland, rainfed",Rural: Very Low Dens,test,Csa,"Temperate, dry summer, hot summer",8,Temperate,Asia,"[30, 60)"
UNHCR-IRQs035256,36.89469,43.136958,UNHCR,Other,Bare areas,Rural: Very Low Dens,train,Csa,"Temperate, dry summer, hot summer",8,Temperate,Asia,"[30, 60)"
UNHCR-IRQs035263,36.424939,43.096719,UNHCR,Settlement,Urban areas,Urban: Centre,val,Csa,"Temperate, dry summer, hot summer",8,Temperate,Asia,"[30, 60)"
UNHCR-IRQs035273,33.1475,44.015278,UNHCR,Other,Bare areas,Rural: Very Low Dens,train,BWh,"Arid, desert, hot",4,Arid,Asia,"[30, 60)"
UNHCR-IRQs035285,34.19307,43.891385,UNHCR,Settlement,Urban areas,Urban: Centre,train,BWh,"Arid, desert, hot",4,Arid,Asia,"[30, 60)"
UNHCR-IRQs035293,35.947042,42.554141,UNHCR,Other,Bare areas,Rural: Very Low Dens,train,BSh,"Arid, steppe, hot",6,Arid,Asia,"[30, 60)"
UNHCR-IRQs035301,36.034303,41.71005,UNHCR,Other,Bare areas,Rural: Very Low Dens,train,BSh,"Arid, steppe, hot",6,Arid,Asia,"[30, 60)"
UNHCR-IRQs035311,35.418669,44.356386,UNHCR,Settlement,Urban areas,Urban: Centre,val,BSh,"Arid, steppe, hot",6,Arid,Asia,"[30, 60)"
UNHCR-IRQs035351,36.559644,42.563015,UNHCR,Agriculture,"Cropland, rainfed",Rural: Low Dens,train,Csa,"Temperate, dry summer, hot summer",8,Temperate,Asia,"[30, 60)"
UNHCR-IRQs035355,36.4846,42.456637,UNHCR,Other,Sparse herbaceous cover (<15%),Rural: Very Low Dens,train,Csa,"Temperate, dry summer, hot summer",8,Temperate,Asia,"[30, 60)"
UNHCR-ISRs026076,31.767,35.205913,UNHCR,Settlement,Urban areas,Urban: Centre,train,Csa,"Temperate, dry summer, hot summer",8,Temperate,Asia,"[30, 60)"
UNHCR-ISRs026084,32.321,34.850959,UNHCR,Settlement,Urban areas,Urban: Centre,val,Csa,"Temperate, dry summer, hot summer",8,Temperate,Asia,"[30, 60)"
UNHCR-ITAs003024,35.505909,12.60732,UNHCR,Settlement,Urban areas,Rural: cluster,train,BSh,"Arid, steppe, hot",6,Arid,Africa,"[30, 60)"
UNHCR-ITAs003031,36.72641,14.8374,UNHCR,Settlement,Urban areas,Water,train,Csa,"Temperate, dry summer, hot summer",8,Temperate,Europe,"[30, 60)"
UNHCR-JORs004465,32.299722,36.320556,UNHCR,Other,Bare areas,Rural: Very Low Dens,train,BWk,"Arid, desert, cold",5,Arid,Asia,"[30, 60)"
UNHCR-KAZs003279,43.278,76.93,UNHCR,Settlement,Urban areas,Urban: Centre,train,Dfa,"Cold, no dry season, hot summer",25,Cold,Asia,"[30, 60)"
UNHCR-KENs001091,0.108611,40.3131,UNHCR,Settlement,Urban areas,Rural: Very Low Dens,train,BWh,"Arid, desert, hot",4,Arid,Africa,"[-10, 10)"
UNHCR-LBNs004287,34.018722,35.668961,UNHCR,Other,Shrubland,Rural: Low Dens,train,Csa,"Temperate, dry summer, hot summer",8,Temperate,Asia,"[30, 60)"
UNHCR-LBNs004306,33.700444,35.532206,UNHCR,Other,Shrubland,Rural: Low Dens,train,Csa,"Temperate, dry summer, hot summer",8,Temperate,Asia,"[30, 60)"
UNHCR-LBNs004365,34.255019,35.941905,UNHCR,Forest,"Tree cover, needleleaved, evergreen, closed to open (>15%)",Rural: Low Dens,train,Csa,"Temperate, dry summer, hot summer",8,Temperate,Asia,"[30, 60)"
UNHCR-LBNs004386,33.610561,35.9983,UNHCR,Agriculture,"Cropland, rainfed",Rural: Very Low Dens,train,Csb,"Temperate, dry summer, warm summer",9,Temperate,Asia,"[30, 60)"
UNHCR-LBNs004395,34.557858,36.357803,UNHCR,Agriculture,"Cropland, rainfed",Rural: Low Dens,unassigned,Csa,"Temperate, dry summer, hot summer",8,Temperate,Asia,"[30, 60)"
UNHCR-LBNs004412,34.596722,36.041109,UNHCR,Other,Shrubland,Rural: Low Dens,test,Csa,"Temperate, dry summer, hot summer",8,Temperate,Asia,"[30, 60)"
UNHCR-LBNs004418,34.691,36.334,UNHCR,Agriculture,"Mosaic natural vegetation (tree, shrub, herbaceous cover) (>50%) / cropland (<50%)",Rural: Very Low Dens,train,Csa,"Temperate, dry summer, hot summer",8,Temperate,Asia,"[30, 60)"
UNHCR-LBNs005195,34.036919,36.171422,UNHCR,Agriculture,"Cropland, rainfed",Urban: Suburban,train,Csa,"Temperate, dry summer, hot summer",8,Temperate,Asia,"[30, 60)"
UNHCR-LBNs005218,34.35809,36.52271,UNHCR,Agriculture,Herbaceous cover,Rural: Very Low Dens,val,Csa,"Temperate, dry summer, hot summer",8,Temperate,Asia,"[30, 60)"
UNHCR-LBNs005234,33.795761,36.005205,UNHCR,Agriculture,"Cropland, rainfed",Rural: Very Low Dens,train,Csa,"Temperate, dry summer, hot summer",8,Temperate,Asia,"[30, 60)"
UNHCR-LBNs005243,34.385775,36.416287,UNHCR,Other,Sparse herbaceous cover (<15%),Rural: Very Low Dens,train,Csa,"Temperate, dry summer, hot summer",8,Temperate,Asia,"[30, 60)"
UNHCR-LBNs005266,33.518732,35.802211,UNHCR,Agriculture,"Cropland, rainfed",Rural: Very Low Dens,train,Csa,"Temperate, dry summer, hot summer",8,Temperate,Asia,"[30, 60)"
UNHCR-LBNs005292,33.561264,35.669955,UNHCR,Agriculture,Herbaceous cover,Rural: Very Low Dens,train,Csa,"Temperate, dry summer, hot summer",8,Temperate,Asia,"[30, 60)"
UNHCR-LBNs005355,33.884181,35.874222,UNHCR,Settlement,Urban areas,Rural: Low Dens,train,Csb,"Temperate, dry summer, warm summer",9,Temperate,Asia,"[30, 60)"
UNHCR-LBNs005466,34.13527,36.117413,UNHCR,Agriculture,"Cropland, rainfed",Rural: cluster,test,Csa,"Temperate, dry summer, hot summer",8,Temperate,Asia,"[30, 60)"
UNHCR-LBNs005486,33.929,36.237,UNHCR,Agriculture,"Cropland, rainfed",Rural: Very Low Dens,train,Csa,"Temperate, dry summer, hot summer",8,Temperate,Asia,"[30, 60)"
UNHCR-LBNs005489,33.866037,35.487796,UNHCR,Settlement,Urban areas,Urban: Centre,train,Csa,"Temperate, dry summer, hot summer",8,Temperate,Asia,"[30, 60)"
UNHCR-LBNs005616,33.713922,35.648861,UNHCR,Other,Shrubland,Rural: Low Dens,train,Csa,"Temperate, dry summer, hot summer",8,Temperate,Asia,"[30, 60)"
UNHCR-LBNs005681,33.725168,35.851421,UNHCR,Agriculture,"Cropland, rainfed",Rural: Low Dens,train,Csa,"Temperate, dry summer, hot summer",8,Temperate,Asia,"[30, 60)"
UNHCR-LBNs005767,34.183861,35.667853,UNHCR,Other,Shrubland,Rural: Very Low Dens,train,Csa,"Temperate, dry summer, hot summer",8,Temperate,Asia,"[30, 60)"
UNHCR-LBNs005778,34.092825,35.735522,UNHCR,Other,Shrubland,Rural: Low Dens,val,Csa,"Temperate, dry summer, hot summer",8,Temperate,Asia,"[30, 60)"
UNHCR-LBNs005815,34.460189,36.498771,UNHCR,Agriculture,"Cropland, rainfed",Rural: Very Low Dens,val,Csa,"Temperate, dry summer, hot summer",8,Temperate,Asia,"[30, 60)"
UNHCR-LBNs005845,34.199658,36.243997,UNHCR,Grassland,Mosaic herbaceous cover (>50%) / tree and shrub (<50%),Rural: Very Low Dens,test,Csa,"Temperate, dry summer, hot summer",8,Temperate,Asia,"[30, 60)"
UNHCR-LBNs005962,33.86335,35.759111,UNHCR,Other,Shrubland,Rural: Low Dens,train,Csb,"Temperate, dry summer, warm summer",9,Temperate,Asia,"[30, 60)"
UNHCR-LBNs005985,33.620014,35.821708,UNHCR,Settlement,Urban areas,Rural: Low Dens,train,Csa,"Temperate, dry summer, hot summer",8,Temperate,Asia,"[30, 60)"
UNHCR-LBNs005997,33.615872,35.447344,UNHCR,Other,Shrubland,Urban: Suburban,train,Csa,"Temperate, dry summer, hot summer",8,Temperate,Asia,"[30, 60)"
UNHCR-LBNs006005,34.465786,36.010739,UNHCR,Other,Shrubland,Rural: Very Low Dens,train,Csa,"Temperate, dry summer, hot summer",8,Temperate,Asia,"[30, 60)"
UNHCR-LBNs006049,34.621419,36.444025,UNHCR,Agriculture,"Mosaic natural vegetation (tree, shrub, herbaceous cover) (>50%) / cropland (<50%)",Rural: Very Low Dens,train,Csa,"Temperate, dry summer, hot summer",8,Temperate,Asia,"[30, 60)"
UNHCR-LBNs006171,34.279219,35.662267,UNHCR,Settlement,Urban areas,Urban: Suburban,val,Ocean/none,outside the land mask,0,Water / unclassified,Asia,"[30, 60)"
UNHCR-LBNs006251,33.911251,35.590724,UNHCR,Settlement,Urban areas,Urban: Centre,test,Csa,"Temperate, dry summer, hot summer",8,Temperate,Asia,"[30, 60)"
UNHCR-LBNs006297,34.439561,35.846811,UNHCR,Settlement,Urban areas,Urban: Centre,train,Csa,"Temperate, dry summer, hot summer",8,Temperate,Asia,"[30, 60)"
UNHCR-LBNs006309,34.210747,36.372272,UNHCR,Agriculture,"Cropland, rainfed",Rural: Very Low Dens,train,Csa,"Temperate, dry summer, hot summer",8,Temperate,Asia,"[30, 60)"
UNHCR-LBNs006349,33.277083,35.620564,UNHCR,Settlement,Urban areas,Rural: Very Low Dens,train,Csa,"Temperate, dry summer, hot summer",8,Temperate,Asia,"[30, 60)"
UNHCR-LBNs006370,33.990511,35.786572,UNHCR,Other,Shrubland,Rural: Low Dens,train,Csb,"Temperate, dry summer, warm summer",9,Temperate,Asia,"[30, 60)"
UNHCR-LBNs006384,34.093447,35.849808,UNHCR,Agriculture,"Mosaic cropland (>50%) / natural vegetation (tree, shrub, herbaceous cover) (<50%)",Rural: Very Low Dens,train,Csb,"Temperate, dry summer, warm summer",9,Temperate,Asia,"[30, 60)"
UNHCR-LBNs006439,34.238986,35.767911,UNHCR,Other,Shrubland,Rural: Low Dens,test,Csa,"Temperate, dry summer, hot summer",8,Temperate,Asia,"[30, 60)"
UNHCR-LBNs006446,33.110436,35.309314,UNHCR,Agriculture,"Mosaic natural vegetation (tree, shrub, herbaceous cover) (>50%) / cropland (<50%)",Rural: Low Dens,train,Csa,"Temperate, dry summer, hot summer",8,Temperate,Asia,"[30, 60)"
UNHCR-LBNs006452,34.261473,36.51198,UNHCR,Other,"Sparse vegetation (tree, shrub, herbaceous cover) (<15%)",Rural: Very Low Dens,train,Csa,"Temperate, dry summer, hot summer",8,Temperate,Asia,"[30, 60)"
UNHCR-LBNs006453,34.319054,36.229374,UNHCR,Agriculture,"Cropland, rainfed",Rural: Very Low Dens,train,Dsb,"Cold, dry summer, warm summer",18,Cold,Asia,"[30, 60)"
UNHCR-LBNs006481,33.801661,35.675072,UNHCR,Settlement,Urban areas,Urban: Suburban,train,Csa,"Temperate, dry summer, hot summer",8,Temperate,Asia,"[30, 60)"
UNHCR-LBNs006516,33.879869,36.077722,UNHCR,Agriculture,"Cropland, rainfed",Rural: Very Low Dens,train,Csa,"Temperate, dry summer, hot summer",8,Temperate,Asia,"[30, 60)"
UNHCR-LBNs006547,33.32005,35.363206,UNHCR,Other,"Sparse vegetation (tree, shrub, herbaceous cover) (<15%)",Rural: Low Dens,train,Csa,"Temperate, dry summer, hot summer",8,Temperate,Asia,"[30, 60)"
UNHCR-LBNs006592,33.98345,36.022039,UNHCR,Settlement,Urban areas,Rural: Low Dens,train,Csa,"Temperate, dry summer, hot summer",8,Temperate,Asia,"[30, 60)"
UNHCR-LBNs006613,33.249129,35.43823,UNHCR,Agriculture,"Mosaic cropland (>50%) / natural vegetation (tree, shrub, herbaceous cover) (<50%)",Urban: Suburban,train,Csa,"Temperate, dry summer, hot summer",8,Temperate,Asia,"[30, 60)"
UNHCR-LBNs006641,33.595807,35.557665,UNHCR,Agriculture,"Mosaic natural vegetation (tree, shrub, herbaceous cover) (>50%) / cropland (<50%)",Rural: Very Low Dens,train,Csa,"Temperate, dry summer, hot summer",8,Temperate,Asia,"[30, 60)"
UNHCR-LBNs006645,33.525461,35.401142,UNHCR,Agriculture,"Cropland, rainfed",Urban: Suburban,train,Csa,"Temperate, dry summer, hot summer",8,Temperate,Asia,"[30, 60)"
UNHCR-LBNs029606,34.448867,36.135472,UNHCR,Forest,"Tree cover, needleleaved, evergreen, closed to open (>15%)",Rural: Very Low Dens,train,Csa,"Temperate, dry summer, hot summer",8,Temperate,Asia,"[30, 60)"
UNHCR-LBNs029718,34.346103,35.826847,UNHCR,Other,Shrubland,Rural: cluster,train,Csa,"Temperate, dry summer, hot summer",8,Temperate,Asia,"[30, 60)"
UNHCR-LBNs029954,33.427842,35.579325,UNHCR,Forest,Mosaic tree and shrub (>50%) / herbaceous cover (<50%),Rural: Very Low Dens,train,Csa,"Temperate, dry summer, hot summer",8,Temperate,Asia,"[30, 60)"
UNHCR-LBNs035102,34.587564,36.236436,UNHCR,Agriculture,"Mosaic natural vegetation (tree, shrub, herbaceous cover) (>50%) / cropland (<50%)",Rural: Low Dens,train,Csa,"Temperate, dry summer, hot summer",8,Temperate,Asia,"[30, 60)"
UNHCR-LBNs035116,34.5392,36.1355,UNHCR,Agriculture,"Cropland, rainfed",Rural: Very Low Dens,train,Csa,"Temperate, dry summer, hot summer",8,Temperate,Asia,"[30, 60)"
UNHCR-LBNs035134,34.37953,35.959931,UNHCR,Other,Shrubland,Urban: Suburban,train,Csa,"Temperate, dry summer, hot summer",8,Temperate,Asia,"[30, 60)"
UNHCR-LBNs035150,33.445011,35.322778,UNHCR,Other,Bare areas,Rural: Low Dens,train,Csa,"Temperate, dry summer, hot summer",8,Temperate,Asia,"[30, 60)"
UNHCR-LBRs005076,7.031642,-8.731899,UNHCR,Agriculture,"Mosaic cropland (>50%) / natural vegetation (tree, shrub, herbaceous cover) (<50%)",Urban: Dense,train,Am,"Tropical, monsoon",2,Tropical,Africa,"[-10, 10)"
UNHCR-LBRs008778,5.277728,-7.971201,UNHCR,Forest,"Tree cover, broadleaved, evergreen, closed to open (>15%)",Rural: Very Low Dens,train,Af,"Tropical, rainforest",1,Tropical,Africa,"[-10, 10)"
UNHCR-LSOs015388,-29.333093,27.477067,UNHCR,Agriculture,Herbaceous cover,Urban: Suburban,train,Cwb,"Temperate, dry winter, warm summer",12,Temperate,Africa,"[-30, -10)"
UNHCR-LTUs001108,55.051,24.398,UNHCR,Forest,Mosaic tree and shrub (>50%) / herbaceous cover (<50%),Rural: Very Low Dens,test,Dfb,"Cold, no dry season, warm summer",26,Cold,Europe,"[30, 60)"
UNHCR-LVAs001097,56.787,23.94,UNHCR,Settlement,Urban areas,Rural: Very Low Dens,train,Dfb,"Cold, no dry season, warm summer",26,Cold,Europe,"[30, 60)"
UNHCR-MARs008596,35.767778,-5.81,UNHCR,Settlement,Urban areas,Urban: Centre,train,Csa,"Temperate, dry summer, hot summer",8,Temperate,Africa,"[30, 60)"
UNHCR-MARs008597,35.57,-5.37,UNHCR,Settlement,Urban areas,Urban: Centre,train,Csa,"Temperate, dry summer, hot summer",8,Temperate,Africa,"[30, 60)"
UNHCR-MARs008599,33.57311,-7.59,UNHCR,Settlement,Urban areas,Urban: Centre,train,Csa,"Temperate, dry summer, hot summer",8,Temperate,Africa,"[30, 60)"
UNHCR-MARs008600,34.035649,-5.005,UNHCR,Settlement,Urban areas,Urban: Centre,train,Csa,"Temperate, dry summer, hot summer",8,Temperate,Africa,"[30, 60)"
UNHCR-MKDs003294,42.135,21.71,UNHCR,Settlement,Urban areas,Urban: Centre,train,BSk,"Arid, steppe, cold",7,Arid,Europe,"[30, 60)"
UNHCR-MKDs008569,41.133038,22.515245,UNHCR,Agriculture,"Cropland, irrigated or post‐flooding",Rural: Very Low Dens,train,BSk,"Arid, steppe, cold",7,Arid,Europe,"[30, 60)"
UNHCR-MLIs002667,11.31531,-5.672709,UNHCR,Settlement,Urban areas,Urban: Centre,val,Aw,"Tropical, savannah",3,Tropical,Africa,"[10, 30)"
UNHCR-MLIs003306,13.441865,-6.26279,UNHCR,Settlement,Urban areas,Urban: Centre,train,BSh,"Arid, steppe, hot",6,Arid,Africa,"[10, 30)"
UNHCR-MLIs003311,15.92734,-3.993564,UNHCR,Other,"Sparse vegetation (tree, shrub, herbaceous cover) (<15%)",Rural: Low Dens,train,BWh,"Arid, desert, hot",4,Arid,Africa,"[10, 30)"
UNHCR-MLIs003314,16.256706,-3.400139,UNHCR,Other,Bare areas,Rural: Very Low Dens,train,BWh,"Arid, desert, hot",4,Arid,Africa,"[10, 30)"
UNHCR-MLIs003325,15.661605,0.500142,UNHCR,Other,Bare areas,Rural: Very Low Dens,train,BWh,"Arid, desert, hot",4,Arid,Africa,"[10, 30)"
UNHCR-MLIs003330,14.24425,-5.993266,UNHCR,Agriculture,"Cropland, rainfed",Urban: Centre,test,BSh,"Arid, steppe, hot",6,Arid,Africa,"[10, 30)"
UNHCR-MLIs003332,12.944264,-5.760666,UNHCR,Agriculture,"Cropland, rainfed",Rural: Low Dens,unassigned,BSh,"Arid, steppe, hot",6,Arid,Africa,"[10, 30)"
UNHCR-MLIs003334,14.447831,-4.92191,UNHCR,Agriculture,"Cropland, irrigated or post‐flooding",Rural: Very Low Dens,test,BSh,"Arid, steppe, hot",6,Arid,Africa,"[10, 30)"
UNHCR-MLIs003336,14.059171,-3.077304,UNHCR,Grassland,Grassland,Rural: Very Low Dens,train,BSh,"Arid, steppe, hot",6,Arid,Africa,"[10, 30)"
UNHCR-MLIs003340,14.538626,-9.188843,UNHCR,Agriculture,"Cropland, rainfed",Rural: Very Low Dens,train,BSh,"Arid, steppe, hot",6,Arid,Africa,"[10, 30)"
UNHCR-MLIs003341,13.905766,-4.55728,UNHCR,Settlement,Urban areas,Rural: Low Dens,train,BSh,"Arid, steppe, hot",6,Arid,Africa,"[10, 30)"
UNHCR-MLIs003342,14.072973,-3.514986,UNHCR,Grassland,Grassland,Rural: Very Low Dens,train,BSh,"Arid, steppe, hot",6,Arid,Africa,"[10, 30)"
UNHCR-MLIs003343,14.339003,-3.60801,UNHCR,Grassland,Grassland,Rural: Very Low Dens,val,BSh,"Arid, steppe, hot",6,Arid,Africa,"[10, 30)"
UNHCR-MLIs003346,15.914983,2.401662,UNHCR,Other,Bare areas,Rural: Very Low Dens,test,BWh,"Arid, desert, hot",4,Arid,Africa,"[10, 30)"
UNHCR-MLIs003354,12.654,-7.988,UNHCR,Settlement,Urban areas,Urban: Centre,train,Aw,"Tropical, savannah",3,Tropical,Africa,"[10, 30)"
UNHCR-MMRs004544,24.6615,97.5731,UNHCR,Forest,Mosaic tree and shrub (>50%) / herbaceous cover (<50%),Rural: Very Low Dens,test,Cwa,"Temperate, dry winter, hot summer",11,Temperate,Asia,"[10, 30)"
UNHCR-MMRs032259,24.26072,97.23883,UNHCR,Agriculture,"Cropland, rainfed",Urban: Centre,test,Aw,"Tropical, savannah",3,Tropical,Asia,"[10, 30)"
UNHCR-MMRs032270,25.371049,97.290952,UNHCR,Agriculture,"Cropland, rainfed",Rural: cluster,test,Cwa,"Temperate, dry winter, hot summer",11,Temperate,Asia,"[10, 30)"
UNHCR-MMRs032293,25.362421,97.409035,UNHCR,Settlement,Urban areas,Urban: Centre,train,Aw,"Tropical, savannah",3,Tropical,Asia,"[10, 30)"
UNHCR-MMRs032304,25.75411,98.47572,UNHCR,Forest,Mosaic tree and shrub (>50%) / herbaceous cover (<50%),Rural: Very Low Dens,test,Cwb,"Temperate, dry winter, warm summer",12,Temperate,Asia,"[10, 30)"
UNHCR-MMRs032322,23.24661,97.11668,UNHCR,Agriculture,"Cropland, rainfed",Rural: Very Low Dens,test,Cwa,"Temperate, dry winter, hot summer",11,Temperate,Asia,"[10, 30)"
UNHCR-MMRs032324,24.200972,97.718583,UNHCR,Settlement,Urban areas,Urban: Dense,train,Cwa,"Temperate, dry winter, hot summer",11,Temperate,Asia,"[10, 30)"
UNHCR-MMRs032329,25.29658,96.94228,UNHCR,Agriculture,"Cropland, rainfed",Rural: Very Low Dens,val,Cwa,"Temperate, dry winter, hot summer",11,Temperate,Asia,"[10, 30)"
UNHCR-MMRs032345,23.827871,97.588292,UNHCR,Agriculture,"Cropland, rainfed",Rural: Low Dens,train,Cwa,"Temperate, dry winter, hot summer",11,Temperate,Asia,"[10, 30)"
UNHCR-MMRs032350,25.200333,97.807183,UNHCR,Forest,Mosaic tree and shrub (>50%) / herbaceous cover (<50%),Rural: Very Low Dens,unassigned,Cwa,"Temperate, dry winter, hot summer",11,Temperate,Asia,"[10, 30)"
UNHCR-MMRs032353,23.612,97.506,UNHCR,Agriculture,"Mosaic natural vegetation (tree, shrub, herbaceous cover) (>50%) / cropland (<50%)",Rural: Very Low Dens,train,Cwa,"Temperate, dry winter, hot summer",11,Temperate,Asia,"[10, 30)"
UNHCR-MMRs032374,25.225,96.794,UNHCR,Agriculture,"Cropland, rainfed",Rural: Very Low Dens,train,Cwa,"Temperate, dry winter, hot summer",11,Temperate,Asia,"[10, 30)"
UNHCR-MMRs032379,25.920006,96.662092,UNHCR,Agriculture,"Cropland, irrigated or post‐flooding",Rural: Low Dens,val,Cwa,"Temperate, dry winter, hot summer",11,Temperate,Asia,"[10, 30)"
UNHCR-MMRs032380,25.6145,96.31983,UNHCR,Agriculture,"Cropland, rainfed",Urban: Centre,train,Cwa,"Temperate, dry winter, hot summer",11,Temperate,Asia,"[10, 30)"
UNHCR-MMRs032392,23.447111,97.868877,UNHCR,Agriculture,"Cropland, rainfed",Rural: Very Low Dens,train,Cwa,"Temperate, dry winter, hot summer",11,Temperate,Asia,"[10, 30)"
UNHCR-MMRs032402,24.200367,96.807353,UNHCR,Agriculture,"Cropland, rainfed",Rural: Very Low Dens,train,Aw,"Tropical, savannah",3,Tropical,Asia,"[10, 30)"
UNHCR-MMRs032427,25.88734,98.12999,UNHCR,Forest,Mosaic tree and shrub (>50%) / herbaceous cover (<50%),Rural: Very Low Dens,train,Cwa,"Temperate, dry winter, hot summer",11,Temperate,Asia,"[10, 30)"
UNHCR-MMRs035142,20.064226,92.993759,UNHCR,Agriculture,Herbaceous cover,Rural: Very Low Dens,train,Am,"Tropical, monsoon",2,Tropical,Asia,"[10, 30)"
UNHCR-MMRs035148,24.08738,98.11581,UNHCR,Forest,Mosaic tree and shrub (>50%) / herbaceous cover (<50%),Rural: Very Low Dens,train,Cwa,"Temperate, dry winter, hot summer",11,Temperate,Asia,"[10, 30)"
UNHCR-MMRs035154,25.370331,97.01063,UNHCR,Agriculture,"Cropland, rainfed",Rural: cluster,train,Cwa,"Temperate, dry winter, hot summer",11,Temperate,Asia,"[10, 30)"
UNHCR-MMRs035156,23.420603,98.451792,UNHCR,Forest,Mosaic tree and shrub (>50%) / herbaceous cover (<50%),Rural: Very Low Dens,test,Cwa,"Temperate, dry winter, hot summer",11,Temperate,Asia,"[10, 30)"
UNHCR-MMRs035162,25.391428,97.898185,UNHCR,Agriculture,"Cropland, rainfed",Rural: Very Low Dens,train,Cwa,"Temperate, dry winter, hot summer",11,Temperate,Asia,"[10, 30)"
UNHCR-MMRs035165,26.350176,96.711388,UNHCR,Agriculture,"Cropland, rainfed",Rural: Very Low Dens,test,Cwa,"Temperate, dry winter, hot summer",11,Temperate,Asia,"[10, 30)"
UNHCR-MMRs035169,25.54678,96.79354,UNHCR,Agriculture,"Mosaic cropland (>50%) / natural vegetation (tree, shrub, herbaceous cover) (<50%)",Rural: Low Dens,train,Cwa,"Temperate, dry winter, hot summer",11,Temperate,Asia,"[10, 30)"
UNHCR-MMRs035173,20.404491,93.321144,UNHCR,Water,Water bodies,Rural: Very Low Dens,train,Am,"Tropical, monsoon",2,Tropical,Asia,"[10, 30)"
UNHCR-MMRs035186,20.041981,93.373951,UNHCR,Agriculture,"Cropland, irrigated or post‐flooding",Rural: Very Low Dens,val,Am,"Tropical, monsoon",2,Tropical,Asia,"[10, 30)"
UNHCR-MMRs035191,20.340309,92.801849,UNHCR,Agriculture,"Cropland, rainfed",Rural: Very Low Dens,train,Am,"Tropical, monsoon",2,Tropical,Asia,"[10, 30)"
UNHCR-MMRs035203,20.721425,93.113038,UNHCR,Agriculture,Herbaceous cover,Rural: cluster,train,Am,"Tropical, monsoon",2,Tropical,Asia,"[10, 30)"
UNHCR-MMRs035212,20.720213,92.961841,UNHCR,Agriculture,"Cropland, irrigated or post‐flooding",Rural: Very Low Dens,test,Am,"Tropical, monsoon",2,Tropical,Asia,"[10, 30)"
UNHCR-MMRs035255,21.14789,92.946487,UNHCR,Agriculture,"Cropland, irrigated or post‐flooding",Rural: Very Low Dens,train,Am,"Tropical, monsoon",2,Tropical,Asia,"[10, 30)"
UNHCR-MMRs035277,20.709393,92.815086,UNHCR,Forest,"Tree cover, broadleaved, deciduous, closed to open (>15%)",Rural: Very Low Dens,train,Am,"Tropical, monsoon",2,Tropical,Asia,"[10, 30)"
UNHCR-MMRs035282,19.774433,93.723122,UNHCR,Agriculture,"Cropland, rainfed",Rural: Very Low Dens,train,Am,"Tropical, monsoon",2,Tropical,Asia,"[10, 30)"
UNHCR-MMRs035284,21.292054,93.096034,UNHCR,Forest,Mosaic tree and shrub (>50%) / herbaceous cover (<50%),Rural: Very Low Dens,val,Am,"Tropical, monsoon",2,Tropical,Asia,"[10, 30)"
UNHCR-MMRs035290,21.299412,92.85382,UNHCR,Agriculture,"Cropland, irrigated or post‐flooding",Rural: Very Low Dens,test,Am,"Tropical, monsoon",2,Tropical,Asia,"[10, 30)"
UNHCR-MMRs035293,20.12554,92.89154,UNHCR,Forest,"Tree cover, flooded, saline water",Rural: Low Dens,train,Am,"Tropical, monsoon",2,Tropical,Asia,"[10, 30)"
UNHCR-MMRs035319,19.79875,94.039009,UNHCR,Agriculture,"Cropland, rainfed",Urban: Dense,train,Am,"Tropical, monsoon",2,Tropical,Asia,"[10, 30)"
UNHCR-MMRs035345,20.672281,92.701523,UNHCR,Agriculture,"Cropland, rainfed",Rural: Very Low Dens,train,Am,"Tropical, monsoon",2,Tropical,Asia,"[10, 30)"
UNHCR-MMRs035361,20.929649,93.000815,UNHCR,Water,Water bodies,Rural: Very Low Dens,train,Am,"Tropical, monsoon",2,Tropical,Asia,"[10, 30)"
UNHCR-MMRs035387,21.72513,92.777641,UNHCR,Agriculture,"Cropland, irrigated or post‐flooding",Rural: Very Low Dens,train,Am,"Tropical, monsoon",2,Tropical,Asia,"[10, 30)"
UNHCR-MMRs035404,20.364901,92.92099,UNHCR,Agriculture,"Cropland, rainfed",Rural: Very Low Dens,train,Am,"Tropical, monsoon",2,Tropical,Asia,"[10, 30)"
UNHCR-MMRs035408,25.418084,98.025663,UNHCR,Forest,"Tree cover, broadleaved, evergreen, closed to open (>15%)",Rural: Very Low Dens,train,Cwa,"Temperate, dry winter, hot summer",11,Temperate,Asia,"[10, 30)"
UNHCR-MMRs035425,20.084181,93.484222,UNHCR,Agriculture,"Mosaic natural vegetation (tree, shrub, herbaceous cover) (>50%) / cropland (<50%)",Rural: Very Low Dens,unassigned,Am,"Tropical, monsoon",2,Tropical,Asia,"[10, 30)"
UNHCR-MMRs035438,20.424391,93.012962,UNHCR,Agriculture,"Cropland, irrigated or post‐flooding",Water,train,Am,"Tropical, monsoon",2,Tropical,Asia,"[10, 30)"
UNHCR-MMRs035442,19.4239,93.5544,UNHCR,Agriculture,"Cropland, irrigated or post‐flooding",Water,test,Am,"Tropical, monsoon",2,Tropical,Asia,"[10, 30)"
UNHCR-MMRs035446,20.59002,93.18819,UNHCR,Agriculture,"Cropland, irrigated or post‐flooding",Urban: Centre,train,Am,"Tropical, monsoon",2,Tropical,Asia,"[10, 30)"
UNHCR-MMRs035448,20.482154,92.756057,UNHCR,Agriculture,Herbaceous cover,Rural: Very Low Dens,test,Am,"Tropical, monsoon",2,Tropical,Asia,"[10, 30)"
UNHCR-MNEs031416,42.441096,19.255675,UNHCR,Settlement,Urban areas,Urban: Centre,val,Cfa,"Temperate, no dry season, hot summer",14,Temperate,Europe,"[30, 60)"
UNHCR-MNEs031417,42.082175,19.1099,UNHCR,Agriculture,"Cropland, rainfed",Urban: Suburban,unassigned,Csa,"Temperate, dry summer, hot summer",8,Temperate,Europe,"[30, 60)"
UNHCR-MOZs003310,-18.93444,32.87556,UNHCR,Settlement,Urban areas,Urban: Dense,train,Cwa,"Temperate, dry winter, hot summer",11,Temperate,Africa,"[-30, -10)"
UNHCR-MOZs003313,-20.155,34.73167,UNHCR,Water,Water bodies,Water,test,Aw,"Tropical, savannah",3,Tropical,Africa,"[-30, -10)"
UNHCR-MOZs003315,-12.86778,39.68694,UNHCR,Forest,"Tree cover, broadleaved, deciduous, open (15‐40%)",Rural: Very Low Dens,test,Aw,"Tropical, savannah",3,Tropical,Africa,"[-30, -10)"
UNHCR-MRTs003289,18.086,-15.98,UNHCR,Settlement,Urban areas,Urban: Centre,train,BWh,"Arid, desert, hot",4,Arid,Africa,"[10, 30)"
UNHCR-MWIs003305,-13.98333,33.78333,UNHCR,Settlement,Urban areas,Urban: Centre,train,Cwa,"Temperate, dry winter, hot summer",11,Temperate,Africa,"[-30, -10)"
UNHCR-NAMs015386,-22.560881,17.066,UNHCR,Settlement,Urban areas,Urban: Centre,train,BWh,"Arid, desert, hot",4,Arid,Africa,"[-30, -10)"
UNHCR-NERs009369,13.622846,12.505562,UNHCR,Grassland,Grassland,Rural: Very Low Dens,val,BWh,"Arid, desert, hot",4,Arid,Africa,"[10, 30)"
UNHCR-NERs009378,13.657772,13.019885,UNHCR,Grassland,Grassland,Rural: Very Low Dens,train,BWh,"Arid, desert, hot",4,Arid,Africa,"[10, 30)"
UNHCR-NERs009423,13.196,12.1217,UNHCR,Grassland,Grassland,Rural: Very Low Dens,train,BWh,"Arid, desert, hot",4,Arid,Africa,"[10, 30)"
UNHCR-NERs009427,14.378,13.256,UNHCR,Other,Bare areas,Rural: Very Low Dens,train,BWh,"Arid, desert, hot",4,Arid,Africa,"[10, 30)"
UNHCR-NERs009448,13.6556,12.912,UNHCR,Grassland,Grassland,Rural: Very Low Dens,train,BWh,"Arid, desert, hot",4,Arid,Africa,"[10, 30)"
UNHCR-NERs009467,14.417,13.464,UNHCR,Other,Bare areas,Rural: Very Low Dens,train,BWh,"Arid, desert, hot",4,Arid,Africa,"[10, 30)"
UNHCR-NERs009502,13.300312,12.591518,UNHCR,Grassland,Grassland,Rural: cluster,train,BWh,"Arid, desert, hot",4,Arid,Africa,"[10, 30)"
UNHCR-NERs009505,13.221126,12.432831,UNHCR,Agriculture,"Mosaic cropland (>50%) / natural vegetation (tree, shrub, herbaceous cover) (<50%)",Rural: Very Low Dens,train,BWh,"Arid, desert, hot",4,Arid,Africa,"[10, 30)"
UNHCR-NERs009511,13.419287,12.60379,UNHCR,Grassland,Grassland,Rural: Very Low Dens,train,BWh,"Arid, desert, hot",4,Arid,Africa,"[10, 30)"
UNHCR-NERs009514,14.055223,12.998393,UNHCR,Grassland,Grassland,Rural: Very Low Dens,test,BWh,"Arid, desert, hot",4,Arid,Africa,"[10, 30)"
UNHCR-NERs009532,13.43154,12.806213,UNHCR,Agriculture,"Cropland, rainfed",Rural: Very Low Dens,test,BWh,"Arid, desert, hot",4,Arid,Africa,"[10, 30)"
UNHCR-NERs009542,13.190301,11.990583,UNHCR,Other,"Sparse vegetation (tree, shrub, herbaceous cover) (<15%)",Rural: Very Low Dens,train,BWh,"Arid, desert, hot",4,Arid,Africa,"[10, 30)"
UNHCR-NERs009548,13.69497,13.17664,UNHCR,Grassland,Grassland,Rural: Very Low Dens,train,BWh,"Arid, desert, hot",4,Arid,Africa,"[10, 30)"
UNHCR-NERs009558,14.247586,13.125907,UNHCR,Other,Bare areas,Rural: Very Low Dens,val,BWh,"Arid, desert, hot",4,Arid,Africa,"[10, 30)"
UNHCR-NERs009559,15.661033,4.22455,UNHCR,Grassland,Grassland,Rural: Very Low Dens,train,BWh,"Arid, desert, hot",4,Arid,Africa,"[10, 30)"
UNHCR-NERs009571,15.363767,3.611117,UNHCR,Other,Bare areas,Rural: Very Low Dens,val,BWh,"Arid, desert, hot",4,Arid,Africa,"[10, 30)"
UNHCR-NERs009572,15.130783,1.275833,UNHCR,Grassland,Grassland,Rural: Very Low Dens,train,BWh,"Arid, desert, hot",4,Arid,Africa,"[10, 30)"
UNHCR-NERs009585,13.554366,12.867852,UNHCR,Grassland,Grassland,Rural: Very Low Dens,train,BWh,"Arid, desert, hot",4,Arid,Africa,"[10, 30)"
UNHCR-NERs009590,13.929445,12.876679,UNHCR,Grassland,Grassland,Rural: Very Low Dens,train,BWh,"Arid, desert, hot",4,Arid,Africa,"[10, 30)"
UNHCR-NERs009615,15.077778,3.485278,UNHCR,Grassland,Grassland,Rural: Very Low Dens,train,BWh,"Arid, desert, hot",4,Arid,Africa,"[10, 30)"
UNHCR-NERs009627,15.537317,4.296533,UNHCR,Grassland,Grassland,Rural: Very Low Dens,unassigned,BWh,"Arid, desert, hot",4,Arid,Africa,"[10, 30)"
UNHCR-NERs009629,13.363446,12.733744,UNHCR,Agriculture,"Cropland, irrigated or post‐flooding",Rural: Very Low Dens,train,BWh,"Arid, desert, hot",4,Arid,Africa,"[10, 30)"
UNHCR-NERs009630,15.563633,4.43055,UNHCR,Grassland,Grassland,Rural: Very Low Dens,train,BWh,"Arid, desert, hot",4,Arid,Africa,"[10, 30)"
UNHCR-NERs009637,16.477183,5.492233,UNHCR,Grassland,Grassland,Rural: Very Low Dens,train,BWh,"Arid, desert, hot",4,Arid,Africa,"[10, 30)"
UNHCR-NERs009638,16.898883,5.263767,UNHCR,Other,Sparse herbaceous cover (<15%),Rural: Very Low Dens,train,BWh,"Arid, desert, hot",4,Arid,Africa,"[10, 30)"
UNHCR-NERs009645,14.277183,1.399067,UNHCR,Agriculture,"Cropland, irrigated or post‐flooding",Rural: Very Low Dens,train,BWh,"Arid, desert, hot",4,Arid,Africa,"[10, 30)"
UNHCR-NERs009649,15.117117,1.995467,UNHCR,Other,Bare areas,Rural: Very Low Dens,train,BWh,"Arid, desert, hot",4,Arid,Africa,"[10, 30)"
UNHCR-NERs009661,13.291967,6.745933,UNHCR,Agriculture,"Mosaic cropland (>50%) / natural vegetation (tree, shrub, herbaceous cover) (<50%)",Rural: Very Low Dens,val,BSh,"Arid, steppe, hot",6,Arid,Africa,"[10, 30)"
UNHCR-NERs009664,13.588867,6.649033,UNHCR,Agriculture,"Mosaic cropland (>50%) / natural vegetation (tree, shrub, herbaceous cover) (<50%)",Rural: Very Low Dens,train,BSh,"Arid, steppe, hot",6,Arid,Africa,"[10, 30)"
UNHCR-NERs009690,13.598033,6.508083,UNHCR,Agriculture,"Cropland, rainfed",Rural: Low Dens,train,BSh,"Arid, steppe, hot",6,Arid,Africa,"[10, 30)"
UNHCR-NERs009692,13.500117,6.9047,UNHCR,Agriculture,"Cropland, rainfed",Rural: Very Low Dens,test,BSh,"Arid, steppe, hot",6,Arid,Africa,"[10, 30)"
UNHCR-NERs009693,13.4108,6.640817,UNHCR,Agriculture,"Mosaic cropland (>50%) / natural vegetation (tree, shrub, herbaceous cover) (<50%)",Rural: Very Low Dens,train,BSh,"Arid, steppe, hot",6,Arid,Africa,"[10, 30)"
UNHCR-NERs009694,13.399967,6.752117,UNHCR,Agriculture,"Mosaic natural vegetation (tree, shrub, herbaceous cover) (>50%) / cropland (<50%)",Rural: Very Low Dens,train,BSh,"Arid, steppe, hot",6,Arid,Africa,"[10, 30)"
UNHCR-NERs009697,13.49,7.125,UNHCR,Settlement,Urban areas,Urban: Centre,train,BSh,"Arid, steppe, hot",6,Arid,Africa,"[10, 30)"
UNHCR-NERs009700,16.87785,7.913403,UNHCR,Other,Bare areas,Rural: Very Low Dens,val,BWh,"Arid, desert, hot",4,Arid,Africa,"[10, 30)"
UNHCR-NERs009701,13.586711,2.477642,UNHCR,Other,"Sparse vegetation (tree, shrub, herbaceous cover) (<15%)",Rural: Very Low Dens,train,BSh,"Arid, steppe, hot",6,Arid,Africa,"[10, 30)"
UNHCR-NGAs026509,9.38325,12.048268,UNHCR,Agriculture,"Cropland, rainfed",Rural: Very Low Dens,train,Aw,"Tropical, savannah",3,Tropical,Africa,"[-10, 10)"
UNHCR-NGAs026662,8.837495,7.832685,UNHCR,Agriculture,"Cropland, rainfed",Rural: Very Low Dens,train,Aw,"Tropical, savannah",3,Tropical,Africa,"[-10, 10)"
UNHCR-NGAs026694,7.209965,10.623713,UNHCR,Forest,"Tree cover, broadleaved, deciduous, open (15‐40%)",Rural: Very Low Dens,train,Aw,"Tropical, savannah",3,Tropical,Africa,"[-10, 10)"
UNHCR-NGAs026751,9.36791,12.55256,UNHCR,Agriculture,Herbaceous cover,Rural: Very Low Dens,train,Aw,"Tropical, savannah",3,Tropical,Africa,"[-10, 10)"
UNHCR-NGAs028487,11.92,13.592,UNHCR,Agriculture,"Cropland, rainfed",Rural: Very Low Dens,train,BSh,"Arid, steppe, hot",6,Arid,Africa,"[10, 30)"
UNHCR-NGAs028606,12.48498,13.212,UNHCR,Agriculture,"Mosaic natural vegetation (tree, shrub, herbaceous cover) (>50%) / cropland (<50%)",Rural: Very Low Dens,train,BSh,"Arid, steppe, hot",6,Arid,Africa,"[10, 30)"
UNHCR-NGAs035247,11.87957,13.26028,UNHCR,Agriculture,"Mosaic cropland (>50%) / natural vegetation (tree, shrub, herbaceous cover) (<50%)",Rural: Very Low Dens,train,BSh,"Arid, steppe, hot",6,Arid,Africa,"[10, 30)"
UNHCR-NGAs035250,11.81204,12.49902,UNHCR,Agriculture,"Cropland, rainfed",Rural: Very Low Dens,train,BSh,"Arid, steppe, hot",6,Arid,Africa,"[10, 30)"
UNHCR-NGAs035269,5.841443,8.856808,UNHCR,Forest,"Tree cover, broadleaved, evergreen, closed to open (>15%)",Rural: Very Low Dens,val,Am,"Tropical, monsoon",2,Tropical,Africa,"[-10, 10)"
UNHCR-NGAs035273,6.157047,9.022961,UNHCR,Forest,"Tree cover, broadleaved, evergreen, closed to open (>15%)",Rural: Very Low Dens,train,Am,"Tropical, monsoon",2,Tropical,Africa,"[-10, 10)"
UNHCR-NGAs035274,6.737226,9.346945,UNHCR,Forest,"Tree cover, broadleaved, deciduous, open (15‐40%)",Rural: Very Low Dens,train,Aw,"Tropical, savannah",3,Tropical,Africa,"[-10, 10)"
UNHCR-NGAs035290,5.58795,8.827559,UNHCR,Forest,"Tree cover, broadleaved, evergreen, closed to open (>15%)",Rural: Very Low Dens,train,Am,"Tropical, monsoon",2,Tropical,Africa,"[-10, 10)"
UNHCR-NGAs035291,6.664572,9.169474,UNHCR,Agriculture,"Mosaic natural vegetation (tree, shrub, herbaceous cover) (>50%) / cropland (<50%)",Urban: Centre,test,Aw,"Tropical, savannah",3,Tropical,Africa,"[-10, 10)"
UNHCR-NGAs035300,12.04282,13.90111,UNHCR,Agriculture,"Cropland, rainfed",Urban: Centre,train,BSh,"Arid, steppe, hot",6,Arid,Africa,"[10, 30)"
UNHCR-NGAs035307,4.691454,7.768974,UNHCR,Agriculture,"Cropland, rainfed",Rural: Very Low Dens,train,Am,"Tropical, monsoon",2,Tropical,Africa,"[-10, 10)"
UNHCR-NGAs035309,5.440367,8.638292,UNHCR,Forest,"Tree cover, broadleaved, evergreen, closed to open (>15%)",Rural: Very Low Dens,test,Am,"Tropical, monsoon",2,Tropical,Africa,"[-10, 10)"
UNHCR-NGAs035338,11.68188,11.19703,UNHCR,Agriculture,"Cropland, rainfed",Rural: Very Low Dens,train,BSh,"Arid, steppe, hot",6,Arid,Africa,"[10, 30)"
UNHCR-NGAs035354,11.22534,13.78606,UNHCR,Settlement,Urban areas,Rural: Very Low Dens,unassigned,BSh,"Arid, steppe, hot",6,Arid,Africa,"[10, 30)"
UNHCR-NGAs035358,7.64321,10.04586,UNHCR,Agriculture,"Cropland, rainfed",Rural: Very Low Dens,train,Aw,"Tropical, savannah",3,Tropical,Africa,"[-10, 10)"
UNHCR-NGAs035410,7.86051,9.77552,UNHCR,Agriculture,"Mosaic cropland (>50%) / natural vegetation (tree, shrub, herbaceous cover) (<50%)",Rural: cluster,train,Aw,"Tropical, savannah",3,Tropical,Africa,"[-10, 10)"
UNHCR-NGAs035432,10.31845,9.93905,UNHCR,Agriculture,"Cropland, rainfed",Rural: Very Low Dens,train,Aw,"Tropical, savannah",3,Tropical,Africa,"[10, 30)"
UNHCR-NGAs035439,11.16969,12.76536,UNHCR,Agriculture,"Mosaic cropland (>50%) / natural vegetation (tree, shrub, herbaceous cover) (<50%)",Rural: Very Low Dens,train,BSh,"Arid, steppe, hot",6,Arid,Africa,"[10, 30)"
UNHCR-NGAs035455,10.64814,12.90757,UNHCR,Agriculture,"Cropland, rainfed",Rural: Very Low Dens,train,Aw,"Tropical, savannah",3,Tropical,Africa,"[10, 30)"
UNHCR-NGAs035457,6.879649,9.636847,UNHCR,Forest,"Tree cover, broadleaved, deciduous, open (15‐40%)",Rural: Very Low Dens,train,Aw,"Tropical, savannah",3,Tropical,Africa,"[-10, 10)"
UNHCR-NGAs035468,10.22619,9.3039,UNHCR,Agriculture,Herbaceous cover,Rural: Very Low Dens,train,Aw,"Tropical, savannah",3,Tropical,Africa,"[10, 30)"
UNHCR-NGAs035475,12.58487,10.73592,UNHCR,Agriculture,"Cropland, irrigated or post‐flooding",Rural: Very Low Dens,train,BSh,"Arid, steppe, hot",6,Arid,Africa,"[10, 30)"
UNHCR-NGAs035478,10.3573,11.42775,UNHCR,Agriculture,"Cropland, rainfed",Rural: Very Low Dens,train,Aw,"Tropical, savannah",3,Tropical,Africa,"[10, 30)"
UNHCR-NGAs035485,11.34514,10.27204,UNHCR,Agriculture,"Cropland, rainfed",Rural: Very Low Dens,val,Aw,"Tropical, savannah",3,Tropical,Africa,"[10, 30)"
UNHCR-NGAs035487,9.30066,11.76293,UNHCR,Agriculture,"Cropland, rainfed",Rural: Very Low Dens,train,Aw,"Tropical, savannah",3,Tropical,Africa,"[-10, 10)"
UNHCR-NGAs035495,12.90016,10.80851,UNHCR,Grassland,Grassland,Rural: Very Low Dens,train,BWh,"Arid, desert, hot",4,Arid,Africa,"[10, 30)"
UNHCR-NGAs035504,11.97658,11.44113,UNHCR,Agriculture,"Cropland, rainfed",Rural: Very Low Dens,train,BSh,"Arid, steppe, hot",6,Arid,Africa,"[10, 30)"
UNHCR-NGAs035509,12.26608,10.58946,UNHCR,Agriculture,"Cropland, rainfed",Rural: Very Low Dens,train,BSh,"Arid, steppe, hot",6,Arid,Africa,"[10, 30)"
UNHCR-NGAs035510,10.46351,10.02338,UNHCR,Agriculture,Herbaceous cover,Rural: Very Low Dens,val,Aw,"Tropical, savannah",3,Tropical,Africa,"[10, 30)"
UNHCR-NGAs035512,11.8443,13.0337,UNHCR,Agriculture,"Cropland, rainfed",Rural: Very Low Dens,train,BSh,"Arid, steppe, hot",6,Arid,Africa,"[10, 30)"
UNHCR-NGAs035526,7.49756,10.3562,UNHCR,Settlement,Urban areas,Rural: cluster,train,Aw,"Tropical, savannah",3,Tropical,Africa,"[-10, 10)"
UNHCR-NGAs035528,11.03871,9.53469,UNHCR,Agriculture,Herbaceous cover,Rural: Very Low Dens,train,Aw,"Tropical, savannah",3,Tropical,Africa,"[10, 30)"
UNHCR-NGAs035538,11.68054,11.33571,UNHCR,Settlement,Urban areas,Rural: Very Low Dens,train,BSh,"Arid, steppe, hot",6,Arid,Africa,"[10, 30)"
UNHCR-NGAs035540,8.45787,11.11005,UNHCR,Settlement,Urban areas,Urban: Dense,train,Aw,"Tropical, savannah",3,Tropical,Africa,"[-10, 10)"
UNHCR-NGAs035549,10.4033,10.35925,UNHCR,Water,Water bodies,Rural: Low Dens,train,Aw,"Tropical, savannah",3,Tropical,Africa,"[10, 30)"
UNHCR-NGAs035554,7.807,10.58981,UNHCR,Other,Shrubland,Rural: Very Low Dens,train,Aw,"Tropical, savannah",3,Tropical,Africa,"[-10, 10)"
UNHCR-NGAs035556,9.15587,12.40353,UNHCR,Agriculture,"Cropland, rainfed",Rural: Very Low Dens,train,Aw,"Tropical, savannah",3,Tropical,Africa,"[-10, 10)"
UNHCR-NGAs035580,11.50308,9.97083,UNHCR,Agriculture,"Cropland, rainfed",Rural: Very Low Dens,train,BSh,"Arid, steppe, hot",6,Arid,Africa,"[10, 30)"
UNHCR-NGAs035589,8.99574,11.74498,UNHCR,Settlement,Urban areas,Urban: Centre,train,Aw,"Tropical, savannah",3,Tropical,Africa,"[-10, 10)"
UNHCR-NGAs035603,9.14982,11.32362,UNHCR,Agriculture,"Cropland, rainfed",Rural: Very Low Dens,train,Aw,"Tropical, savannah",3,Tropical,Africa,"[-10, 10)"
UNHCR-NGAs035607,10.77923,12.01985,UNHCR,Agriculture,"Mosaic cropland (>50%) / natural vegetation (tree, shrub, herbaceous cover) (<50%)",Rural: Very Low Dens,val,Aw,"Tropical, savannah",3,Tropical,Africa,"[10, 30)"
UNHCR-NGAs035610,9.75191,13.24783,UNHCR,Agriculture,"Cropland, rainfed",Rural: Very Low Dens,train,Aw,"Tropical, savannah",3,Tropical,Africa,"[-10, 10)"
UNHCR-NGAs035625,11.8347,10.16808,UNHCR,Agriculture,"Cropland, rainfed",Rural: Low Dens,train,BSh,"Arid, steppe, hot",6,Arid,Africa,"[10, 30)"
UNHCR-NGAs035629,9.70337,12.21351,UNHCR,Agriculture,"Cropland, rainfed",Rural: Very Low Dens,train,Aw,"Tropical, savannah",3,Tropical,Africa,"[-10, 10)"
UNHCR-NGAs035630,11.05478,12.81296,UNHCR,Agriculture,"Cropland, rainfed",Rural: Very Low Dens,train,Aw,"Tropical, savannah",3,Tropical,Africa,"[10, 30)"
UNHCR-NGAs035631,11.96586,10.06749,UNHCR,Agriculture,"Cropland, rainfed",Rural: Very Low Dens,train,BSh,"Arid, steppe, hot",6,Arid,Africa,"[10, 30)"
UNHCR-NGAs035638,13.03017,10.4162,UNHCR,Grassland,Grassland,Rural: Very Low Dens,train,BSh,"Arid, steppe, hot",6,Arid,Africa,"[10, 30)"
UNHCR-NGAs035640,12.88276,10.61761,UNHCR,Grassland,Grassland,Rural: Very Low Dens,val,BSh,"Arid, steppe, hot",6,Arid,Africa,"[10, 30)"
UNHCR-NGAs035661,7.3815,10.28484,UNHCR,Agriculture,"Mosaic cropland (>50%) / natural vegetation (tree, shrub, herbaceous cover) (<50%)",Rural: Very Low Dens,train,Aw,"Tropical, savannah",3,Tropical,Africa,"[-10, 10)"
UNHCR-NGAs035669,10.197661,13.3085,UNHCR,Agriculture,"Cropland, rainfed",Rural: Very Low Dens,train,Aw,"Tropical, savannah",3,Tropical,Africa,"[10, 30)"
UNHCR-NGAs035672,9.07671,12.61663,UNHCR,Agriculture,"Cropland, rainfed",Rural: Very Low Dens,train,Aw,"Tropical, savannah",3,Tropical,Africa,"[-10, 10)"
UNHCR-NGAs035680,9.7902,9.60484,UNHCR,Agriculture,"Cropland, rainfed",Rural: Very Low Dens,train,Aw,"Tropical, savannah",3,Tropical,Africa,"[-10, 10)"
UNHCR-NGAs035683,12.03686,10.33242,UNHCR,Grassland,Grassland,Rural: Very Low Dens,train,BSh,"Arid, steppe, hot",6,Arid,Africa,"[10, 30)"
UNHCR-NGAs035688,11.22267,9.65409,UNHCR,Agriculture,Herbaceous cover,Rural: Low Dens,train,Aw,"Tropical, savannah",3,Tropical,Africa,"[10, 30)"
UNHCR-NGAs035708,9.59715,12.04487,UNHCR,Agriculture,Herbaceous cover,Rural: Very Low Dens,train,Aw,"Tropical, savannah",3,Tropical,Africa,"[-10, 10)"
UNHCR-NGAs035712,11.93538,13.03045,UNHCR,Agriculture,"Cropland, rainfed",Rural: Very Low Dens,train,BSh,"Arid, steppe, hot",6,Arid,Africa,"[10, 30)"
UNHCR-NGAs035714,10.52557,13.13047,UNHCR,Agriculture,"Cropland, rainfed",Rural: Very Low Dens,train,Aw,"Tropical, savannah",3,Tropical,Africa,"[10, 30)"
UNHCR-NGAs035727,11.65578,13.41908,UNHCR,Settlement,Urban areas,Rural: Very Low Dens,train,BSh,"Arid, steppe, hot",6,Arid,Africa,"[10, 30)"
UNHCR-NGAs035728,12.50031,12.78169,UNHCR,Settlement,Urban areas,Rural: Very Low Dens,train,BSh,"Arid, steppe, hot",6,Arid,Africa,"[10, 30)"
UNHCR-NGAs035767,12.1997,10.88009,UNHCR,Agriculture,"Cropland, rainfed",Rural: Very Low Dens,train,BSh,"Arid, steppe, hot",6,Arid,Africa,"[10, 30)"
UNHCR-NGAs035779,8.22511,9.6982,UNHCR,Agriculture,"Cropland, rainfed",Rural: Very Low Dens,test,Aw,"Tropical, savannah",3,Tropical,Africa,"[-10, 10)"
UNHCR-NGAs035783,12.81987,11.58429,UNHCR,Agriculture,"Cropland, rainfed",Rural: Very Low Dens,train,BWh,"Arid, desert, hot",4,Arid,Africa,"[10, 30)"
UNHCR-NGAs035788,11.55622,10.83638,UNHCR,Agriculture,"Cropland, rainfed",Rural: Very Low Dens,train,BSh,"Arid, steppe, hot",6,Arid,Africa,"[10, 30)"
UNHCR-NGAs035791,11.93652,13.18435,UNHCR,Agriculture,"Cropland, rainfed",Rural: Low Dens,train,BSh,"Arid, steppe, hot",6,Arid,Africa,"[10, 30)"
UNHCR-NGAs035807,10.95492,11.31252,UNHCR,Agriculture,"Cropland, rainfed",Rural: Very Low Dens,test,BSh,"Arid, steppe, hot",6,Arid,Africa,"[10, 30)"
UNHCR-NGAs035814,11.58355,10.36069,UNHCR,Agriculture,"Cropland, rainfed",Rural: Very Low Dens,train,BSh,"Arid, steppe, hot",6,Arid,Africa,"[10, 30)"
UNHCR-NGAs035820,10.1525,13.00568,UNHCR,Agriculture,"Cropland, rainfed",Rural: Very Low Dens,train,Aw,"Tropical, savannah",3,Tropical,Africa,"[10, 30)"
UNHCR-NGAs035828,11.73261,11.91621,UNHCR,Agriculture,"Cropland, rainfed",Rural: Very Low Dens,train,BSh,"Arid, steppe, hot",6,Arid,Africa,"[10, 30)"
UNHCR-NGAs035829,11.02116,8.90245,UNHCR,Agriculture,Herbaceous cover,Rural: Very Low Dens,val,Aw,"Tropical, savannah",3,Tropical,Africa,"[10, 30)"
UNHCR-NGAs035830,7.64313,10.21011,UNHCR,Forest,"Tree cover, broadleaved, deciduous, closed to open (>15%)",Rural: Very Low Dens,train,Aw,"Tropical, savannah",3,Tropical,Africa,"[-10, 10)"
UNHCR-NGAs035833,13.01868,11.05829,UNHCR,Agriculture,"Mosaic natural vegetation (tree, shrub, herbaceous cover) (>50%) / cropland (<50%)",Rural: Very Low Dens,train,BWh,"Arid, desert, hot",4,Arid,Africa,"[10, 30)"
UNHCR-NGAs035845,10.13113,12.39603,UNHCR,Agriculture,"Cropland, rainfed",Rural: Very Low Dens,train,Aw,"Tropical, savannah",3,Tropical,Africa,"[10, 30)"
UNHCR-NGAs035846,8.53301,10.13547,UNHCR,Agriculture,"Cropland, rainfed",Rural: Very Low Dens,test,Aw,"Tropical, savannah",3,Tropical,Africa,"[-10, 10)"
UNHCR-NGAs035867,12.73192,10.91669,UNHCR,Agriculture,"Cropland, rainfed",Rural: Very Low Dens,unassigned,BSh,"Arid, steppe, hot",6,Arid,Africa,"[10, 30)"
UNHCR-NGAs035871,11.08009,13.69762,UNHCR,Settlement,Urban areas,Rural: cluster,test,Aw,"Tropical, savannah",3,Tropical,Africa,"[10, 30)"
UNHCR-NGAs035876,12.13599,10.53841,UNHCR,Settlement,Urban areas,Rural: Very Low Dens,train,BSh,"Arid, steppe, hot",6,Arid,Africa,"[10, 30)"
UNHCR-NGAs035882,9.26751,11.90238,UNHCR,Agriculture,"Cropland, rainfed",Rural: Very Low Dens,train,Aw,"Tropical, savannah",3,Tropical,Africa,"[-10, 10)"
UNHCR-NGAs035892,9.65209,10.75122,UNHCR,Agriculture,"Cropland, rainfed",Rural: Very Low Dens,train,Aw,"Tropical, savannah",3,Tropical,Africa,"[-10, 10)"
UNHCR-NGAs035893,12.49387,11.49506,UNHCR,Agriculture,"Cropland, rainfed",Rural: Very Low Dens,test,BSh,"Arid, steppe, hot",6,Arid,Africa,"[10, 30)"
UNHCR-NGAs035909,10.565478,10.08626,UNHCR,Agriculture,"Cropland, rainfed",Rural: Very Low Dens,unassigned,Aw,"Tropical, savannah",3,Tropical,Africa,"[10, 30)"
UNHCR-NGAs035911,11.04834,10.93488,UNHCR,Agriculture,"Cropland, rainfed",Rural: Very Low Dens,train,BSh,"Arid, steppe, hot",6,Arid,Africa,"[10, 30)"
UNHCR-NGAs035924,12.89391,11.92637,UNHCR,Other,Shrubland,Urban: Centre,test,BWh,"Arid, desert, hot",4,Arid,Africa,"[10, 30)"
UNHCR-NGAs035944,10.62275,11.73523,UNHCR,Agriculture,"Cropland, irrigated or post‐flooding",Rural: Very Low Dens,train,Aw,"Tropical, savannah",3,Tropical,Africa,"[10, 30)"
UNHCR-NGAs035969,11.284,11.22215,UNHCR,Agriculture,"Cropland, rainfed",Rural: Very Low Dens,train,BSh,"Arid, steppe, hot",6,Arid,Africa,"[10, 30)"
UNHCR-NGAs035981,11.74876,9.74179,UNHCR,Agriculture,"Cropland, rainfed",Rural: Very Low Dens,train,BSh,"Arid, steppe, hot",6,Arid,Africa,"[10, 30)"
UNHCR-NGAs035987,10.55593,11.32575,UNHCR,Agriculture,Herbaceous cover,Rural: Very Low Dens,train,Aw,"Tropical, savannah",3,Tropical,Africa,"[10, 30)"
UNHCR-NGAs035988,6.72391,11.24626,UNHCR,Settlement,Urban areas,Urban: Centre,train,Aw,"Tropical, savannah",3,Tropical,Africa,"[-10, 10)"
UNHCR-NGAs035996,7.18566,10.0526,UNHCR,Forest,"Tree cover, broadleaved, deciduous, open (15‐40%)",Rural: Very Low Dens,train,Aw,"Tropical, savannah",3,Tropical,Africa,"[-10, 10)"
UNHCR-NGAs036019,9.48596,12.30687,UNHCR,Water,Water bodies,Rural: Very Low Dens,train,Aw,"Tropical, savannah",3,Tropical,Africa,"[-10, 10)"
UNHCR-NGAs036021,10.89514,10.64991,UNHCR,Agriculture,"Cropland, rainfed",Rural: cluster,train,Aw,"Tropical, savannah",3,Tropical,Africa,"[10, 30)"
UNHCR-NGAs036025,10.7323,13.12468,UNHCR,Agriculture,"Cropland, rainfed",Rural: Very Low Dens,train,Aw,"Tropical, savannah",3,Tropical,Africa,"[10, 30)"
UNHCR-NGAs036038,9.70392,11.70337,UNHCR,Agriculture,"Cropland, rainfed",Rural: Very Low Dens,train,Aw,"Tropical, savannah",3,Tropical,Africa,"[-10, 10)"
UNHCR-NGAs036047,10.55268,11.62046,UNHCR,Agriculture,"Cropland, rainfed",Rural: Very Low Dens,train,Aw,"Tropical, savannah",3,Tropical,Africa,"[10, 30)"
UNHCR-NGAs036063,8.84098,11.69961,UNHCR,Agriculture,"Mosaic natural vegetation (tree, shrub, herbaceous cover) (>50%) / cropland (<50%)",Rural: Very Low Dens,train,Aw,"Tropical, savannah",3,Tropical,Africa,"[-10, 10)"
UNHCR-NGAs036082,12.33277,10.34988,UNHCR,Agriculture,"Cropland, irrigated or post‐flooding",Rural: Very Low Dens,train,BSh,"Arid, steppe, hot",6,Arid,Africa,"[10, 30)"
UNHCR-NGAs036089,8.44591,12.05902,UNHCR,Agriculture,"Cropland, rainfed",Urban: Centre,val,Aw,"Tropical, savannah",3,Tropical,Africa,"[-10, 10)"
UNHCR-NGAs036101,9.69785,11.52493,UNHCR,Agriculture,"Mosaic cropland (>50%) / natural vegetation (tree, shrub, herbaceous cover) (<50%)",Rural: cluster,unassigned,Aw,"Tropical, savannah",3,Tropical,Africa,"[-10, 10)"
UNHCR-NGAs036108,12.14745,11.77257,UNHCR,Agriculture,"Cropland, rainfed",Rural: Very Low Dens,test,BSh,"Arid, steppe, hot",6,Arid,Africa,"[10, 30)"
UNHCR-NGAs036114,10.45372,13.22283,UNHCR,Settlement,Urban areas,Rural: Very Low Dens,train,Aw,"Tropical, savannah",3,Tropical,Africa,"[10, 30)"
UNHCR-NGAs036118,10.72464,11.68851,UNHCR,Agriculture,"Cropland, rainfed",Rural: Low Dens,test,Aw,"Tropical, savannah",3,Tropical,Africa,"[10, 30)"
UNHCR-NGAs036121,13.10255,12.51237,UNHCR,Grassland,Grassland,Rural: cluster,train,BWh,"Arid, desert, hot",4,Arid,Africa,"[10, 30)"
UNHCR-NGAs036123,12.22262,10.73982,UNHCR,Agriculture,"Mosaic cropland (>50%) / natural vegetation (tree, shrub, herbaceous cover) (<50%)",Rural: Very Low Dens,train,BSh,"Arid, steppe, hot",6,Arid,Africa,"[10, 30)"
UNHCR-NGAs036132,8.10717,9.77672,UNHCR,Agriculture,"Mosaic cropland (>50%) / natural vegetation (tree, shrub, herbaceous cover) (<50%)",Rural: Very Low Dens,val,Aw,"Tropical, savannah",3,Tropical,Africa,"[-10, 10)"
UNHCR-NGAs036151,13.06782,9.93318,UNHCR,Grassland,Grassland,Rural: Very Low Dens,train,BSh,"Arid, steppe, hot",6,Arid,Africa,"[10, 30)"
UNHCR-NGAs036153,7.87773,10.020137,UNHCR,Agriculture,"Mosaic cropland (>50%) / natural vegetation (tree, shrub, herbaceous cover) (<50%)",Rural: Low Dens,val,Aw,"Tropical, savannah",3,Tropical,Africa,"[-10, 10)"
UNHCR-NGAs036155,11.855,9.96501,UNHCR,Agriculture,"Cropland, rainfed",Rural: Low Dens,train,BSh,"Arid, steppe, hot",6,Arid,Africa,"[10, 30)"
UNHCR-NGAs036163,11.09272,11.33987,UNHCR,Agriculture,"Cropland, rainfed",Rural: Very Low Dens,train,BSh,"Arid, steppe, hot",6,Arid,Africa,"[10, 30)"
UNHCR-NGAs036168,11.71652,11.10622,UNHCR,Settlement,Urban areas,Urban: Centre,val,BSh,"Arid, steppe, hot",6,Arid,Africa,"[10, 30)"
UNHCR-NGAs036171,8.39952,10.52207,UNHCR,Agriculture,"Cropland, rainfed",Rural: Very Low Dens,train,Aw,"Tropical, savannah",3,Tropical,Africa,"[-10, 10)"
UNHCR-NGAs036196,10.8621,13.6129,UNHCR,Agriculture,"Cropland, rainfed",Rural: Low Dens,train,Aw,"Tropical, savannah",3,Tropical,Africa,"[10, 30)"
UNHCR-NGAs036216,12.88387,10.34452,UNHCR,Agriculture,"Mosaic cropland (>50%) / natural vegetation (tree, shrub, herbaceous cover) (<50%)",Rural: Low Dens,train,BSh,"Arid, steppe, hot",6,Arid,Africa,"[10, 30)"
UNHCR-NGAs036220,10.35073,11.61209,UNHCR,Agriculture,Herbaceous cover,Rural: Very Low Dens,train,Aw,"Tropical, savannah",3,Tropical,Africa,"[10, 30)"
UNHCR-NGAs036223,10.26202,10.33181,UNHCR,Agriculture,"Cropland, rainfed",Rural: Low Dens,val,Aw,"Tropical, savannah",3,Tropical,Africa,"[10, 30)"
UNHCR-NGAs036229,8.32601,9.72298,UNHCR,Agriculture,"Cropland, rainfed",Rural: cluster,val,Aw,"Tropical, savannah",3,Tropical,Africa,"[-10, 10)"
UNHCR-NGAs036254,12.3169,10.23116,UNHCR,Agriculture,"Cropland, rainfed",Rural: Very Low Dens,train,BSh,"Arid, steppe, hot",6,Arid,Africa,"[10, 30)"
UNHCR-NGAs036274,9.57978,12.91659,UNHCR,Agriculture,"Cropland, rainfed",Rural: Very Low Dens,unassigned,Aw,"Tropical, savannah",3,Tropical,Africa,"[-10, 10)"
UNHCR-NGAs036292,12.83049,11.69051,UNHCR,Agriculture,"Mosaic cropland (>50%) / natural vegetation (tree, shrub, herbaceous cover) (<50%)",Rural: Very Low Dens,train,BWh,"Arid, desert, hot",4,Arid,Africa,"[10, 30)"
UNHCR-NGAs036294,13.09782,12.10754,UNHCR,Agriculture,"Cropland, irrigated or post‐flooding",Rural: Very Low Dens,train,BWh,"Arid, desert, hot",4,Arid,Africa,"[10, 30)"
UNHCR-NGAs036301,9.68359,12.00119,UNHCR,Agriculture,"Mosaic natural vegetation (tree, shrub, herbaceous cover) (>50%) / cropland (<50%)",Rural: cluster,train,Aw,"Tropical, savannah",3,Tropical,Africa,"[-10, 10)"
UNHCR-NGAs036309,10.02584,12.66036,UNHCR,Agriculture,"Cropland, rainfed",Rural: Very Low Dens,train,Aw,"Tropical, savannah",3,Tropical,Africa,"[10, 30)"
UNHCR-NGAs036315,7.83202,11.03633,UNHCR,Agriculture,"Cropland, rainfed",Rural: Very Low Dens,test,Aw,"Tropical, savannah",3,Tropical,Africa,"[-10, 10)"
UNHCR-NGAs036333,10.13656,9.27838,UNHCR,Agriculture,"Cropland, rainfed",Rural: Very Low Dens,train,Aw,"Tropical, savannah",3,Tropical,Africa,"[10, 30)"
UNHCR-NGAs036335,10.95599,11.60534,UNHCR,Agriculture,"Cropland, rainfed",Rural: Very Low Dens,train,Aw,"Tropical, savannah",3,Tropical,Africa,"[10, 30)"
UNHCR-NGAs036342,9.51132,12.20144,UNHCR,Agriculture,"Cropland, rainfed",Rural: Very Low Dens,train,Aw,"Tropical, savannah",3,Tropical,Africa,"[-10, 10)"
UNHCR-NGAs036357,12.36946,10.77331,UNHCR,Agriculture,"Mosaic natural vegetation (tree, shrub, herbaceous cover) (>50%) / cropland (<50%)",Rural: Very Low Dens,train,BSh,"Arid, steppe, hot",6,Arid,Africa,"[10, 30)"
UNHCR-NGAs036381,11.67203,11.53881,UNHCR,Grassland,Grassland,Rural: Very Low Dens,train,BSh,"Arid, steppe, hot",6,Arid,Africa,"[10, 30)"
UNHCR-NGAs036386,12.79496,11.3946,UNHCR,Agriculture,"Mosaic natural vegetation (tree, shrub, herbaceous cover) (>50%) / cropland (<50%)",Rural: Very Low Dens,train,BWh,"Arid, desert, hot",4,Arid,Africa,"[10, 30)"
UNHCR-NGAs036388,9.21194,12.48434,UNHCR,Settlement,Urban areas,Urban: Centre,train,Aw,"Tropical, savannah",3,Tropical,Africa,"[-10, 10)"
UNHCR-NGAs036390,11.26797,12.00656,UNHCR,Agriculture,"Cropland, rainfed",Urban: Centre,train,BSh,"Arid, steppe, hot",6,Arid,Africa,"[10, 30)"
UNHCR-NGAs036401,10.82511,10.77216,UNHCR,Settlement,Urban areas,Urban: Centre,val,Aw,"Tropical, savannah",3,Tropical,Africa,"[10, 30)"
UNHCR-NGAs036452,7.50715,11.36107,UNHCR,Settlement,Urban areas,Rural: cluster,train,Aw,"Tropical, savannah",3,Tropical,Africa,"[-10, 10)"
UNHCR-NGAs036453,11.03088,11.73483,UNHCR,Agriculture,"Cropland, rainfed",Rural: Very Low Dens,train,Aw,"Tropical, savannah",3,Tropical,Africa,"[10, 30)"
UNHCR-NGAs036460,11.65899,9.93222,UNHCR,Agriculture,"Cropland, rainfed",Rural: Low Dens,train,BSh,"Arid, steppe, hot",6,Arid,Africa,"[10, 30)"
UNHCR-NGAs036462,11.66709,10.14894,UNHCR,Agriculture,"Cropland, rainfed",Urban: Centre,train,BSh,"Arid, steppe, hot",6,Arid,Africa,"[10, 30)"
UNHCR-NGAs036466,11.21444,9.40786,UNHCR,Agriculture,Herbaceous cover,Rural: Very Low Dens,test,Aw,"Tropical, savannah",3,Tropical,Africa,"[10, 30)"
UNHCR-NGAs036470,9.57287,11.76898,UNHCR,Agriculture,"Cropland, rainfed",Rural: Very Low Dens,unassigned,Aw,"Tropical, savannah",3,Tropical,Africa,"[-10, 10)"
UNHCR-NGAs036473,11.95931,10.21393,UNHCR,Agriculture,"Cropland, rainfed",Rural: Very Low Dens,train,BSh,"Arid, steppe, hot",6,Arid,Africa,"[10, 30)"
UNHCR-NGAs036483,10.89221,9.83217,UNHCR,Agriculture,"Cropland, rainfed",Rural: Very Low Dens,unassigned,Aw,"Tropical, savannah",3,Tropical,Africa,"[10, 30)"
UNHCR-NGAs036484,10.96916,13.6659,UNHCR,Agriculture,Herbaceous cover,Rural: Very Low Dens,val,Aw,"Tropical, savannah",3,Tropical,Africa,"[10, 30)"
UNHCR-NGAs036486,8.62754,12.43561,UNHCR,Agriculture,"Cropland, rainfed",Rural: Very Low Dens,train,Aw,"Tropical, savannah",3,Tropical,Africa,"[-10, 10)"
UNHCR-NGAs036519,12.91757,9.90204,UNHCR,Agriculture,"Mosaic cropland (>50%) / natural vegetation (tree, shrub, herbaceous cover) (<50%)",Rural: Very Low Dens,test,BSh,"Arid, steppe, hot",6,Arid,Africa,"[10, 30)"
UNHCR-NGAs036527,11.08311,12.68416,UNHCR,Agriculture,"Cropland, rainfed",Rural: Very Low Dens,test,Aw,"Tropical, savannah",3,Tropical,Africa,"[10, 30)"
UNHCR-NGAs036530,12.1333,10.21701,UNHCR,Agriculture,"Cropland, rainfed",Rural: Very Low Dens,train,BSh,"Arid, steppe, hot",6,Arid,Africa,"[10, 30)"
UNHCR-NGAs036565,10.1074,9.6602,UNHCR,Agriculture,Herbaceous cover,Rural: Very Low Dens,train,Aw,"Tropical, savannah",3,Tropical,Africa,"[10, 30)"
UNHCR-NGAs036572,9.09755,11.47454,UNHCR,Agriculture,"Cropland, rainfed",Rural: Very Low Dens,test,Aw,"Tropical, savannah",3,Tropical,Africa,"[-10, 10)"
UNHCR-NGAs036577,12.84146,9.81887,UNHCR,Agriculture,"Mosaic natural vegetation (tree, shrub, herbaceous cover) (>50%) / cropland (<50%)",Rural: Very Low Dens,unassigned,BSh,"Arid, steppe, hot",6,Arid,Africa,"[10, 30)"
UNHCR-NGAs036588,12.88238,11.04039,UNHCR,Settlement,Urban areas,Urban: Centre,unassigned,BWh,"Arid, desert, hot",4,Arid,Africa,"[10, 30)"
UNHCR-NGAs036589,10.26188,11.20515,UNHCR,Agriculture,"Cropland, rainfed",Urban: Suburban,val,Aw,"Tropical, savannah",3,Tropical,Africa,"[10, 30)"
UNHCR-NGAs036594,13.04366,11.31872,UNHCR,Grassland,Grassland,Rural: Very Low Dens,train,BWh,"Arid, desert, hot",4,Arid,Africa,"[10, 30)"
UNHCR-NGAs036602,7.32924,10.53816,UNHCR,Forest,"Tree cover, broadleaved, deciduous, open (15‐40%)",Rural: Very Low Dens,train,Aw,"Tropical, savannah",3,Tropical,Africa,"[-10, 10)"
UNHCR-NGAs036604,8.1313,12.0454,UNHCR,Settlement,Urban areas,Rural: Low Dens,train,Aw,"Tropical, savannah",3,Tropical,Africa,"[-10, 10)"
UNHCR-NGAs036611,10.35792,13.36867,UNHCR,Agriculture,"Cropland, rainfed",Rural: Very Low Dens,train,Aw,"Tropical, savannah",3,Tropical,Africa,"[10, 30)"
UNHCR-NGAs036612,9.8309,12.6177,UNHCR,Settlement,Urban areas,Urban: Centre,train,Aw,"Tropical, savannah",3,Tropical,Africa,"[-10, 10)"
UNHCR-NGAs036636,10.14286,12.73524,UNHCR,Agriculture,"Cropland, rainfed",Rural: Very Low Dens,unassigned,Aw,"Tropical, savannah",3,Tropical,Africa,"[10, 30)"
UNHCR-NGAs036647,10.42834,12.14475,UNHCR,Agriculture,"Cropland, rainfed",Rural: Very Low Dens,val,Aw,"Tropical, savannah",3,Tropical,Africa,"[10, 30)"
UNHCR-NGAs036653,9.505,12.491,UNHCR,Agriculture,"Cropland, rainfed",Rural: Very Low Dens,train,Aw,"Tropical, savannah",3,Tropical,Africa,"[-10, 10)"
UNHCR-NGAs036663,10.59872,13.46015,UNHCR,Agriculture,"Cropland, rainfed",Rural: Very Low Dens,test,Aw,"Tropical, savannah",3,Tropical,Africa,"[10, 30)"
UNHCR-NGAs036670,10.42289,11.96536,UNHCR,Agriculture,Herbaceous cover,Rural: Very Low Dens,train,Aw,"Tropical, savannah",3,Tropical,Africa,"[10, 30)"
UNHCR-NGAs036671,11.76863,13.23375,UNHCR,Agriculture,"Cropland, rainfed",Rural: Low Dens,train,BSh,"Arid, steppe, hot",6,Arid,Africa,"[10, 30)"
UNHCR-NGAs036675,11.82784,10.79184,UNHCR,Agriculture,"Cropland, rainfed",Rural: Very Low Dens,train,BSh,"Arid, steppe, hot",6,Arid,Africa,"[10, 30)"
UNHCR-NGAs036689,9.27541,12.37631,UNHCR,Agriculture,"Cropland, rainfed",Urban: Centre,train,Aw,"Tropical, savannah",3,Tropical,Africa,"[-10, 10)"
UNHCR-NGAs036716,10.81107,11.72622,UNHCR,Agriculture,"Cropland, rainfed",Rural: Very Low Dens,train,Aw,"Tropical, savannah",3,Tropical,Africa,"[10, 30)"
UNHCR-NGAs036752,10.80439,13.45965,UNHCR,Settlement,Urban areas,Rural: Very Low Dens,train,Aw,"Tropical, savannah",3,Tropical,Africa,"[10, 30)"
UNHCR-NGAs036753,8.69012,10.84083,UNHCR,Agriculture,"Cropland, rainfed",Rural: Very Low Dens,train,Aw,"Tropical, savannah",3,Tropical,Africa,"[-10, 10)"
UNHCR-NGAs036764,7.50333,9.93722,UNHCR,Settlement,Urban areas,Rural: Very Low Dens,val,Aw,"Tropical, savannah",3,Tropical,Africa,"[-10, 10)"
UNHCR-NGAs036776,11.36583,10.46566,UNHCR,Agriculture,Herbaceous cover,Rural: Very Low Dens,train,Aw,"Tropical, savannah",3,Tropical,Africa,"[10, 30)"
UNHCR-NGAs036782,9.49172,9.44982,UNHCR,Agriculture,"Cropland, rainfed",Rural: Very Low Dens,train,Aw,"Tropical, savannah",3,Tropical,Africa,"[-10, 10)"
UNHCR-NGAs036796,11.74574,12.18764,UNHCR,Agriculture,"Cropland, rainfed",Rural: Very Low Dens,train,BSh,"Arid, steppe, hot",6,Arid,Africa,"[10, 30)"
UNHCR-NGAs036798,8.80746,12.62546,UNHCR,Agriculture,"Cropland, rainfed",Rural: Very Low Dens,val,Aw,"Tropical, savannah",3,Tropical,Africa,"[-10, 10)"
UNHCR-NGAs036801,10.79584,12.72319,UNHCR,Agriculture,"Cropland, rainfed",Rural: Very Low Dens,train,Aw,"Tropical, savannah",3,Tropical,Africa,"[10, 30)"
UNHCR-NGAs036804,10.92003,12.77461,UNHCR,Agriculture,"Cropland, rainfed",Rural: Very Low Dens,train,Aw,"Tropical, savannah",3,Tropical,Africa,"[10, 30)"
UNHCR-NGAs036822,11.34748,11.80769,UNHCR,Agriculture,Herbaceous cover,Rural: Very Low Dens,train,BSh,"Arid, steppe, hot",6,Arid,Africa,"[10, 30)"
UNHCR-NGAs036827,10.49506,11.83616,UNHCR,Agriculture,"Cropland, rainfed",Rural: Low Dens,train,Aw,"Tropical, savannah",3,Tropical,Africa,"[10, 30)"
UNHCR-NGAs036844,10.04313,11.20875,UNHCR,Agriculture,"Cropland, rainfed",Rural: Very Low Dens,train,Aw,"Tropical, savannah",3,Tropical,Africa,"[10, 30)"
UNHCR-NGAs036849,11.76336,10.07659,UNHCR,Agriculture,"Cropland, rainfed",Rural: Very Low Dens,train,BSh,"Arid, steppe, hot",6,Arid,Africa,"[10, 30)"
UNHCR-NGAs036863,10.86206,12.96182,UNHCR,Agriculture,"Cropland, rainfed",Rural: Very Low Dens,train,Aw,"Tropical, savannah",3,Tropical,Africa,"[10, 30)"
UNHCR-NGAs036927,9.40607,11.93393,UNHCR,Agriculture,"Cropland, rainfed",Rural: Very Low Dens,train,Aw,"Tropical, savannah",3,Tropical,Africa,"[-10, 10)"
UNHCR-NGAs036937,10.96698,9.43393,UNHCR,Agriculture,Herbaceous cover,Rural: Very Low Dens,train,Aw,"Tropical, savannah",3,Tropical,Africa,"[10, 30)"
UNHCR-NGAs036941,10.32035,13.16067,UNHCR,Agriculture,"Cropland, rainfed",Rural: cluster,test,Aw,"Tropical, savannah",3,Tropical,Africa,"[10, 30)"
UNHCR-NGAs036956,11.84547,13.15599,UNHCR,Settlement,Urban areas,Urban: Centre,train,BSh,"Arid, steppe, hot",6,Arid,Africa,"[10, 30)"
UNHCR-NGAs036958,12.39026,10.58166,UNHCR,Agriculture,"Cropland, rainfed",Rural: Very Low Dens,train,BSh,"Arid, steppe, hot",6,Arid,Africa,"[10, 30)"
UNHCR-NGAs036983,9.91635,11.9565,UNHCR,Agriculture,"Cropland, rainfed",Rural: Very Low Dens,train,Aw,"Tropical, savannah",3,Tropical,Africa,"[-10, 10)"
UNHCR-NGAs037001,10.6974,13.3036,UNHCR,Agriculture,"Cropland, rainfed",Rural: Very Low Dens,train,Aw,"Tropical, savannah",3,Tropical,Africa,"[10, 30)"
UNHCR-NGAs037004,12.3196,10.6948,UNHCR,Grassland,Grassland,Rural: Very Low Dens,train,BSh,"Arid, steppe, hot",6,Arid,Africa,"[10, 30)"
UNHCR-NGAs037007,12.59317,10.89259,UNHCR,Agriculture,"Cropland, rainfed",Rural: Very Low Dens,train,BSh,"Arid, steppe, hot",6,Arid,Africa,"[10, 30)"
UNHCR-NGAs037013,9.73342,11.09862,UNHCR,Agriculture,Herbaceous cover,Rural: Very Low Dens,train,Aw,"Tropical, savannah",3,Tropical,Africa,"[-10, 10)"
UNHCR-NGAs037018,10.7725,13.56294,UNHCR,Agriculture,"Cropland, rainfed",Rural: Very Low Dens,train,Aw,"Tropical, savannah",3,Tropical,Africa,"[10, 30)"
UNHCR-NGAs037021,10.7481,12.92295,UNHCR,Agriculture,Herbaceous cover,Rural: Very Low Dens,train,Aw,"Tropical, savannah",3,Tropical,Africa,"[10, 30)"
UNHCR-NGAs037025,10.68905,9.75889,UNHCR,Settlement,Urban areas,Rural: Very Low Dens,train,Aw,"Tropical, savannah",3,Tropical,Africa,"[10, 30)"
UNHCR-NGAs037032,8.63034,10.76448,UNHCR,Agriculture,"Cropland, rainfed",Rural: Very Low Dens,train,Aw,"Tropical, savannah",3,Tropical,Africa,"[-10, 10)"
UNHCR-NGAs037053,9.72453,9.23108,UNHCR,Agriculture,"Cropland, rainfed",Rural: Low Dens,train,Aw,"Tropical, savannah",3,Tropical,Africa,"[-10, 10)"
UNHCR-NGAs037060,11.43521,10.80591,UNHCR,Agriculture,Herbaceous cover,Rural: Very Low Dens,train,Aw,"Tropical, savannah",3,Tropical,Africa,"[10, 30)"
UNHCR-NGAs037069,11.35799,10.16674,UNHCR,Agriculture,"Cropland, rainfed",Rural: Very Low Dens,train,Aw,"Tropical, savannah",3,Tropical,Africa,"[10, 30)"
UNHCR-NGAs037086,10.31425,9.84064,UNHCR,Settlement,Urban areas,Urban: Centre,train,Aw,"Tropical, savannah",3,Tropical,Africa,"[10, 30)"
UNHCR-NGAs037098,13.15261,10.63422,UNHCR,Grassland,Grassland,Rural: Very Low Dens,unassigned,BWh,"Arid, desert, hot",4,Arid,Africa,"[10, 30)"
UNHCR-NGAs037106,10.62525,12.18673,UNHCR,Settlement,Urban areas,Urban: Centre,train,Aw,"Tropical, savannah",3,Tropical,Africa,"[10, 30)"
UNHCR-NGAs037108,10.56778,11.95756,UNHCR,Agriculture,Herbaceous cover,Rural: Very Low Dens,train,Aw,"Tropical, savannah",3,Tropical,Africa,"[10, 30)"
UNHCR-NGAs037112,9.29717,12.71503,UNHCR,Agriculture,Herbaceous cover,Rural: Very Low Dens,train,Aw,"Tropical, savannah",3,Tropical,Africa,"[-10, 10)"
UNHCR-NGAs037122,8.92082,11.60934,UNHCR,Agriculture,"Cropland, rainfed",Rural: Very Low Dens,test,Aw,"Tropical, savannah",3,Tropical,Africa,"[-10, 10)"
UNHCR-NGAs037143,12.87629,10.45151,UNHCR,Settlement,Urban areas,Rural: Low Dens,train,BSh,"Arid, steppe, hot",6,Arid,Africa,"[10, 30)"
UNHCR-NGAs037146,9.03432,11.60225,UNHCR,Agriculture,"Cropland, rainfed",Rural: Very Low Dens,train,Aw,"Tropical, savannah",3,Tropical,Africa,"[-10, 10)"
UNHCR-NGAs037147,9.71182,9.3421,UNHCR,Agriculture,"Cropland, rainfed",Rural: Low Dens,train,Aw,"Tropical, savannah",3,Tropical,Africa,"[-10, 10)"
UNHCR-NGAs037148,10.30335,10.92729,UNHCR,Agriculture,"Cropland, rainfed",Rural: Low Dens,test,Aw,"Tropical, savannah",3,Tropical,Africa,"[10, 30)"
UNHCR-NGAs037152,11.46823,10.62453,UNHCR,Settlement,Urban areas,Rural: Very Low Dens,train,Aw,"Tropical, savannah",3,Tropical,Africa,"[10, 30)"
UNHCR-NGAs037166,9.617474,9.63272,UNHCR,Agriculture,"Cropland, rainfed",Rural: Very Low Dens,train,Aw,"Tropical, savannah",3,Tropical,Africa,"[-10, 10)"
UNHCR-NGAs037192,8.92502,11.32631,UNHCR,Settlement,Urban areas,Urban: Centre,train,Aw,"Tropical, savannah",3,Tropical,Africa,"[-10, 10)"
UNHCR-NGAs037221,8.96154,11.90473,UNHCR,Agriculture,"Cropland, rainfed",Rural: Very Low Dens,test,Aw,"Tropical, savannah",3,Tropical,Africa,"[-10, 10)"
UNHCR-NGAs037227,10.04752,8.9971,UNHCR,Settlement,Urban areas,Rural: Low Dens,train,Aw,"Tropical, savannah",3,Tropical,Africa,"[10, 30)"
UNHCR-NGAs037234,10.23642,12.9359,UNHCR,Settlement,Urban areas,Rural: cluster,train,Aw,"Tropical, savannah",3,Tropical,Africa,"[10, 30)"
UNHCR-NGAs037243,9.51147,11.931,UNHCR,Agriculture,"Cropland, rainfed",Rural: Very Low Dens,train,Aw,"Tropical, savannah",3,Tropical,Africa,"[-10, 10)"
UNHCR-NGAs037244,8.75301,12.15117,UNHCR,Settlement,Urban areas,Rural: cluster,test,Aw,"Tropical, savannah",3,Tropical,Africa,"[-10, 10)"
UNHCR-NGAs037248,10.84187,12.85447,UNHCR,Agriculture,"Cropland, rainfed",Rural: Very Low Dens,train,Aw,"Tropical, savannah",3,Tropical,Africa,"[10, 30)"
UNHCR-NGAs037262,10.46761,12.4181,UNHCR,Agriculture,"Cropland, rainfed",Rural: Very Low Dens,unassigned,Aw,"Tropical, savannah",3,Tropical,Africa,"[10, 30)"
UNHCR-NGAs037264,10.70872,11.36128,UNHCR,Agriculture,"Cropland, rainfed",Rural: Very Low Dens,train,Aw,"Tropical, savannah",3,Tropical,Africa,"[10, 30)"
UNHCR-NGAs037277,8.76594,11.92682,UNHCR,Agriculture,"Cropland, rainfed",Rural: Very Low Dens,train,Aw,"Tropical, savannah",3,Tropical,Africa,"[-10, 10)"
UNHCR-NGAs037278,10.58875,12.05467,UNHCR,Agriculture,"Cropland, rainfed",Rural: Very Low Dens,train,Aw,"Tropical, savannah",3,Tropical,Africa,"[10, 30)"
UNHCR-NGAs037282,10.73289,12.14872,UNHCR,Agriculture,"Cropland, rainfed",Rural: Very Low Dens,unassigned,Aw,"Tropical, savannah",3,Tropical,Africa,"[10, 30)"
UNHCR-NGAs037284,10.58631,13.3401,UNHCR,Agriculture,"Cropland, rainfed",Urban: Dense,train,Aw,"Tropical, savannah",3,Tropical,Africa,"[10, 30)"
UNHCR-NGAs037304,11.0551,10.60332,UNHCR,Agriculture,"Cropland, rainfed",Rural: Low Dens,train,Aw,"Tropical, savannah",3,Tropical,Africa,"[10, 30)"
UNHCR-NGAs037333,12.16299,11.46841,UNHCR,Agriculture,"Cropland, rainfed",Rural: Very Low Dens,train,BSh,"Arid, steppe, hot",6,Arid,Africa,"[10, 30)"
UNHCR-NGAs037338,13.1512,11.53998,UNHCR,Grassland,Grassland,Rural: Very Low Dens,train,BWh,"Arid, desert, hot",4,Arid,Africa,"[10, 30)"
UNHCR-NGAs037341,10.01804,13.1058,UNHCR,Agriculture,"Cropland, rainfed",Rural: Very Low Dens,unassigned,Aw,"Tropical, savannah",3,Tropical,Africa,"[10, 30)"
UNHCR-NGAs037363,9.92182,13.23584,UNHCR,Agriculture,"Cropland, rainfed",Rural: Very Low Dens,train,Aw,"Tropical, savannah",3,Tropical,Africa,"[-10, 10)"
UNHCR-NGAs037377,10.08773,11.95863,UNHCR,Agriculture,"Cropland, rainfed",Rural: Very Low Dens,train,Aw,"Tropical, savannah",3,Tropical,Africa,"[10, 30)"
UNHCR-NGAs037390,9.39895,12.3643,UNHCR,Water,Water bodies,Rural: Low Dens,train,Aw,"Tropical, savannah",3,Tropical,Africa,"[-10, 10)"
UNHCR-NGAs037406,9.95635,11.55225,UNHCR,Agriculture,Herbaceous cover,Rural: Very Low Dens,train,Aw,"Tropical, savannah",3,Tropical,Africa,"[-10, 10)"
UNHCR-NGAs037414,9.79698,11.31251,UNHCR,Agriculture,"Cropland, rainfed",Rural: Very Low Dens,val,Aw,"Tropical, savannah",3,Tropical,Africa,"[-10, 10)"
UNHCR-NGAs037424,8.2409,11.05083,UNHCR,Agriculture,"Mosaic cropland (>50%) / natural vegetation (tree, shrub, herbaceous cover) (<50%)",Rural: Very Low Dens,test,Aw,"Tropical, savannah",3,Tropical,Africa,"[-10, 10)"
UNHCR-NGAs037426,10.06103,11.82708,UNHCR,Agriculture,"Mosaic cropland (>50%) / natural vegetation (tree, shrub, herbaceous cover) (<50%)",Rural: cluster,train,Aw,"Tropical, savannah",3,Tropical,Africa,"[10, 30)"
UNHCR-NGAs037431,12.2595,13.11166,UNHCR,Agriculture,"Mosaic cropland (>50%) / natural vegetation (tree, shrub, herbaceous cover) (<50%)",Rural: cluster,test,BSh,"Arid, steppe, hot",6,Arid,Africa,"[10, 30)"
UNHCR-NGAs037436,11.88279,11.28633,UNHCR,Agriculture,"Cropland, rainfed",Rural: Very Low Dens,train,BSh,"Arid, steppe, hot",6,Arid,Africa,"[10, 30)"
UNHCR-NGAs037449,12.02699,13.0619,UNHCR,Agriculture,"Cropland, rainfed",Rural: Very Low Dens,train,BSh,"Arid, steppe, hot",6,Arid,Africa,"[10, 30)"
UNHCR-NGAs037451,10.63214,13.19548,UNHCR,Agriculture,"Cropland, rainfed",Rural: Very Low Dens,train,Aw,"Tropical, savannah",3,Tropical,Africa,"[10, 30)"
UNHCR-NGAs037456,11.82694,12.6305,UNHCR,Agriculture,"Mosaic cropland (>50%) / natural vegetation (tree, shrub, herbaceous cover) (<50%)",Rural: Very Low Dens,train,BSh,"Arid, steppe, hot",6,Arid,Africa,"[10, 30)"
UNHCR-NGAs037479,11.72481,10.78388,UNHCR,Agriculture,"Cropland, rainfed",Rural: Very Low Dens,unassigned,BSh,"Arid, steppe, hot",6,Arid,Africa,"[10, 30)"
UNHCR-NGAs037480,9.66088,13.22591,UNHCR,Agriculture,"Cropland, rainfed",Rural: Very Low Dens,train,Aw,"Tropical, savannah",3,Tropical,Africa,"[-10, 10)"
UNHCR-NGAs037482,13.07254,11.17165,UNHCR,Grassland,Grassland,Rural: cluster,train,BWh,"Arid, desert, hot",4,Arid,Africa,"[10, 30)"
UNHCR-NGAs037485,9.83678,9.47416,UNHCR,Agriculture,"Cropland, rainfed",Rural: Very Low Dens,val,Aw,"Tropical, savannah",3,Tropical,Africa,"[-10, 10)"
UNHCR-NGAs037492,9.6922,12.7282,UNHCR,Agriculture,"Cropland, rainfed",Rural: Very Low Dens,train,Aw,"Tropical, savannah",3,Tropical,Africa,"[-10, 10)"
UNHCR-NGAs037506,10.47882,12.24813,UNHCR,Agriculture,"Cropland, rainfed",Rural: Very Low Dens,train,Aw,"Tropical, savannah",3,Tropical,Africa,"[10, 30)"
UNHCR-NGAs037507,11.93434,10.74364,UNHCR,Agriculture,"Cropland, rainfed",Rural: Very Low Dens,train,BSh,"Arid, steppe, hot",6,Arid,Africa,"[10, 30)"
UNHCR-NGAs037508,9.28678,12.22178,UNHCR,Agriculture,Herbaceous cover,Rural: Low Dens,train,Aw,"Tropical, savannah",3,Tropical,Africa,"[-10, 10)"
UNHCR-NGAs037523,9.88002,9.57024,UNHCR,Agriculture,"Cropland, rainfed",Rural: Very Low Dens,test,Aw,"Tropical, savannah",3,Tropical,Africa,"[-10, 10)"
UNHCR-NGAs037524,11.80634,10.99216,UNHCR,Agriculture,"Cropland, rainfed",Rural: Very Low Dens,train,BSh,"Arid, steppe, hot",6,Arid,Africa,"[10, 30)"
UNHCR-NGAs037548,12.37509,14.21556,UNHCR,Settlement,Urban areas,Rural: Very Low Dens,train,BSh,"Arid, steppe, hot",6,Arid,Africa,"[10, 30)"
UNHCR-NGAs037571,12.42705,10.42774,UNHCR,Agriculture,"Cropland, rainfed",Rural: Very Low Dens,train,BSh,"Arid, steppe, hot",6,Arid,Africa,"[10, 30)"
UNHCR-NGAs037574,9.68524,12.10089,UNHCR,Agriculture,Herbaceous cover,Rural: Very Low Dens,train,Aw,"Tropical, savannah",3,Tropical,Africa,"[-10, 10)"
UNHCR-NPLs003316,27.707,85.313,UNHCR,Settlement,Urban areas,Urban: Centre,val,Cwa,"Temperate, dry winter, hot summer",11,Temperate,Asia,"[10, 30)"
UNHCR-PAKs003445,35.1089,71.7861,UNHCR,Forest,"Tree cover, broadleaved, deciduous, closed to open (>15%)",Rural: Very Low Dens,train,Csa,"Temperate, dry summer, hot summer",8,Temperate,Asia,"[30, 60)"
UNHCR-PAKs003449,34.8412,71.8618,UNHCR,Forest,Mosaic tree and shrub (>50%) / herbaceous cover (<50%),Rural: Very Low Dens,train,Csa,"Temperate, dry summer, hot summer",8,Temperate,Asia,"[30, 60)"
UNHCR-PAKs003458,32.753,70.7789,UNHCR,Agriculture,"Cropland, irrigated or post‐flooding",Rural: Very Low Dens,train,BWh,"Arid, desert, hot",4,Arid,Asia,"[30, 60)"
UNHCR-PAKs003478,33.65,71.3833,UNHCR,Agriculture,"Cropland, rainfed",Rural: Very Low Dens,train,BSh,"Arid, steppe, hot",6,Arid,Asia,"[30, 60)"
UNHCR-PAKs003486,33.5,71.1167,UNHCR,Agriculture,"Mosaic natural vegetation (tree, shrub, herbaceous cover) (>50%) / cropland (<50%)",Rural: Very Low Dens,train,BSh,"Arid, steppe, hot",6,Arid,Asia,"[30, 60)"
UNHCR-PAKs003489,33.4167,70.6167,UNHCR,Grassland,Grassland,Rural: Low Dens,train,BSh,"Arid, steppe, hot",6,Arid,Asia,"[30, 60)"
UNHCR-PAKs003493,34.4833,71.9667,UNHCR,Agriculture,"Cropland, irrigated or post‐flooding",Rural: cluster,train,BSh,"Arid, steppe, hot",6,Arid,Asia,"[30, 60)"
UNHCR-PAKs003494,34.2167,72.0833,UNHCR,Agriculture,"Cropland, irrigated or post‐flooding",Urban: Centre,train,BSh,"Arid, steppe, hot",6,Arid,Asia,"[30, 60)"
UNHCR-PAKs003511,34.0535,72.8492,UNHCR,Agriculture,"Cropland, rainfed",Rural: Very Low Dens,unassigned,Cwa,"Temperate, dry winter, hot summer",11,Temperate,Asia,"[30, 60)"
UNHCR-PAKs003559,31.2905,72.9327,UNHCR,Agriculture,"Cropland, rainfed",Urban: Dense,unassigned,BWh,"Arid, desert, hot",4,Arid,Asia,"[30, 60)"
UNHCR-PAKs003563,32.7555,73.078,UNHCR,Agriculture,"Cropland, rainfed",Rural: Very Low Dens,train,BSh,"Arid, steppe, hot",6,Arid,Asia,"[30, 60)"
UNHCR-PAKs003565,32.3782,74.7865,UNHCR,Agriculture,"Cropland, irrigated or post‐flooding",Rural: Very Low Dens,train,Cwa,"Temperate, dry winter, hot summer",11,Temperate,Asia,"[30, 60)"
UNHCR-PAKs006945,34.075983,71.552866,UNHCR,Agriculture,"Cropland, irrigated or post‐flooding",Rural: cluster,train,BSh,"Arid, steppe, hot",6,Arid,Asia,"[30, 60)"
UNHCR-PAKs006946,33.904394,71.777875,UNHCR,Grassland,Grassland,Rural: Very Low Dens,train,BSh,"Arid, steppe, hot",6,Arid,Asia,"[30, 60)"
UNHCR-PNGs003127,-6.21064,141.08,UNHCR,Agriculture,"Mosaic cropland (>50%) / natural vegetation (tree, shrub, herbaceous cover) (<50%)",Rural: Very Low Dens,test,Af,"Tropical, rainforest",1,Tropical,Oceania,"[-10, 10)"
UNHCR-PNGs003128,-5.55469,141.058,UNHCR,Forest,"Tree cover, broadleaved, evergreen, closed to open (>15%)",Rural: Very Low Dens,train,Af,"Tropical, rainforest",1,Tropical,Oceania,"[-10, 10)"
UNHCR-PNGs003131,-5.67667,141.029,UNHCR,Agriculture,"Mosaic cropland (>50%) / natural vegetation (tree, shrub, herbaceous cover) (<50%)",Rural: Very Low Dens,train,Af,"Tropical, rainforest",1,Tropical,Oceania,"[-10, 10)"
UNHCR-POLs002315,52.01907,21.348955,UNHCR,Grassland,Grassland,Rural: Very Low Dens,train,Dfb,"Cold, no dry season, warm summer",26,Cold,Europe,"[30, 60)"
UNHCR-POLs002321,52.165,20.995703,UNHCR,Settlement,Urban areas,Urban: Centre,train,Dfb,"Cold, no dry season, warm summer",26,Cold,Europe,"[30, 60)"
UNHCR-POLs002395,51.933333,21.183333,UNHCR,Agriculture,Tree or shrub cover,Rural: Low Dens,train,Dfb,"Cold, no dry season, warm summer",26,Cold,Europe,"[30, 60)"
UNHCR-POLs080005,51.766998,22.799999,UNHCR,Agriculture,"Cropland, rainfed",Rural: Very Low Dens,train,Dfb,"Cold, no dry season, warm summer",26,Cold,Europe,"[30, 60)"
UNHCR-QATs003328,25.296,51.506,UNHCR,Settlement,Urban areas,Urban: Centre,train,BWh,"Arid, desert, hot",4,Arid,Asia,"[10, 30)"
UNHCR-ROUs002531,46.190479,21.325689,UNHCR,Settlement,Urban areas,Urban: Centre,test,Dfb,"Cold, no dry season, warm summer",26,Cold,Europe,"[30, 60)"
UNHCR-ROUs080013,44.427508,26.104,UNHCR,Settlement,Urban areas,Urban: Centre,val,Dfa,"Cold, no dry season, hot summer",25,Cold,Europe,"[30, 60)"
UNHCR-ROUs080015,43.903205,25.97,UNHCR,Settlement,Urban areas,Urban: Centre,val,Dfa,"Cold, no dry season, hot summer",25,Cold,Europe,"[30, 60)"
UNHCR-ROUs080018,45.749189,21.209,UNHCR,Settlement,Urban areas,Urban: Centre,train,Dfb,"Cold, no dry season, warm summer",26,Cold,Europe,"[30, 60)"
UNHCR-RUSs003332,42.982,47.506,UNHCR,Settlement,Urban areas,Urban: Centre,train,BSk,"Arid, steppe, cold",7,Arid,Europe,"[30, 60)"
UNHCR-RUSs003335,54.53583,36.27056,UNHCR,Settlement,Urban areas,Urban: Centre,train,Dfb,"Cold, no dry season, warm summer",26,Cold,Europe,"[30, 60)"
UNHCR-RUSs003342,47.231,39.706,UNHCR,Settlement,Urban areas,Urban: Centre,train,Dfa,"Cold, no dry season, hot summer",25,Cold,Europe,"[30, 60)"
UNHCR-RUSs003348,48.80472,44.58583,UNHCR,Settlement,Urban areas,Urban: Centre,train,BSk,"Arid, steppe, cold",7,Arid,Europe,"[30, 60)"
UNHCR-RUSs003352,44.609976,40.120021,UNHCR,Settlement,Urban areas,Urban: Centre,train,Cfa,"Temperate, no dry season, hot summer",14,Temperate,Europe,"[30, 60)"
UNHCR-RUSs031521,56.842,60.608742,UNHCR,Settlement,Urban areas,Urban: Centre,train,Dfb,"Cold, no dry season, warm summer",26,Cold,Europe,"[30, 60)"
UNHCR-RUSs031522,52.730023,41.430019,UNHCR,Settlement,Urban areas,Urban: Centre,train,Dfb,"Cold, no dry season, warm summer",26,Cold,Europe,"[30, 60)"
UNHCR-RWAs003349,-1.95,30.058,UNHCR,Settlement,Urban areas,Urban: Centre,train,Aw,"Tropical, savannah",3,Tropical,Africa,"[-10, 10)"
UNHCR-RWAs033743,-1.619,29.422547,UNHCR,Agriculture,Herbaceous cover,Rural: Very Low Dens,val,Cfb,"Temperate, no dry season, warm summer",15,Temperate,Africa,"[-10, 10)"
UNHCR-SAUs003351,16.88917,42.55111,UNHCR,Settlement,Urban areas,Urban: Dense,unassigned,BWh,"Arid, desert, hot",4,Arid,Asia,"[10, 30)"
UNHCR-SDNs001484,14.4233,33.9444,UNHCR,Agriculture,"Cropland, rainfed",Rural: Very Low Dens,train,BWh,"Arid, desert, hot",4,Arid,Africa,"[10, 30)"
UNHCR-SDNs001506,13.4897,35.68,UNHCR,Agriculture,"Mosaic cropland (>50%) / natural vegetation (tree, shrub, herbaceous cover) (<50%)",Rural: Very Low Dens,train,Aw,"Tropical, savannah",3,Tropical,Africa,"[10, 30)"
UNHCR-SDNs004670,12.256722,32.768301,UNHCR,Agriculture,"Cropland, irrigated or post‐flooding",Rural: Very Low Dens,train,BSh,"Arid, steppe, hot",6,Arid,Africa,"[10, 30)"
UNHCR-SDNs004671,12.366076,32.801976,UNHCR,Agriculture,"Cropland, irrigated or post‐flooding",Rural: Very Low Dens,train,BWh,"Arid, desert, hot",4,Arid,Africa,"[10, 30)"
UNHCR-SDNs007773,13.71687,22.466875,UNHCR,Agriculture,"Cropland, rainfed",Rural: Very Low Dens,train,BSh,"Arid, steppe, hot",6,Arid,Africa,"[10, 30)"
UNHCR-SDNs015499,11.516527,26.529619,UNHCR,Agriculture,"Cropland, rainfed",Rural: Very Low Dens,test,BSh,"Arid, steppe, hot",6,Arid,Africa,"[10, 30)"
UNHCR-SDNs015517,13.443199,22.445357,UNHCR,Settlement,Urban areas,Urban: Centre,test,BSh,"Arid, steppe, hot",6,Arid,Africa,"[10, 30)"
UNHCR-SDNs015528,11.448596,26.266696,UNHCR,Agriculture,"Mosaic natural vegetation (tree, shrub, herbaceous cover) (>50%) / cropland (<50%)",Rural: Very Low Dens,train,BSh,"Arid, steppe, hot",6,Arid,Africa,"[10, 30)"
UNHCR-SDNs015530,12.911128,24.870601,UNHCR,Other,Shrubland,Rural: Very Low Dens,val,BWh,"Arid, desert, hot",4,Arid,Africa,"[10, 30)"
UNHCR-SDNs015535,11.948326,24.946782,UNHCR,Grassland,Grassland,Rural: Very Low Dens,train,BWh,"Arid, desert, hot",4,Arid,Africa,"[10, 30)"
UNHCR-SDNs015541,12.72511,22.167062,UNHCR,Agriculture,Herbaceous cover,Rural: Very Low Dens,train,BSh,"Arid, steppe, hot",6,Arid,Africa,"[10, 30)"
UNHCR-SDNs015543,13.767289,22.166368,UNHCR,Grassland,Grassland,Rural: Very Low Dens,train,BSh,"Arid, steppe, hot",6,Arid,Africa,"[10, 30)"
UNHCR-SDNs015545,11.396515,25.946337,UNHCR,Agriculture,"Mosaic cropland (>50%) / natural vegetation (tree, shrub, herbaceous cover) (<50%)",Rural: Very Low Dens,train,BSh,"Arid, steppe, hot",6,Arid,Africa,"[10, 30)"
UNHCR-SDNs015546,11.398493,26.571017,UNHCR,Agriculture,"Cropland, rainfed",Rural: Very Low Dens,test,BSh,"Arid, steppe, hot",6,Arid,Africa,"[10, 30)"
UNHCR-SDNs015559,11.837174,26.663669,UNHCR,Grassland,Grassland,Rural: Very Low Dens,train,BWh,"Arid, desert, hot",4,Arid,Africa,"[10, 30)"
UNHCR-SDNs015560,12.050348,24.47743,UNHCR,Agriculture,"Cropland, rainfed",Rural: Very Low Dens,train,BSh,"Arid, steppe, hot",6,Arid,Africa,"[10, 30)"
UNHCR-SDNs015564,11.518507,24.632238,UNHCR,Agriculture,"Cropland, rainfed",Rural: Very Low Dens,train,BSh,"Arid, steppe, hot",6,Arid,Africa,"[10, 30)"
UNHCR-SDNs015570,11.489458,26.126962,UNHCR,Agriculture,"Cropland, rainfed",Urban: Centre,val,BSh,"Arid, steppe, hot",6,Arid,Africa,"[10, 30)"
UNHCR-SDNs015574,13.989814,23.380011,UNHCR,Grassland,Grassland,Rural: Very Low Dens,train,BWh,"Arid, desert, hot",4,Arid,Africa,"[10, 30)"
UNHCR-SDNs015594,12.393882,25.43012,UNHCR,Grassland,Grassland,Rural: Very Low Dens,train,BWh,"Arid, desert, hot",4,Arid,Africa,"[10, 30)"
UNHCR-SDNs015602,13.64774,24.08137,UNHCR,Settlement,Urban areas,Urban: Centre,train,BSh,"Arid, steppe, hot",6,Arid,Africa,"[10, 30)"
UNHCR-SDNs015604,12.899752,23.487477,UNHCR,Forest,"Tree cover, broadleaved, deciduous, open (15‐40%)",Rural: Very Low Dens,train,BSh,"Arid, steppe, hot",6,Arid,Africa,"[10, 30)"
UNHCR-SDNs015605,12.64675,25.271914,UNHCR,Grassland,Grassland,Rural: Very Low Dens,train,BWh,"Arid, desert, hot",4,Arid,Africa,"[10, 30)"
UNHCR-SDNs015620,14.550655,22.476715,UNHCR,Grassland,Grassland,Rural: Very Low Dens,train,BWh,"Arid, desert, hot",4,Arid,Africa,"[10, 30)"
UNHCR-SDNs015625,12.104076,24.561155,UNHCR,Grassland,Grassland,Rural: Very Low Dens,train,BSh,"Arid, steppe, hot",6,Arid,Africa,"[10, 30)"
UNHCR-SDNs015626,12.727425,24.905767,UNHCR,Grassland,Grassland,Rural: Very Low Dens,train,BWh,"Arid, desert, hot",4,Arid,Africa,"[10, 30)"
UNHCR-SDNs015629,13.123087,22.185807,UNHCR,Agriculture,"Cropland, rainfed",Rural: Very Low Dens,train,BSh,"Arid, steppe, hot",6,Arid,Africa,"[10, 30)"
UNHCR-SDNs015631,11.997092,25.613247,UNHCR,Agriculture,"Cropland, rainfed",Rural: cluster,train,BWh,"Arid, desert, hot",4,Arid,Africa,"[10, 30)"
UNHCR-SDNs015641,12.978714,23.935907,UNHCR,Agriculture,"Cropland, rainfed",Rural: Low Dens,train,BSh,"Arid, steppe, hot",6,Arid,Africa,"[10, 30)"
UNHCR-SDNs015642,12.522808,25.211698,UNHCR,Grassland,Grassland,Rural: Very Low Dens,train,BWh,"Arid, desert, hot",4,Arid,Africa,"[10, 30)"
UNHCR-SDNs015644,12.688071,22.543566,UNHCR,Agriculture,"Cropland, rainfed",Rural: cluster,train,BSh,"Arid, steppe, hot",6,Arid,Africa,"[10, 30)"
UNHCR-SDNs015651,11.983146,24.852739,UNHCR,Grassland,Grassland,Rural: Very Low Dens,train,BSh,"Arid, steppe, hot",6,Arid,Africa,"[10, 30)"
UNHCR-SDNs015653,13.479226,23.311591,UNHCR,Forest,"Tree cover, broadleaved, deciduous, open (15‐40%)",Rural: Very Low Dens,test,BSh,"Arid, steppe, hot",6,Arid,Africa,"[10, 30)"
UNHCR-SDNs015664,13.527539,24.863468,UNHCR,Grassland,Grassland,Rural: Very Low Dens,train,BWh,"Arid, desert, hot",4,Arid,Africa,"[10, 30)"
UNHCR-SDNs015669,12.263748,25.229029,UNHCR,Agriculture,"Cropland, rainfed",Rural: Very Low Dens,test,BWh,"Arid, desert, hot",4,Arid,Africa,"[10, 30)"
UNHCR-SDNs015684,12.436013,24.713579,UNHCR,Grassland,Grassland,Rural: Very Low Dens,train,BSh,"Arid, steppe, hot",6,Arid,Africa,"[10, 30)"
UNHCR-SDNs015686,13.484232,25.307674,UNHCR,Other,Shrubland,Rural: Very Low Dens,train,BWh,"Arid, desert, hot",4,Arid,Africa,"[10, 30)"
UNHCR-SDNs027974,12.598457,32.765813,UNHCR,Other,Shrubland,Rural: Very Low Dens,train,BWh,"Arid, desert, hot",4,Arid,Africa,"[10, 30)"
UNHCR-SDNs027982,11.090519,25.822665,UNHCR,Agriculture,"Cropland, rainfed",Rural: Very Low Dens,train,BSh,"Arid, steppe, hot",6,Arid,Africa,"[10, 30)"
UNHCR-SDNs027985,11.585556,30.314,UNHCR,Other,Shrubland,Rural: Very Low Dens,train,BSh,"Arid, steppe, hot",6,Arid,Africa,"[10, 30)"
UNHCR-SDNs027987,11.512347,31.328635,UNHCR,Grassland,Grassland,Rural: Very Low Dens,train,BSh,"Arid, steppe, hot",6,Arid,Africa,"[10, 30)"
UNHCR-SDNs027990,15.249143,32.546956,UNHCR,Grassland,Grassland,Rural: Low Dens,train,BWh,"Arid, desert, hot",4,Arid,Africa,"[10, 30)"
UNHCR-SDNs034950,10.814,25.174293,UNHCR,Agriculture,"Cropland, rainfed",Rural: Very Low Dens,train,BSh,"Arid, steppe, hot",6,Arid,Africa,"[10, 30)"
UNHCR-SDNs080014,12.716649,32.740752,UNHCR,Agriculture,"Cropland, rainfed",Rural: Very Low Dens,val,BWh,"Arid, desert, hot",4,Arid,Africa,"[10, 30)"
UNHCR-SDNs080017,11.993056,31.100833,UNHCR,Agriculture,"Cropland, rainfed",Rural: Very Low Dens,test,BSh,"Arid, steppe, hot",6,Arid,Africa,"[10, 30)"
UNHCR-SDNs080032,12.351713,29.24954,UNHCR,Wetland,"Shrub or herbaceous cover, flooded, fresh/saline/brakish water",Rural: Very Low Dens,train,BSh,"Arid, steppe, hot",6,Arid,Africa,"[10, 30)"
UNHCR-SDNs080033,10.1825,28.11361,UNHCR,Forest,"Tree cover, broadleaved, deciduous, open (15‐40%)",Rural: Very Low Dens,train,BSh,"Arid, steppe, hot",6,Arid,Africa,"[10, 30)"
UNHCR-SDNs080035,10.42472,28.01167,UNHCR,Agriculture,"Cropland, rainfed",Rural: Low Dens,unassigned,BSh,"Arid, steppe, hot",6,Arid,Africa,"[10, 30)"
UNHCR-SDNs080037,11.316667,27.35,UNHCR,Agriculture,"Mosaic cropland (>50%) / natural vegetation (tree, shrub, herbaceous cover) (<50%)",Rural: Very Low Dens,train,BSh,"Arid, steppe, hot",6,Arid,Africa,"[10, 30)"
UNHCR-SDNs080043,10.83202,29.35191,UNHCR,Agriculture,"Cropland, rainfed",Rural: Very Low Dens,train,BSh,"Arid, steppe, hot",6,Arid,Africa,"[10, 30)"
UNHCR-SDNs080044,11.405236,29.137269,UNHCR,Agriculture,"Cropland, rainfed",Rural: Very Low Dens,train,BSh,"Arid, steppe, hot",6,Arid,Africa,"[10, 30)"
UNHCR-SDNs080046,11.858742,26.550756,UNHCR,Agriculture,"Mosaic natural vegetation (tree, shrub, herbaceous cover) (>50%) / cropland (<50%)",Rural: Very Low Dens,train,BWh,"Arid, desert, hot",4,Arid,Africa,"[10, 30)"
UNHCR-SDNs080047,11.880192,26.398064,UNHCR,Agriculture,"Mosaic cropland (>50%) / natural vegetation (tree, shrub, herbaceous cover) (<50%)",Rural: Very Low Dens,train,BSh,"Arid, steppe, hot",6,Arid,Africa,"[10, 30)"
UNHCR-SDNs080048,11.825833,26.968861,UNHCR,Grassland,Grassland,Rural: Very Low Dens,train,BWh,"Arid, desert, hot",4,Arid,Africa,"[10, 30)"
UNHCR-SDNs080050,11.848176,26.788975,UNHCR,Grassland,Grassland,Rural: Very Low Dens,train,BWh,"Arid, desert, hot",4,Arid,Africa,"[10, 30)"
UNHCR-SDNs080051,11.893311,26.879131,UNHCR,Agriculture,"Mosaic cropland (>50%) / natural vegetation (tree, shrub, herbaceous cover) (<50%)",Rural: Very Low Dens,train,BWh,"Arid, desert, hot",4,Arid,Africa,"[10, 30)"
UNHCR-SDNs080052,11.971083,26.640444,UNHCR,Grassland,Grassland,Rural: Very Low Dens,val,BWh,"Arid, desert, hot",4,Arid,Africa,"[10, 30)"
UNHCR-SDNs080056,11.875822,27.153422,UNHCR,Agriculture,"Mosaic natural vegetation (tree, shrub, herbaceous cover) (>50%) / cropland (<50%)",Rural: Very Low Dens,train,BWh,"Arid, desert, hot",4,Arid,Africa,"[10, 30)"
UNHCR-SDNs080062,10.047595,24.995996,UNHCR,Other,Shrubland,Rural: Very Low Dens,train,BSh,"Arid, steppe, hot",6,Arid,Africa,"[10, 30)"
UNHCR-SDNs080063,10.964319,24.672112,UNHCR,Agriculture,"Cropland, rainfed",Rural: Very Low Dens,val,BSh,"Arid, steppe, hot",6,Arid,Africa,"[10, 30)"
UNHCR-SDNs080064,12.9668,24.03358,UNHCR,Agriculture,"Mosaic natural vegetation (tree, shrub, herbaceous cover) (>50%) / cropland (<50%)",Urban: Dense,train,Aw,"Tropical, savannah",3,Tropical,Africa,"[10, 30)"
UNHCR-SDNs080066,12.125117,22.5896,UNHCR,Settlement,Urban areas,Urban: Centre,val,BSh,"Arid, steppe, hot",6,Arid,Africa,"[10, 30)"
UNHCR-SDNs080069,15.597328,32.64818,UNHCR,Settlement,Urban areas,Rural: Low Dens,train,BWh,"Arid, desert, hot",4,Arid,Africa,"[10, 30)"
UNHCR-SDNs990230,10.271803,30.675002,UNHCR,Other,Shrubland,Rural: Very Low Dens,train,Aw,"Tropical, savannah",3,Tropical,Africa,"[10, 30)"
UNHCR-SENs003356,14.874956,-17.463816,UNHCR,Water,Water bodies,Water,train,Ocean/none,outside the land mask,0,Water / unclassified,Africa,"[10, 30)"
UNHCR-SENs015693,15.660022,-13.257691,UNHCR,Wetland,"Shrub or herbaceous cover, flooded, fresh/saline/brakish water",Rural: cluster,train,BWh,"Arid, desert, hot",4,Arid,Africa,"[10, 30)"
UNHCR-SLEs002044,7.938889,-11.576944,UNHCR,Other,Shrubland,Rural: Low Dens,train,Am,"Tropical, monsoon",2,Tropical,Africa,"[-10, 10)"
UNHCR-SLEs002236,8.046111,-11.105833,UNHCR,Other,Shrubland,Rural: Very Low Dens,train,Am,"Tropical, monsoon",2,Tropical,Africa,"[-10, 10)"
UNHCR-SOMs015410,2.045584,45.306372,UNHCR,Settlement,Urban areas,Urban: Centre,train,BSh,"Arid, steppe, hot",6,Arid,Africa,"[-10, 10)"
UNHCR-SOMs027652,3.11718,43.6469,UNHCR,Settlement,Urban areas,Urban: Centre,train,BSh,"Arid, steppe, hot",6,Arid,Africa,"[-10, 10)"
UNHCR-SOMs027680,3.78074,41.89431,UNHCR,Other,Shrubland,Rural: Very Low Dens,train,BWh,"Arid, desert, hot",4,Arid,Africa,"[-10, 10)"
UNHCR-SOMs027703,9.52749,45.537472,UNHCR,Settlement,Urban areas,Urban: Centre,train,BWh,"Arid, desert, hot",4,Arid,Africa,"[-10, 10)"
UNHCR-SOMs027709,8.251603,46.315717,UNHCR,Other,Shrubland,Urban: Dense,train,BWh,"Arid, desert, hot",4,Arid,Africa,"[-10, 10)"
UNHCR-SOMs027728,6.14568,46.62712,UNHCR,Other,Shrubland,Rural: Low Dens,train,BWh,"Arid, desert, hot",4,Arid,Africa,"[-10, 10)"
UNHCR-SOMs027760,10.621822,47.36813,UNHCR,Settlement,Urban areas,Urban: Centre,train,BSk,"Arid, steppe, cold",7,Arid,Africa,"[10, 30)"
UNHCR-SOMs027856,-0.36029,42.546261,UNHCR,Settlement,Urban areas,Urban: Centre,train,BSh,"Arid, steppe, hot",6,Arid,Africa,"[-10, 10)"
UNHCR-SOMs027861,8.473575,47.354409,UNHCR,Settlement,Urban areas,Urban: Centre,train,BWh,"Arid, desert, hot",4,Arid,Africa,"[-10, 10)"
UNHCR-SOMs027973,3.1385,43.522,UNHCR,Agriculture,"Cropland, rainfed",Rural: Very Low Dens,train,BSh,"Arid, steppe, hot",6,Arid,Africa,"[-10, 10)"
UNHCR-SOMs027975,8.671488,47.158623,UNHCR,Other,Shrubland,Rural: Very Low Dens,train,BWh,"Arid, desert, hot",4,Arid,Africa,"[-10, 10)"
UNHCR-SOMs027976,9.54725,44.066246,UNHCR,Settlement,Urban areas,Urban: Centre,test,BSh,"Arid, steppe, hot",6,Arid,Africa,"[-10, 10)"
UNHCR-SOMs027980,3.16853,42.49469,UNHCR,Agriculture,"Cropland, irrigated or post‐flooding",Urban: Semi-dense,train,BWh,"Arid, desert, hot",4,Arid,Africa,"[-10, 10)"
UNHCR-SOMs027989,2.93425,45.533642,UNHCR,Agriculture,"Cropland, irrigated or post‐flooding",Urban: Centre,train,BWh,"Arid, desert, hot",4,Arid,Africa,"[-10, 10)"
UNHCR-SOMs027992,10.713436,48.332528,UNHCR,Settlement,Urban areas,Rural: Very Low Dens,train,BWh,"Arid, desert, hot",4,Arid,Africa,"[10, 30)"
UNHCR-SRBs000247,44.774192,20.474422,UNHCR,Settlement,Urban areas,Urban: Centre,train,Cfa,"Temperate, no dry season, hot summer",14,Temperate,Europe,"[30, 60)"
UNHCR-SRBs000779,42.532389,21.914139,UNHCR,Agriculture,"Cropland, rainfed",Rural: Very Low Dens,train,Dfb,"Cold, no dry season, warm summer",26,Cold,Europe,"[30, 60)"
UNHCR-SRBs028621,44.318,20.185694,UNHCR,Agriculture,"Mosaic cropland (>50%) / natural vegetation (tree, shrub, herbaceous cover) (<50%)",Rural: Very Low Dens,train,Cfa,"Temperate, no dry season, hot summer",14,Temperate,Europe,"[30, 60)"
UNHCR-SRBs028643,42.454375,21.756844,UNHCR,Agriculture,Herbaceous cover,Rural: Very Low Dens,train,Dfb,"Cold, no dry season, warm summer",26,Cold,Europe,"[30, 60)"
UNHCR-SSDs003040,7.17833,34.0967,UNHCR,Agriculture,"Mosaic cropland (>50%) / natural vegetation (tree, shrub, herbaceous cover) (<50%)",Rural: Very Low Dens,train,Aw,"Tropical, savannah",3,Tropical,Africa,"[-10, 10)"
UNHCR-SSDs003968,4.854722,28.646111,UNHCR,Forest,"Tree cover, broadleaved, deciduous, open (15‐40%)",Rural: Very Low Dens,val,Aw,"Tropical, savannah",3,Tropical,Africa,"[-10, 10)"
UNHCR-SSDs004119,9.978238,33.758634,UNHCR,Other,Shrubland,Rural: Very Low Dens,train,Aw,"Tropical, savannah",3,Tropical,Africa,"[-10, 10)"
UNHCR-SSDs005235,4.90613,29.458,UNHCR,Agriculture,"Mosaic cropland (>50%) / natural vegetation (tree, shrub, herbaceous cover) (<50%)",Rural: Very Low Dens,train,Aw,"Tropical, savannah",3,Tropical,Africa,"[-10, 10)"
UNHCR-SSDs008635,8.82371,29.71396,UNHCR,Forest,"Tree cover, broadleaved, deciduous, open (15‐40%)",Rural: Very Low Dens,train,Aw,"Tropical, savannah",3,Tropical,Africa,"[-10, 10)"
UNHCR-SSDs008643,10.412917,32.338919,UNHCR,Grassland,Grassland,Rural: Very Low Dens,train,Aw,"Tropical, savannah",3,Tropical,Africa,"[10, 30)"
UNHCR-SSDs008657,4.080534,33.114447,UNHCR,Other,Shrubland,Rural: Very Low Dens,val,Aw,"Tropical, savannah",3,Tropical,Africa,"[-10, 10)"
UNHCR-SSDs008672,9.95,29.88,UNHCR,Other,Shrubland,Rural: Very Low Dens,test,Aw,"Tropical, savannah",3,Tropical,Africa,"[-10, 10)"
UNHCR-SSDs008690,6.4494,29.7771,UNHCR,Forest,"Tree cover, broadleaved, deciduous, closed to open (>15%)",Rural: Very Low Dens,train,Aw,"Tropical, savannah",3,Tropical,Africa,"[-10, 10)"
UNHCR-SSDs008691,6.703691,30.827305,UNHCR,Forest,"Tree cover, broadleaved, deciduous, open (15‐40%)",Rural: Very Low Dens,train,Aw,"Tropical, savannah",3,Tropical,Africa,"[-10, 10)"
UNHCR-SSDs008696,5.261885,31.790961,UNHCR,Agriculture,"Mosaic cropland (>50%) / natural vegetation (tree, shrub, herbaceous cover) (<50%)",Rural: Very Low Dens,test,Aw,"Tropical, savannah",3,Tropical,Africa,"[-10, 10)"
UNHCR-SSDs008702,10.48,32.5,UNHCR,Grassland,Grassland,Rural: Very Low Dens,train,Aw,"Tropical, savannah",3,Tropical,Africa,"[10, 30)"
UNHCR-SSDs008724,6.717066,30.608209,UNHCR,Other,Shrubland,Urban: Centre,train,Aw,"Tropical, savannah",3,Tropical,Africa,"[-10, 10)"
UNHCR-SSDs008790,8.687805,32.050588,UNHCR,Other,Shrubland,Rural: Very Low Dens,train,Aw,"Tropical, savannah",3,Tropical,Africa,"[-10, 10)"
UNHCR-SSDs008794,6.69762,29.814699,UNHCR,Forest,"Tree cover, broadleaved, deciduous, open (15‐40%)",Rural: Very Low Dens,train,Aw,"Tropical, savannah",3,Tropical,Africa,"[-10, 10)"
UNHCR-SSDs008796,8.21235,30.4116,UNHCR,Wetland,"Shrub or herbaceous cover, flooded, fresh/saline/brakish water",Rural: Very Low Dens,train,Aw,"Tropical, savannah",3,Tropical,Africa,"[-10, 10)"
UNHCR-SSDs008797,6.400083,30.632217,UNHCR,Other,Shrubland,Rural: Very Low Dens,train,Aw,"Tropical, savannah",3,Tropical,Africa,"[-10, 10)"
UNHCR-SSDs008809,7.321154,30.424413,UNHCR,Other,Shrubland,Rural: Very Low Dens,train,Aw,"Tropical, savannah",3,Tropical,Africa,"[-10, 10)"
UNHCR-SSDs008813,10.0354,30.107489,UNHCR,Grassland,Grassland,Rural: Very Low Dens,train,Aw,"Tropical, savannah",3,Tropical,Africa,"[10, 30)"
UNHCR-SSDs008817,9.674366,33.541861,UNHCR,Forest,"Tree cover, broadleaved, deciduous, open (15‐40%)",Rural: Very Low Dens,train,Aw,"Tropical, savannah",3,Tropical,Africa,"[-10, 10)"
UNHCR-SSDs008818,10.076702,33.838411,UNHCR,Other,Shrubland,Rural: Very Low Dens,test,Aw,"Tropical, savannah",3,Tropical,Africa,"[10, 30)"
UNHCR-SSDs008823,6.6832,32.1381,UNHCR,Other,Shrubland,Rural: Very Low Dens,train,Aw,"Tropical, savannah",3,Tropical,Africa,"[-10, 10)"
UNHCR-SSDs008838,7.941702,27.868209,UNHCR,Other,Shrubland,Rural: Very Low Dens,train,Aw,"Tropical, savannah",3,Tropical,Africa,"[-10, 10)"
UNHCR-SSDs008842,7.86965,26.111881,UNHCR,Forest,"Tree cover, broadleaved, deciduous, open (15‐40%)",Rural: Very Low Dens,train,Aw,"Tropical, savannah",3,Tropical,Africa,"[-10, 10)"
UNHCR-SSDs008844,8.024679,26.03873,UNHCR,Forest,"Tree cover, broadleaved, deciduous, open (15‐40%)",Rural: Very Low Dens,train,Aw,"Tropical, savannah",3,Tropical,Africa,"[-10, 10)"
UNHCR-SSDs008846,8.7942,26.0682,UNHCR,Forest,"Tree cover, broadleaved, deciduous, open (15‐40%)",Rural: Very Low Dens,train,Aw,"Tropical, savannah",3,Tropical,Africa,"[-10, 10)"
UNHCR-SSDs008851,7.713721,27.98473,UNHCR,Settlement,Urban areas,Urban: Centre,test,Aw,"Tropical, savannah",3,Tropical,Africa,"[-10, 10)"
UNHCR-SSDs008854,4.99273,27.828199,UNHCR,Forest,"Tree cover, broadleaved, deciduous, open (15‐40%)",Rural: Very Low Dens,train,Aw,"Tropical, savannah",3,Tropical,Africa,"[-10, 10)"
UNHCR-SSDs008859,5.332849,30.458103,UNHCR,Forest,"Tree cover, broadleaved, deciduous, open (15‐40%)",Rural: Very Low Dens,train,Aw,"Tropical, savannah",3,Tropical,Africa,"[-10, 10)"
UNHCR-SSDs008863,5.017239,30.334085,UNHCR,Forest,"Tree cover, broadleaved, deciduous, open (15‐40%)",Rural: Very Low Dens,test,Aw,"Tropical, savannah",3,Tropical,Africa,"[-10, 10)"
UNHCR-SSDs025729,9.535665,29.58558,UNHCR,Other,Shrubland,Rural: Very Low Dens,train,Aw,"Tropical, savannah",3,Tropical,Africa,"[-10, 10)"
UNHCR-SSDs025750,7.66308,29.7824,UNHCR,Other,Shrubland,Rural: Very Low Dens,train,Aw,"Tropical, savannah",3,Tropical,Africa,"[-10, 10)"
UNHCR-SSDs025787,8.404986,31.378775,UNHCR,Other,Shrubland,Rural: Very Low Dens,train,Aw,"Tropical, savannah",3,Tropical,Africa,"[-10, 10)"
UNHCR-SSDs025827,7.407484,30.477198,UNHCR,Forest,"Tree cover, flooded, fresh or brakish water",Rural: Very Low Dens,test,Aw,"Tropical, savannah",3,Tropical,Africa,"[-10, 10)"
UNHCR-SSDs025830,8.79505,27.401529,UNHCR,Wetland,"Shrub or herbaceous cover, flooded, fresh/saline/brakish water",Rural: Very Low Dens,val,Aw,"Tropical, savannah",3,Tropical,Africa,"[-10, 10)"
UNHCR-SSDs025861,6.51414,29.6272,UNHCR,Other,Deciduous shrubland,Rural: Very Low Dens,train,Aw,"Tropical, savannah",3,Tropical,Africa,"[-10, 10)"
UNHCR-SSDs031317,9.109347,28.439564,UNHCR,Agriculture,"Mosaic cropland (>50%) / natural vegetation (tree, shrub, herbaceous cover) (<50%)",Rural: Very Low Dens,train,Aw,"Tropical, savannah",3,Tropical,Africa,"[-10, 10)"
UNHCR-SSDs031320,6.486,31.49,UNHCR,Wetland,"Shrub or herbaceous cover, flooded, fresh/saline/brakish water",Rural: Very Low Dens,train,Aw,"Tropical, savannah",3,Tropical,Africa,"[-10, 10)"
UNHCR-SSDs031328,7.775325,30.240703,UNHCR,Forest,Mosaic tree and shrub (>50%) / herbaceous cover (<50%),Rural: Very Low Dens,train,Aw,"Tropical, savannah",3,Tropical,Africa,"[-10, 10)"
UNHCR-SSDs031375,6.81981,32.6936,UNHCR,Other,Shrubland,Rural: Very Low Dens,train,Aw,"Tropical, savannah",3,Tropical,Africa,"[-10, 10)"
UNHCR-SSDs031396,6.909515,31.35832,UNHCR,Agriculture,"Mosaic natural vegetation (tree, shrub, herbaceous cover) (>50%) / cropland (<50%)",Rural: Very Low Dens,train,Aw,"Tropical, savannah",3,Tropical,Africa,"[-10, 10)"
UNHCR-SSDs031408,4.502189,32.583807,UNHCR,Other,Shrubland,Rural: Very Low Dens,train,Aw,"Tropical, savannah",3,Tropical,Africa,"[-10, 10)"
UNHCR-SVKs002322,47.997,17.409066,UNHCR,Settlement,Urban areas,Rural: Very Low Dens,train,Dfb,"Cold, no dry season, warm summer",26,Cold,Europe,"[30, 60)"
UNHCR-SVNs001482,46.055561,14.51324,UNHCR,Settlement,Urban areas,Urban: Centre,train,Dfb,"Cold, no dry season, warm summer",26,Cold,Europe,"[30, 60)"
UNHCR-SYRs001513,36.375067,41.151031,UNHCR,Other,Bare areas,Rural: Very Low Dens,train,BSh,"Arid, steppe, hot",6,Arid,Asia,"[30, 60)"
UNHCR-SYRs008164,36.652567,39.758539,UNHCR,Other,Bare areas,Rural: Very Low Dens,test,Csa,"Temperate, dry summer, hot summer",8,Temperate,Asia,"[30, 60)"
UNHCR-TCDs002402,7.9395,16.587944,UNHCR,Agriculture,"Mosaic natural vegetation (tree, shrub, herbaceous cover) (>50%) / cropland (<50%)",Rural: Very Low Dens,train,Aw,"Tropical, savannah",3,Tropical,Africa,"[-10, 10)"
UNHCR-TCDs002650,14.460339,21.941624,UNHCR,Grassland,Grassland,Rural: Very Low Dens,train,BWh,"Arid, desert, hot",4,Arid,Africa,"[10, 30)"
UNHCR-TCDs002655,13.595333,21.793667,UNHCR,Grassland,Grassland,Rural: Very Low Dens,train,BSh,"Arid, steppe, hot",6,Arid,Africa,"[10, 30)"
UNHCR-TCDs002885,12.001617,21.750483,UNHCR,Agriculture,"Mosaic natural vegetation (tree, shrub, herbaceous cover) (>50%) / cropland (<50%)",Rural: Very Low Dens,train,BSh,"Arid, steppe, hot",6,Arid,Africa,"[10, 30)"
UNHCR-TCDs002891,15.125917,22.126833,UNHCR,Grassland,Grassland,Rural: Very Low Dens,test,BWh,"Arid, desert, hot",4,Arid,Africa,"[10, 30)"
UNHCR-TCDs002892,12.226278,21.385803,UNHCR,Agriculture,"Mosaic cropland (>50%) / natural vegetation (tree, shrub, herbaceous cover) (<50%)",Rural: Very Low Dens,train,BSh,"Arid, steppe, hot",6,Arid,Africa,"[10, 30)"
UNHCR-TCDs002893,15.00045,22.267222,UNHCR,Other,Bare areas,Rural: Very Low Dens,train,BWh,"Arid, desert, hot",4,Arid,Africa,"[10, 30)"
UNHCR-TCDs002895,14.795667,22.342667,UNHCR,Grassland,Grassland,Rural: Very Low Dens,val,BWh,"Arid, desert, hot",4,Arid,Africa,"[10, 30)"
UNHCR-TCDs004590,11.892447,21.303533,UNHCR,Agriculture,"Cropland, irrigated or post‐flooding",Rural: Very Low Dens,train,BSh,"Arid, steppe, hot",6,Arid,Africa,"[10, 30)"
UNHCR-TCDs010035,7.74231,15.68999,UNHCR,Agriculture,"Mosaic cropland (>50%) / natural vegetation (tree, shrub, herbaceous cover) (<50%)",Rural: Very Low Dens,val,Aw,"Tropical, savannah",3,Tropical,Africa,"[-10, 10)"
UNHCR-TCDs015432,13.831459,14.058702,UNHCR,Grassland,Grassland,Rural: Very Low Dens,train,BWh,"Arid, desert, hot",4,Arid,Africa,"[10, 30)"
UNHCR-TCDs015436,13.7552,14.119142,UNHCR,Grassland,Grassland,Rural: Very Low Dens,train,BWh,"Arid, desert, hot",4,Arid,Africa,"[10, 30)"
UNHCR-TCDs015439,14.232778,13.915833,UNHCR,Other,Shrubland,Rural: Very Low Dens,train,BWh,"Arid, desert, hot",4,Arid,Africa,"[10, 30)"
UNHCR-TCDs028464,12.10672,15.0444,UNHCR,Settlement,Urban areas,Urban: Centre,train,BSh,"Arid, steppe, hot",6,Arid,Africa,"[10, 30)"
UNHCR-TCDs034550,10.539077,15.58042,UNHCR,Agriculture,"Cropland, rainfed",Rural: Very Low Dens,train,BSh,"Arid, steppe, hot",6,Arid,Africa,"[10, 30)"
UNHCR-TCDs034556,14.161483,14.079833,UNHCR,Other,"Sparse vegetation (tree, shrub, herbaceous cover) (<15%)",Rural: Very Low Dens,train,BWh,"Arid, desert, hot",4,Arid,Africa,"[10, 30)"
UNHCR-TCDs080006,13.533333,14.316667,UNHCR,Grassland,Grassland,Rural: Very Low Dens,val,BWh,"Arid, desert, hot",4,Arid,Africa,"[10, 30)"
UNHCR-TCDs080011,13.96478,13.70207,UNHCR,Wetland,"Shrub or herbaceous cover, flooded, fresh/saline/brakish water",Rural: Very Low Dens,train,BWh,"Arid, desert, hot",4,Arid,Africa,"[10, 30)"
UNHCR-TCDs080027,13.475833,14.5925,UNHCR,Grassland,Grassland,Rural: Very Low Dens,train,BWh,"Arid, desert, hot",4,Arid,Africa,"[10, 30)"
UNHCR-TCDs080051,13.481182,14.702776,UNHCR,Grassland,Grassland,Urban: Centre,unassigned,BWh,"Arid, desert, hot",4,Arid,Africa,"[10, 30)"
UNHCR-TCDs080055,13.634096,14.310765,UNHCR,Grassland,Grassland,Rural: Very Low Dens,train,BWh,"Arid, desert, hot",4,Arid,Africa,"[10, 30)"
UNHCR-TCDs080063,13.495887,14.467648,UNHCR,Grassland,Grassland,Rural: Very Low Dens,train,BWh,"Arid, desert, hot",4,Arid,Africa,"[10, 30)"
UNHCR-TCDs080066,13.2102,14.40804,UNHCR,Wetland,"Shrub or herbaceous cover, flooded, fresh/saline/brakish water",Water,train,BWh,"Arid, desert, hot",4,Arid,Africa,"[10, 30)"
UNHCR-TCDs080071,13.809309,13.856492,UNHCR,Wetland,"Shrub or herbaceous cover, flooded, fresh/saline/brakish water",Rural: Very Low Dens,unassigned,BWh,"Arid, desert, hot",4,Arid,Africa,"[10, 30)"
UNHCR-TCDs080080,13.40166,14.787057,UNHCR,Wetland,"Shrub or herbaceous cover, flooded, fresh/saline/brakish water",Rural: Very Low Dens,test,BWh,"Arid, desert, hot",4,Arid,Africa,"[10, 30)"
UNHCR-TCDs080100,13.613931,13.974535,UNHCR,Agriculture,"Mosaic cropland (>50%) / natural vegetation (tree, shrub, herbaceous cover) (<50%)",Rural: Very Low Dens,train,BWh,"Arid, desert, hot",4,Arid,Africa,"[10, 30)"
UNHCR-TCDs080133,14.409167,13.700556,UNHCR,Other,Bare areas,Rural: Very Low Dens,val,BWh,"Arid, desert, hot",4,Arid,Africa,"[10, 30)"
UNHCR-TCDs080135,14.299444,13.777778,UNHCR,Other,Bare areas,Rural: Very Low Dens,train,BWh,"Arid, desert, hot",4,Arid,Africa,"[10, 30)"
UNHCR-TCDs080151,7.788247,16.342348,UNHCR,Agriculture,"Mosaic natural vegetation (tree, shrub, herbaceous cover) (>50%) / cropland (<50%)",Rural: Very Low Dens,train,Aw,"Tropical, savannah",3,Tropical,Africa,"[-10, 10)"
UNHCR-TCDs080156,13.808279,21.184139,UNHCR,Grassland,Grassland,Rural: Very Low Dens,test,BSh,"Arid, steppe, hot",6,Arid,Africa,"[10, 30)"
UNHCR-TGOs003383,6.127,1.227,UNHCR,Settlement,Urban areas,Urban: Suburban,train,Aw,"Tropical, savannah",3,Tropical,Africa,"[-10, 10)"
UNHCR-THAs001547,13.717778,99.265694,UNHCR,Agriculture,"Cropland, rainfed",Rural: Very Low Dens,val,Aw,"Tropical, savannah",3,Tropical,Asia,"[10, 30)"
UNHCR-TUNs005728,36.49688,8.778332,UNHCR,Settlement,Urban areas,Urban: Centre,train,BSh,"Arid, steppe, hot",6,Arid,Africa,"[30, 60)"
UNHCR-TUNs005739,36.752446,10.22319,UNHCR,Settlement,Urban areas,Urban: Centre,train,Csa,"Temperate, dry summer, hot summer",8,Temperate,Africa,"[30, 60)"
UNHCR-TUNs005744,33.367384,10.50941,UNHCR,Agriculture,"Cropland, rainfed",Rural: Low Dens,train,BWh,"Arid, desert, hot",4,Arid,Africa,"[30, 60)"
UNHCR-TUNs005745,33.449661,11.069512,UNHCR,Other,Bare areas,Rural: Very Low Dens,train,BSh,"Arid, steppe, hot",6,Arid,Africa,"[30, 60)"
UNHCR-TURs003391,36.907104,30.696249,UNHCR,Settlement,Urban areas,Urban: Centre,train,Csa,"Temperate, dry summer, hot summer",8,Temperate,Asia,"[30, 60)"
UNHCR-TURs003394,40.196501,29.058916,UNHCR,Settlement,Urban areas,Urban: Centre,train,Csa,"Temperate, dry summer, hot summer",8,Temperate,Asia,"[30, 60)"
UNHCR-TURs003395,40.590989,33.610192,UNHCR,Agriculture,"Cropland, rainfed",Urban: Centre,train,BSk,"Arid, steppe, cold",7,Arid,Asia,"[30, 60)"
UNHCR-TURs003401,37.783097,30.552727,UNHCR,Settlement,Urban areas,Urban: Centre,train,Csa,"Temperate, dry summer, hot summer",8,Temperate,Asia,"[30, 60)"
UNHCR-TURs003402,41.021961,29.010786,UNHCR,Settlement,Urban areas,Urban: Centre,train,Csa,"Temperate, dry summer, hot summer",8,Temperate,Asia,"[30, 60)"
UNHCR-TURs003404,40.7757,29.9482,UNHCR,Settlement,Urban areas,Urban: Centre,val,Csa,"Temperate, dry summer, hot summer",8,Temperate,Asia,"[30, 60)"
UNHCR-TURs003410,39.146427,34.159773,UNHCR,Settlement,Urban areas,Urban: Centre,train,BSk,"Arid, steppe, cold",7,Arid,Asia,"[30, 60)"
UNHCR-TURs003415,41.288699,36.293869,UNHCR,Settlement,Urban areas,Urban: Centre,train,Cfa,"Temperate, no dry season, hot summer",14,Temperate,Asia,"[30, 60)"
UNHCR-TURs003418,39.738469,37.014766,UNHCR,Settlement,Urban areas,Urban: Centre,train,BSk,"Arid, steppe, cold",7,Arid,Asia,"[30, 60)"
UNHCR-TURs004191,39.915872,44.062264,UNHCR,Agriculture,"Cropland, rainfed",Urban: Suburban,val,BWk,"Arid, desert, cold",5,Arid,Asia,"[30, 60)"
UNHCR-TURs004193,38.346985,38.328741,UNHCR,Settlement,Urban areas,Rural: Low Dens,val,BSk,"Arid, steppe, cold",7,Arid,Asia,"[30, 60)"
UNHCR-TURs004202,40.458427,39.478261,UNHCR,Forest,Mosaic tree and shrub (>50%) / herbaceous cover (<50%),Rural: Very Low Dens,test,Dsb,"Cold, dry summer, warm summer",18,Cold,Asia,"[30, 60)"
UNHCR-TURs004237,36.98677,36.616805,UNHCR,Settlement,Urban areas,Rural: Very Low Dens,train,Csa,"Temperate, dry summer, hot summer",8,Temperate,Asia,"[30, 60)"
UNHCR-TURs004624,38.33955,38.151683,UNHCR,Agriculture,"Cropland, rainfed",Rural: Low Dens,train,BSk,"Arid, steppe, cold",7,Arid,Asia,"[30, 60)"
UNHCR-TURs004678,41.189968,32.606503,UNHCR,Settlement,Urban areas,Urban: Centre,train,Cfa,"Temperate, no dry season, hot summer",14,Temperate,Asia,"[30, 60)"
UNHCR-TURs004682,40.953633,37.897507,UNHCR,Settlement,Urban areas,Rural: cluster,train,Cfa,"Temperate, no dry season, hot summer",14,Temperate,Asia,"[30, 60)"
UNHCR-TURs004684,38.667754,39.206898,UNHCR,Settlement,Urban areas,Urban: Suburban,train,Dsa,"Cold, dry summer, hot summer",17,Cold,Asia,"[30, 60)"
UNHCR-TURs005124,36.875973,38.028668,UNHCR,Water,Water bodies,Rural: cluster,train,Csa,"Temperate, dry summer, hot summer",8,Temperate,Asia,"[30, 60)"
UNHCR-TURs005125,37.04668,37.895461,UNHCR,Agriculture,"Cropland, rainfed",Rural: Very Low Dens,train,Csa,"Temperate, dry summer, hot summer",8,Temperate,Asia,"[30, 60)"
UNHCR-TURs005186,37.755453,38.273492,UNHCR,Agriculture,Tree or shrub cover,Urban: Centre,train,Csa,"Temperate, dry summer, hot summer",8,Temperate,Asia,"[30, 60)"
UNHCR-TURs005204,37.562534,36.975606,UNHCR,Agriculture,"Cropland, irrigated or post‐flooding",Rural: Very Low Dens,test,Csa,"Temperate, dry summer, hot summer",8,Temperate,Asia,"[30, 60)"
UNHCR-TURs015705,41.009946,40.487688,UNHCR,Settlement,Urban areas,Rural: Low Dens,train,Cfa,"Temperate, no dry season, hot summer",14,Temperate,Asia,"[30, 60)"
UNHCR-TURs015706,39.099212,39.543511,UNHCR,Forest,Mosaic tree and shrub (>50%) / herbaceous cover (<50%),Rural: Very Low Dens,train,Dsa,"Cold, dry summer, hot summer",17,Cold,Asia,"[30, 60)"
UNHCR-TZAs001526,-3.42658,30.8871,UNHCR,Forest,"Tree cover, broadleaved, deciduous, closed to open (>15%)",Rural: Very Low Dens,val,Aw,"Tropical, savannah",3,Tropical,Africa,"[-10, 10)"
UNHCR-TZAs001529,-3.68859,30.7893,UNHCR,Forest,"Tree cover, broadleaved, deciduous, open (15‐40%)",Rural: Very Low Dens,train,Aw,"Tropical, savannah",3,Tropical,Africa,"[-10, 10)"
UNHCR-TZAs004687,-6.335308,31.239505,UNHCR,Agriculture,Herbaceous cover,Rural: Very Low Dens,train,Aw,"Tropical, savannah",3,Tropical,Africa,"[-10, 10)"
UNHCR-TZAs004904,-4.859914,29.625909,UNHCR,Water,Water bodies,Urban: Centre,train,Aw,"Tropical, savannah",3,Tropical,Africa,"[-10, 10)"
UNHCR-TZAs006127,-5.683295,30.681636,UNHCR,Agriculture,Herbaceous cover,Rural: Very Low Dens,train,Aw,"Tropical, savannah",3,Tropical,Africa,"[-10, 10)"
UNHCR-TZAs011872,-4.441124,29.76726,UNHCR,Agriculture,Herbaceous cover,Rural: Low Dens,train,Cwb,"Temperate, dry winter, warm summer",12,Temperate,Africa,"[-10, 10)"
UNHCR-UGAs001883,3.072928,31.282122,UNHCR,Agriculture,"Mosaic cropland (>50%) / natural vegetation (tree, shrub, herbaceous cover) (<50%)",Rural: Low Dens,train,Aw,"Tropical, savannah",3,Tropical,Africa,"[-10, 10)"
UNHCR-UGAs001941,0.370556,31.106944,UNHCR,Agriculture,"Cropland, rainfed",Rural: cluster,train,Aw,"Tropical, savannah",3,Tropical,Africa,"[-10, 10)"
UNHCR-UGAs004663,3.299444,31.866389,UNHCR,Agriculture,"Mosaic cropland (>50%) / natural vegetation (tree, shrub, herbaceous cover) (<50%)",Rural: Very Low Dens,train,Aw,"Tropical, savannah",3,Tropical,Africa,"[-10, 10)"
UNHCR-UGAs029287,3.506606,30.932606,UNHCR,Agriculture,"Mosaic natural vegetation (tree, shrub, herbaceous cover) (>50%) / cropland (<50%)",Urban: Dense,train,Aw,"Tropical, savannah",3,Tropical,Africa,"[-10, 10)"
UNHCR-UGAs032263,3.677087,30.98184,UNHCR,Forest,"Tree cover, broadleaved, deciduous, open (15‐40%)",Rural: Very Low Dens,train,Aw,"Tropical, savannah",3,Tropical,Africa,"[-10, 10)"
UNHCR-UGAs032269,1.149811,30.752222,UNHCR,Agriculture,"Cropland, rainfed",Rural: Very Low Dens,train,Aw,"Tropical, savannah",3,Tropical,Africa,"[-10, 10)"
UNHCR-UGAs990098,3.253135,31.277129,UNHCR,Agriculture,"Cropland, rainfed",Rural: Very Low Dens,val,Aw,"Tropical, savannah",3,Tropical,Africa,"[-10, 10)"
UNHCR-UZBs003427,40.99528,71.6725,UNHCR,Settlement,Urban areas,Urban: Centre,train,BWk,"Arid, desert, cold",5,Arid,Asia,"[30, 60)"
UNHCR-UZBs003429,41.311,69.295,UNHCR,Settlement,Urban areas,Urban: Centre,train,Csa,"Temperate, dry summer, hot summer",8,Temperate,Asia,"[30, 60)"
UNHCR-YEMs001616,12.771832,44.031895,UNHCR,Other,Bare areas,Rural: Very Low Dens,train,BWh,"Arid, desert, hot",4,Arid,Asia,"[10, 30)"
UNHCR-YEMs004674,17.45547,50.5777,UNHCR,Other,Bare areas,Rural: Very Low Dens,train,BWh,"Arid, desert, hot",4,Arid,Asia,"[10, 30)"
UNHCR-YEMs004679,15.560561,44.309027,UNHCR,Other,Bare areas,Rural: Very Low Dens,train,BWh,"Arid, desert, hot",4,Arid,Asia,"[10, 30)"
UNHCR-YEMs004682,14.134955,44.172693,UNHCR,Agriculture,"Cropland, irrigated or post‐flooding",Rural: Very Low Dens,train,BSh,"Arid, steppe, hot",6,Arid,Asia,"[10, 30)"
UNHCR-YEMs035290,15.358,44.205,UNHCR,Settlement,Urban areas,Urban: Centre,val,BWh,"Arid, desert, hot",4,Arid,Asia,"[10, 30)"
UNHCR-ZAFs015386,-28.746838,24.770002,UNHCR,Settlement,Urban areas,Urban: Suburban,val,BSk,"Arid, steppe, cold",7,Arid,Africa,"[-30, -10)"
UNHCR-ZMBs001622,-12.497463,25.8816,UNHCR,Other,Shrubland,Rural: Very Low Dens,train,Cwa,"Temperate, dry winter, hot summer",11,Temperate,Africa,"[-30, -10)"
UNHCR-ZWEs002069,-20.261911,32.357383,UNHCR,Wetland,"Shrub or herbaceous cover, flooded, fresh/saline/brakish water",Rural: Very Low Dens,train,BSh,"Arid, steppe, hot",6,Arid,Africa,"[-30, -10)"
UNHCR-ZWEs002071,-20.423681,32.703006,UNHCR,Grassland,Grassland,Rural: Very Low Dens,train,Cwa,"Temperate, dry winter, hot summer",11,Temperate,Africa,"[-30, -10)"
UNHCR-ZWEs002072,-18.229395,32.735772,UNHCR,Settlement,Urban areas,Rural: Very Low Dens,train,Cwb,"Temperate, dry winter, warm summer",12,Temperate,Africa,"[-30, -10)"
UNHCR-ZWEs002079,-20.903094,32.496739,UNHCR,Agriculture,"Cropland, rainfed",Rural: Very Low Dens,train,BSh,"Arid, steppe, hot",6,Arid,Africa,"[-30, -10)"
UNHCR-ZWEs002088,-20.344131,32.656519,UNHCR,Forest,"Tree cover, broadleaved, deciduous, open (15‐40%)",Rural: Very Low Dens,train,Cwa,"Temperate, dry winter, hot summer",11,Temperate,Africa,"[-30, -10)"
